{
  "type": "FeatureCollection",
  "crs": {
    "type": "name",
    "properties": {
      "name": "EPSG:4326"
    }
  },
  "features": [
    {
      "type": "Feature",
      "geometry": {
        "type": "Polygon",
        "coordinates": [
          [
            [
              -87.6288039792783,
              41.8019008750868
            ],
            [
              -87.628799937701,
              41.8017669406724
            ],
            [
              -87.6288002788874,
              41.801610175749
            ],
            [
              -87.628800546388,
              41.8015021216221
            ],
            [
              -87.6288300281997,
              41.8012800157125
            ],
            [
              -87.6288505770893,
              41.8010362435194
            ],
            [
              -87.6288547556556,
              41.8009059158114
            ],
            [
              -87.628847717528,
              41.8005858211733
            ],
            [
              -87.6288381845623,
              41.8003260848508
            ],
            [
              -87.6288227407961,
              41.7996014999047
            ],
            [
              -87.6288151092959,
              41.7993774511316
            ],
            [
              -87.6286908668918,
              41.799378061234
            ],
            [
              -87.6286889483252,
              41.7992884204093
            ],
            [
              -87.6286857120082,
              41.7991372189115
            ],
            [
              -87.6286661102533,
              41.7984575456354
            ],
            [
              -87.6286632473027,
              41.7983422682332
            ],
            [
              -87.6286610643315,
              41.7982484459543
            ],
            [
              -87.6286589498914,
              41.7981487702664
            ],
            [
              -87.6286549109982,
              41.7979734544735
            ],
            [
              -87.6286170690783,
              41.7965317879771
            ],
            [
              -87.6285885124657,
              41.795623598152
            ],
            [
              -87.6285641077546,
              41.794713032403
            ],
            [
              -87.6285611479124,
              41.7946071246868
            ],
            [
              -87.6286340596886,
              41.7946054772685
            ],
            [
              -87.6288916025107,
              41.7945996574394
            ],
            [
              -87.6293466762435,
              41.7945919916772
            ],
            [
              -87.6295716713643,
              41.7945909382876
            ],
            [
              -87.6297274980398,
              41.7945902083724
            ],
            [
              -87.6298466818554,
              41.794590030763
            ],
            [
              -87.6302104031097,
              41.7945894880293
            ],
            [
              -87.6303937393947,
              41.7945849565267
            ],
            [
              -87.6305189978807,
              41.7945710536308
            ],
            [
              -87.6306776181306,
              41.7945564613996
            ],
            [
              -87.6307743288353,
              41.794553940334
            ],
            [
              -87.6308842422806,
              41.7945510748305
            ],
            [
              -87.6309723234305,
              41.7945487782768
            ],
            [
              -87.6311707574525,
              41.7945436045683
            ],
            [
              -87.6314028173409,
              41.7945425087194
            ],
            [
              -87.6315735291495,
              41.7945417023197
            ],
            [
              -87.6316688398119,
              41.7945412521155
            ],
            [
              -87.6317873775166,
              41.7945406917557
            ],
            [
              -87.6320466391565,
              41.7945394659864
            ],
            [
              -87.6321460261203,
              41.7945389960878
            ],
            [
              -87.6323492253769,
              41.7945355882076
            ],
            [
              -87.632689494363,
              41.7945298804323
            ],
            [
              -87.6330041826274,
              41.7945223982215
            ],
            [
              -87.633200247336,
              41.7945177362092
            ],
            [
              -87.6335714649191,
              41.7945155523103
            ],
            [
              -87.6336370057065,
              41.7945147874026
            ],
            [
              -87.6338172730907,
              41.7945125599932
            ],
            [
              -87.6340338844038,
              41.7945100804318
            ],
            [
              -87.6342178670102,
              41.7945067723562
            ],
            [
              -87.6351422183621,
              41.7944901475056
            ],
            [
              -87.6353678775629,
              41.7944857475528
            ],
            [
              -87.6354100570493,
              41.7944849250401
            ],
            [
              -87.6354162177789,
              41.7944848046726
            ],
            [
              -87.6354632422907,
              41.7944838875339
            ],
            [
              -87.6354645006332,
              41.7945366455347
            ],
            [
              -87.6354666290744,
              41.794593945397
            ],
            [
              -87.6354743284277,
              41.7948138779339
            ],
            [
              -87.6354760063201,
              41.7948704889853
            ],
            [
              -87.635479243316,
              41.7949875290358
            ],
            [
              -87.6354792988545,
              41.7949895423055
            ],
            [
              -87.6354851491614,
              41.7952108360106
            ],
            [
              -87.6354907427957,
              41.7954136036835
            ],
            [
              -87.6354969358624,
              41.7956033399175
            ],
            [
              -87.6354993887769,
              41.7956729910162
            ],
            [
              -87.635506897624,
              41.7960795333573
            ],
            [
              -87.6355112528219,
              41.7962274086318
            ],
            [
              -87.6355130386787,
              41.7962740720231
            ],
            [
              -87.6355196042934,
              41.7964717003055
            ],
            [
              -87.6355189139559,
              41.7966198874071
            ],
            [
              -87.6355111894192,
              41.7966980525549
            ],
            [
              -87.6355065319316,
              41.7969583881224
            ],
            [
              -87.6354974193312,
              41.7971644970265
            ],
            [
              -87.6355011545207,
              41.7976653513333
            ],
            [
              -87.6355174920427,
              41.798314473403
            ],
            [
              -87.635530914569,
              41.7986829745653
            ],
            [
              -87.6355369211852,
              41.7988476679838
            ],
            [
              -87.6355448907278,
              41.7991694840166
            ],
            [
              -87.6355699074304,
              41.7997370159767
            ],
            [
              -87.6355723869354,
              41.7998042659397
            ],
            [
              -87.6355828270103,
              41.8001096306854
            ],
            [
              -87.6356014165577,
              41.8005090365515
            ],
            [
              -87.6356080976966,
              41.8006538379725
            ],
            [
              -87.6356393858846,
              41.8008968968982
            ],
            [
              -87.6356893287747,
              41.8011952974817
            ],
            [
              -87.6357050394781,
              41.801479769286
            ],
            [
              -87.6357107453317,
              41.8016722466342
            ],
            [
              -87.6357142354076,
              41.8017731106812
            ],
            [
              -87.6357175098565,
              41.8018938883878
            ],
            [
              -87.6357227908265,
              41.8020832761002
            ],
            [
              -87.6357313095766,
              41.8023968616134
            ],
            [
              -87.6357363585776,
              41.8027344387657
            ],
            [
              -87.6357566385624,
              41.8034007359325
            ],
            [
              -87.6357689775006,
              41.8039115899578
            ],
            [
              -87.635791792317,
              41.8047247213269
            ],
            [
              -87.6358037095953,
              41.8051899490312
            ],
            [
              -87.635813149639,
              41.8055453904958
            ],
            [
              -87.6358249968183,
              41.8060171353691
            ],
            [
              -87.6358449682063,
              41.8066275153244
            ],
            [
              -87.6358567512625,
              41.8070628983051
            ],
            [
              -87.6358653069996,
              41.8073308604162
            ],
            [
              -87.6358758620202,
              41.8076681276737
            ],
            [
              -87.6358840346671,
              41.8079714200075
            ],
            [
              -87.6359011473811,
              41.8083804212961
            ],
            [
              -87.6359126076663,
              41.8088456456496
            ],
            [
              -87.6359202388371,
              41.8089029790471
            ],
            [
              -87.6359236612699,
              41.8090521331899
            ],
            [
              -87.6358287562528,
              41.8090540547975
            ],
            [
              -87.6357800932112,
              41.8090550400545
            ],
            [
              -87.6358272198753,
              41.8094302757278
            ],
            [
              -87.6358309320485,
              41.8094920757895
            ],
            [
              -87.6358356384243,
              41.8096131697986
            ],
            [
              -87.6358368684134,
              41.8096904920596
            ],
            [
              -87.6358386952322,
              41.8098053437362
            ],
            [
              -87.6358387719656,
              41.809810172483
            ],
            [
              -87.6358397885295,
              41.8098101594457
            ],
            [
              -87.6358399099584,
              41.8098101579876
            ],
            [
              -87.6358399903018,
              41.8098101568289
            ],
            [
              -87.6358579484462,
              41.8105199405237
            ],
            [
              -87.6358672918498,
              41.8109262481583
            ],
            [
              -87.6362537421884,
              41.8109187812513
            ],
            [
              -87.6363853413895,
              41.8109162323098
            ],
            [
              -87.6363019055225,
              41.8112537105851
            ],
            [
              -87.6362758826948,
              41.8113701844183
            ],
            [
              -87.6362516892799,
              41.8114870123794
            ],
            [
              -87.6362307025959,
              41.8116042028281
            ],
            [
              -87.636211549435,
              41.8117214043978
            ],
            [
              -87.6362060634175,
              41.8117621924855
            ],
            [
              -87.6361951434381,
              41.8118389659432
            ],
            [
              -87.6361814887119,
              41.8119565439072
            ],
            [
              -87.6361657830924,
              41.8122209279069
            ],
            [
              -87.6361637521824,
              41.8124082124067
            ],
            [
              -87.6361610429271,
              41.8126157318165
            ],
            [
              -87.6361622083634,
              41.8126775298244
            ],
            [
              -87.6362111336198,
              41.8147620590198
            ],
            [
              -87.6362286404849,
              41.8154310824563
            ],
            [
              -87.6362276770883,
              41.8155199222172
            ],
            [
              -87.6362253414772,
              41.8156084108893
            ],
            [
              -87.6362216310325,
              41.8156968909419
            ],
            [
              -87.6362169990711,
              41.815785709258
            ],
            [
              -87.6361677275507,
              41.8163545394597
            ],
            [
              -87.6360943468487,
              41.8163558654943
            ],
            [
              -87.6360030675982,
              41.8163575147744
            ],
            [
              -87.6360015272848,
              41.8163575424713
            ],
            [
              -87.6359802145826,
              41.8163579273618
            ],
            [
              -87.6358388903028,
              41.8163594170285
            ],
            [
              -87.6357214909695,
              41.8163605265708
            ],
            [
              -87.6358281484279,
              41.8172644813225
            ],
            [
              -87.6358936204114,
              41.8181616445295
            ],
            [
              -87.6360413006409,
              41.8181598599566
            ],
            [
              -87.6360421130721,
              41.8182116144687
            ],
            [
              -87.6360427172841,
              41.8182454654513
            ],
            [
              -87.6360435394978,
              41.8182915500796
            ],
            [
              -87.6360543804911,
              41.8186449410276
            ],
            [
              -87.6360619800421,
              41.8189588633569
            ],
            [
              -87.6360632523429,
              41.8190106692269
            ],
            [
              -87.6360631330014,
              41.8190120999151
            ],
            [
              -87.6360591414337,
              41.8190598628026
            ],
            [
              -87.6360391307324,
              41.8190602989655
            ],
            [
              -87.6360720166275,
              41.8197519246325
            ],
            [
              -87.6360755130974,
              41.819825454758
            ],
            [
              -87.6360758888577,
              41.8198333597198
            ],
            [
              -87.6360819339522,
              41.8199604907976
            ],
            [
              -87.6360825194341,
              41.8199728037845
            ],
            [
              -87.6360873060947,
              41.82028026322
            ],
            [
              -87.6361109486093,
              41.8217987796116
            ],
            [
              -87.6360829824416,
              41.8217991836825
            ],
            [
              -87.6360926447969,
              41.8221348579293
            ],
            [
              -87.6360990422525,
              41.8225173798219
            ],
            [
              -87.6361046197333,
              41.8228909775571
            ],
            [
              -87.6361192630226,
              41.8234011580352
            ],
            [
              -87.6361236259179,
              41.8235936237457
            ],
            [
              -87.6360928371411,
              41.823594308438
            ],
            [
              -87.6360451913954,
              41.8235953682954
            ],
            [
              -87.6357454838125,
              41.8236020329754
            ],
            [
              -87.6354594570195,
              41.823605619143
            ],
            [
              -87.6351140318632,
              41.8236092282979
            ],
            [
              -87.6347696179542,
              41.8236108664148
            ],
            [
              -87.6344760370996,
              41.8236141300391
            ],
            [
              -87.6340995219899,
              41.8236190834974
            ],
            [
              -87.6339696686892,
              41.8236211318908
            ],
            [
              -87.6337689068759,
              41.8236237623081
            ],
            [
              -87.6335004569214,
              41.8236270886755
            ],
            [
              -87.6334227409106,
              41.8236279675246
            ],
            [
              -87.6332422780714,
              41.8236305351962
            ],
            [
              -87.6329163597857,
              41.8236351740424
            ],
            [
              -87.6327106359338,
              41.8236390670987
            ],
            [
              -87.6326592500042,
              41.8236391400477
            ],
            [
              -87.6325521146461,
              41.8236385402563
            ],
            [
              -87.6321497757395,
              41.8236362871486
            ],
            [
              -87.6318044422986,
              41.823644908649
            ],
            [
              -87.6316208081521,
              41.8236489736318
            ],
            [
              -87.6313451227429,
              41.8236533649325
            ],
            [
              -87.6310222512074,
              41.8236585074245
            ],
            [
              -87.6309055530492,
              41.8236603657692
            ],
            [
              -87.6306512002032,
              41.8236644157637
            ],
            [
              -87.6304534882443,
              41.8236675324292
            ],
            [
              -87.6303021918878,
              41.823669699029
            ],
            [
              -87.6300382625416,
              41.8236734777432
            ],
            [
              -87.6299295088839,
              41.8236750343934
            ],
            [
              -87.6298551290346,
              41.8236760992075
            ],
            [
              -87.6296465999034,
              41.8236797028511
            ],
            [
              -87.6294717338005,
              41.8236827242464
            ],
            [
              -87.629389862668,
              41.8236839064124
            ],
            [
              -87.6293622691942,
              41.8236843048176
            ],
            [
              -87.6293597087501,
              41.8235835873128
            ],
            [
              -87.6293587801529,
              41.8235427606043
            ],
            [
              -87.6293561444932,
              41.8233647096521
            ],
            [
              -87.6293685369203,
              41.8232800562599
            ],
            [
              -87.6293623797197,
              41.8232141560388
            ],
            [
              -87.629356628131,
              41.82315306105
            ],
            [
              -87.629345111061,
              41.8230322425709
            ],
            [
              -87.6293386412474,
              41.822701861094
            ],
            [
              -87.6293297050616,
              41.8223872443122
            ],
            [
              -87.6293201863849,
              41.8220839437853
            ],
            [
              -87.6293172806666,
              41.8219305898446
            ],
            [
              -87.6293157881685,
              41.8218575150341
            ],
            [
              -87.6293075404461,
              41.821563827217
            ],
            [
              -87.6292967552869,
              41.8211668709034
            ],
            [
              -87.6292832598552,
              41.8207661245766
            ],
            [
              -87.6292808616401,
              41.8206083145444
            ],
            [
              -87.6292788387424,
              41.820499903147
            ],
            [
              -87.6292767857835,
              41.8203942363836
            ],
            [
              -87.6292718503052,
              41.8201750071622
            ],
            [
              -87.629267268479,
              41.8200490856139
            ],
            [
              -87.6292651708241,
              41.8199475347015
            ],
            [
              -87.6292647234024,
              41.8199046527124
            ],
            [
              -87.6292608817343,
              41.8197948582919
            ],
            [
              -87.6292007094904,
              41.8194689501918
            ],
            [
              -87.6291979242305,
              41.8192627696806
            ],
            [
              -87.6291964562357,
              41.8191686521813
            ],
            [
              -87.6291935972751,
              41.8190716732083
            ],
            [
              -87.6291882822229,
              41.818887088319
            ],
            [
              -87.6291764564722,
              41.8184595954029
            ],
            [
              -87.6291642447973,
              41.8180255827155
            ],
            [
              -87.6291529943091,
              41.8175874592033
            ],
            [
              -87.6291432511366,
              41.8171791885932
            ],
            [
              -87.6291313287912,
              41.8167187636762
            ],
            [
              -87.6291293553921,
              41.8166058933379
            ],
            [
              -87.6291276418158,
              41.8165530555705
            ],
            [
              -87.6291245665657,
              41.8164583551689
            ],
            [
              -87.6291245577043,
              41.8164580924876
            ],
            [
              -87.6291214355828,
              41.816366063896
            ],
            [
              -87.629099342883,
              41.8156620222668
            ],
            [
              -87.6290741830621,
              41.8147356755363
            ],
            [
              -87.6290715067675,
              41.814645103429
            ],
            [
              -87.6290693041387,
              41.8145531513846
            ],
            [
              -87.6290679138752,
              41.8145126648145
            ],
            [
              -87.6290510045382,
              41.8139215130271
            ],
            [
              -87.6290318328816,
              41.813243902647
            ],
            [
              -87.6290285367842,
              41.8131262216487
            ],
            [
              -87.6290255336218,
              41.8130182662338
            ],
            [
              -87.6290229443431,
              41.8129251686644
            ],
            [
              -87.6290040057465,
              41.8122262920079
            ],
            [
              -87.6290017815612,
              41.8121364033499
            ],
            [
              -87.6290017798745,
              41.8121363564124
            ],
            [
              -87.6289994999129,
              41.8120516598547
            ],
            [
              -87.6289786942255,
              41.8112721579899
            ],
            [
              -87.6289774953435,
              41.811214177811
            ],
            [
              -87.6289790436307,
              41.8111565575109
            ],
            [
              -87.628982888108,
              41.8110986082556
            ],
            [
              -87.6289890212537,
              41.8110410160674
            ],
            [
              -87.6289964359047,
              41.8109920075985
            ],
            [
              -87.6290020199905,
              41.8109426448699
            ],
            [
              -87.6290062289768,
              41.8108932737092
            ],
            [
              -87.6290090625001,
              41.8108438941142
            ],
            [
              -87.6290100624453,
              41.8107945032761
            ],
            [
              -87.6290101484431,
              41.8107447637992
            ],
            [
              -87.6290084497184,
              41.8106905539302
            ],
            [
              -87.6290119675329,
              41.8106205964579
            ],
            [
              -87.6290164019385,
              41.8105506446047
            ],
            [
              -87.6290226665069,
              41.8104810470065
            ],
            [
              -87.6290298476615,
              41.8104114547526
            ],
            [
              -87.629037867219,
              41.8103490719119
            ],
            [
              -87.6290435988471,
              41.8102863317333
            ],
            [
              -87.629046574353,
              41.81022391769
            ],
            [
              -87.6290472619407,
              41.8101611465838
            ],
            [
              -87.6290410235005,
              41.8099353915979
            ],
            [
              -87.629023866526,
              41.8092831773921
            ],
            [
              -87.6290216604082,
              41.8091915739012
            ],
            [
              -87.6290216567071,
              41.8091914429765
            ],
            [
              -87.6290186166225,
              41.8090927612716
            ],
            [
              -87.6290149069067,
              41.8089709612378
            ],
            [
              -87.6289980638403,
              41.8088343301851
            ],
            [
              -87.628984921371,
              41.8084853833757
            ],
            [
              -87.6289883785057,
              41.8083790638324
            ],
            [
              -87.6289869620715,
              41.8083409783008
            ],
            [
              -87.6289719747769,
              41.8078674988347
            ],
            [
              -87.6289720498051,
              41.8077769378634
            ],
            [
              -87.6289957614843,
              41.8076213452306
            ],
            [
              -87.6290228478498,
              41.8074088297927
            ],
            [
              -87.6290305214112,
              41.8072524530115
            ],
            [
              -87.6290263381381,
              41.8070901722127
            ],
            [
              -87.6290167212573,
              41.8067124319998
            ],
            [
              -87.6290029026824,
              41.8062578262095
            ],
            [
              -87.6289939735391,
              41.8059847154965
            ],
            [
              -87.6289834502848,
              41.8056477910695
            ],
            [
              -87.6289733754225,
              41.805144496926
            ],
            [
              -87.6289705343274,
              41.8050271618621
            ],
            [
              -87.6289617405062,
              41.8046580024301
            ],
            [
              -87.6289454762558,
              41.8041755956503
            ],
            [
              -87.6289383360301,
              41.8038229119787
            ],
            [
              -87.6289339959602,
              41.803633187051
            ],
            [
              -87.6289267537874,
              41.8033734651924
            ],
            [
              -87.6289207042308,
              41.8032979604071
            ],
            [
              -87.6289164166598,
              41.8032289840894
            ],
            [
              -87.6289022386298,
              41.8031421093023
            ],
            [
              -87.6288517923382,
              41.8028924135194
            ],
            [
              -87.6288358381958,
              41.8027585320345
            ],
            [
              -87.6288275898619,
              41.802674437877
            ],
            [
              -87.6288138219555,
              41.8022572228788
            ],
            [
              -87.6288039792783,
              41.8019008750868
            ]
          ]
        ]
      },
      "properties": {
        "COMMUNITY": "FULLER PARK",
        "AREA_NUMBER": "37",
        "tier": 1,
        "tier_label": "> 4,000"
      }
    },
    {
      "type": "Feature",
      "geometry": {
        "type": "Polygon",
        "coordinates": [
          [
            [
              -87.6067138625267,
              41.8168216157607
            ],
            [
              -87.6067105464339,
              41.8165869301825
            ],
            [
              -87.6067059633577,
              41.8163465578582
            ],
            [
              -87.6067015522345,
              41.8161072019921
            ],
            [
              -87.6066955579221,
              41.8158196466814
            ],
            [
              -87.6066893089538,
              41.81557415944
            ],
            [
              -87.6066823423027,
              41.815307756292
            ],
            [
              -87.6066853731836,
              41.8150020121894
            ],
            [
              -87.6066880956397,
              41.8147273790371
            ],
            [
              -87.6066772714714,
              41.8142894892781
            ],
            [
              -87.6066698775714,
              41.8140024464346
            ],
            [
              -87.6066621720813,
              41.8136683647628
            ],
            [
              -87.6066566309602,
              41.8134284253395
            ],
            [
              -87.6066526864116,
              41.8131810439319
            ],
            [
              -87.6066492039661,
              41.8129626202672
            ],
            [
              -87.606641100989,
              41.8126637176088
            ],
            [
              -87.606634410698,
              41.8124118058394
            ],
            [
              -87.606630902633,
              41.8122483895815
            ],
            [
              -87.6066288379158,
              41.8121422280046
            ],
            [
              -87.6066249202007,
              41.8119436275545
            ],
            [
              -87.6066191047999,
              41.8117441643668
            ],
            [
              -87.606614838413,
              41.8115861495125
            ],
            [
              -87.6066106872348,
              41.8113618666471
            ],
            [
              -87.6066039753027,
              41.8109992451636
            ],
            [
              -87.6065968829829,
              41.8107050689482
            ],
            [
              -87.6065914138808,
              41.8104879622216
            ],
            [
              -87.6065857400097,
              41.810259767321
            ],
            [
              -87.6065821863179,
              41.8100762906121
            ],
            [
              -87.6065810841595,
              41.8100193942712
            ],
            [
              -87.6065775496938,
              41.8098258456382
            ],
            [
              -87.6065709163393,
              41.8095406007653
            ],
            [
              -87.6065631346797,
              41.8092059873331
            ],
            [
              -87.6065581213875,
              41.8090134721408
            ],
            [
              -87.6065539931845,
              41.8088140469677
            ],
            [
              -87.6065501730082,
              41.8086321868259
            ],
            [
              -87.6065440248664,
              41.8083394986455
            ],
            [
              -87.6065398371655,
              41.8081453423565
            ],
            [
              -87.6065359487957,
              41.8079636464185
            ],
            [
              -87.6065320951591,
              41.8077231285107
            ],
            [
              -87.6065288944732,
              41.807523365029
            ],
            [
              -87.6065254751797,
              41.807394280088
            ],
            [
              -87.606519802984,
              41.8071302722687
            ],
            [
              -87.606515274135,
              41.8069241210179
            ],
            [
              -87.6065081746553,
              41.8066306303418
            ],
            [
              -87.6065021090351,
              41.8063787225322
            ],
            [
              -87.6064993843487,
              41.8061492837604
            ],
            [
              -87.6064931941811,
              41.8059013579106
            ],
            [
              -87.6064835788558,
              41.8055162162855
            ],
            [
              -87.6064815413791,
              41.8053635392592
            ],
            [
              -87.6064773471116,
              41.8051329934373
            ],
            [
              -87.6064638032696,
              41.8045465105499
            ],
            [
              -87.6064597408872,
              41.804354275645
            ],
            [
              -87.6064543642495,
              41.8040892991789
            ],
            [
              -87.6064350541251,
              41.8031722415562
            ],
            [
              -87.6064304215159,
              41.8029504468457
            ],
            [
              -87.6064216514121,
              41.8025192926622
            ],
            [
              -87.6064129409116,
              41.8022590050199
            ],
            [
              -87.6067753486991,
              41.8022475689779
            ],
            [
              -87.6073900384688,
              41.802238400095
            ],
            [
              -87.6076617456704,
              41.802234346168
            ],
            [
              -87.6078915636382,
              41.8022307501857
            ],
            [
              -87.6091274080516,
              41.8022114052666
            ],
            [
              -87.6097743829589,
              41.8022012943181
            ],
            [
              -87.6100460997529,
              41.8021963615811
            ],
            [
              -87.6102457698403,
              41.8021927365405
            ],
            [
              -87.6107139155181,
              41.8021854188072
            ],
            [
              -87.6111142683164,
              41.8021794293029
            ],
            [
              -87.6112921403025,
              41.8021768956541
            ],
            [
              -87.6115914670279,
              41.8021726314371
            ],
            [
              -87.6122379235572,
              41.8021628598354
            ],
            [
              -87.6125089701503,
              41.8021588245976
            ],
            [
              -87.6128512173415,
              41.8021537278789
            ],
            [
              -87.6137976598746,
              41.8021396817041
            ],
            [
              -87.6140770636898,
              41.8021356813913
            ],
            [
              -87.6141982931733,
              41.8021339455592
            ],
            [
              -87.6143363062187,
              41.8021319691448
            ],
            [
              -87.6146484301195,
              41.8021274990626
            ],
            [
              -87.6149733633995,
              41.8021226480208
            ],
            [
              -87.6153964280399,
              41.8021157337334
            ],
            [
              -87.6155029478361,
              41.8021146749094
            ],
            [
              -87.6157158343883,
              41.8021131570061
            ],
            [
              -87.6158639447095,
              41.8021121002443
            ],
            [
              -87.6160814885172,
              41.8021106049882
            ],
            [
              -87.6161164822203,
              41.8021103646353
            ],
            [
              -87.6162776469147,
              41.8021092579429
            ],
            [
              -87.6163534641228,
              41.8021087347329
            ],
            [
              -87.6165545980747,
              41.8021056712612
            ],
            [
              -87.6166403210955,
              41.8021043655309
            ],
            [
              -87.6168567714482,
              41.8021010680488
            ],
            [
              -87.6169221899542,
              41.8021000712562
            ],
            [
              -87.6173519609856,
              41.8020935760635
            ],
            [
              -87.6174711063545,
              41.8020917752131
            ],
            [
              -87.6177522793336,
              41.8020873184152
            ],
            [
              -87.6179711286514,
              41.8020838490868
            ],
            [
              -87.6184777911653,
              41.8020758155613
            ],
            [
              -87.6184926082062,
              41.8020755674762
            ],
            [
              -87.6185566073954,
              41.8020744953321
            ],
            [
              -87.6186370321783,
              41.8020731480089
            ],
            [
              -87.6190631434893,
              41.802066009748
            ],
            [
              -87.6194128363371,
              41.8020608261588
            ],
            [
              -87.6198561783347,
              41.8020542528051
            ],
            [
              -87.6202303801657,
              41.8020481591085
            ],
            [
              -87.6203133939124,
              41.8020468071986
            ],
            [
              -87.6204369048334,
              41.802044795458
            ],
            [
              -87.6210325738104,
              41.8020346758976
            ],
            [
              -87.6214639971174,
              41.8020273445948
            ],
            [
              -87.6218455569737,
              41.802020955882
            ],
            [
              -87.6219186101615,
              41.8020197326696
            ],
            [
              -87.6224540283502,
              41.8020114115432
            ],
            [
              -87.6226550835413,
              41.8020087200018
            ],
            [
              -87.6228942454738,
              41.8020055178924
            ],
            [
              -87.6232996438696,
              41.80199740402
            ],
            [
              -87.6234591066983,
              41.8019945431694
            ],
            [
              -87.6239651929955,
              41.8019854618261
            ],
            [
              -87.62427872039,
              41.8019807497565
            ],
            [
              -87.62456703965,
              41.8019764175323
            ],
            [
              -87.6246230180022,
              41.801975471446
            ],
            [
              -87.625093252281,
              41.8019680530997
            ],
            [
              -87.6251556494138,
              41.8019670656462
            ],
            [
              -87.6256017568119,
              41.8019590848344
            ],
            [
              -87.6258955037589,
              41.8019536386246
            ],
            [
              -87.6261172724915,
              41.8019495260231
            ],
            [
              -87.626588816678,
              41.8019463635263
            ],
            [
              -87.626729474559,
              41.80194340796
            ],
            [
              -87.6268772690656,
              41.8019403023648
            ],
            [
              -87.627218216075,
              41.801933137242
            ],
            [
              -87.627765944552,
              41.8019225618259
            ],
            [
              -87.6279899245548,
              41.8019193936176
            ],
            [
              -87.6280179495206,
              41.8019189970778
            ],
            [
              -87.6280459741164,
              41.8019186008033
            ],
            [
              -87.6282664689549,
              41.8019154811859
            ],
            [
              -87.628533783074,
              41.8019082174971
            ],
            [
              -87.6287094930862,
              41.8019034426958
            ],
            [
              -87.6288039792783,
              41.8019008750868
            ],
            [
              -87.6288138219555,
              41.8022572228788
            ],
            [
              -87.6288275898619,
              41.802674437877
            ],
            [
              -87.6288358381958,
              41.8027585320345
            ],
            [
              -87.6288517923382,
              41.8028924135194
            ],
            [
              -87.6289022386298,
              41.8031421093023
            ],
            [
              -87.6289164166598,
              41.8032289840894
            ],
            [
              -87.6289207042308,
              41.8032979604071
            ],
            [
              -87.6289267537874,
              41.8033734651924
            ],
            [
              -87.6289339959602,
              41.803633187051
            ],
            [
              -87.6289383360301,
              41.8038229119787
            ],
            [
              -87.6289454762558,
              41.8041755956503
            ],
            [
              -87.6289617405062,
              41.8046580024301
            ],
            [
              -87.6289705343274,
              41.8050271618621
            ],
            [
              -87.6289733754225,
              41.805144496926
            ],
            [
              -87.6289834502848,
              41.8056477910695
            ],
            [
              -87.6289939735391,
              41.8059847154965
            ],
            [
              -87.6290029026824,
              41.8062578262095
            ],
            [
              -87.6290167212573,
              41.8067124319998
            ],
            [
              -87.6290263381381,
              41.8070901722127
            ],
            [
              -87.6290305214112,
              41.8072524530115
            ],
            [
              -87.6290228478498,
              41.8074088297927
            ],
            [
              -87.6289957614843,
              41.8076213452306
            ],
            [
              -87.6289720498051,
              41.8077769378634
            ],
            [
              -87.6289719747769,
              41.8078674988347
            ],
            [
              -87.6289869620715,
              41.8083409783008
            ],
            [
              -87.6289883785057,
              41.8083790638324
            ],
            [
              -87.628984921371,
              41.8084853833757
            ],
            [
              -87.6289980638403,
              41.8088343301851
            ],
            [
              -87.6290149069067,
              41.8089709612378
            ],
            [
              -87.6290186166225,
              41.8090927612716
            ],
            [
              -87.6290216567071,
              41.8091914429765
            ],
            [
              -87.6290216604082,
              41.8091915739012
            ],
            [
              -87.629023866526,
              41.8092831773921
            ],
            [
              -87.6290410235005,
              41.8099353915979
            ],
            [
              -87.6290472619407,
              41.8101611465838
            ],
            [
              -87.629046574353,
              41.81022391769
            ],
            [
              -87.6290435988471,
              41.8102863317333
            ],
            [
              -87.629037867219,
              41.8103490719119
            ],
            [
              -87.6290298476615,
              41.8104114547526
            ],
            [
              -87.6290226665069,
              41.8104810470065
            ],
            [
              -87.6290164019385,
              41.8105506446047
            ],
            [
              -87.6290119675329,
              41.8106205964579
            ],
            [
              -87.6290084497184,
              41.8106905539302
            ],
            [
              -87.6290101484431,
              41.8107447637992
            ],
            [
              -87.6290100624453,
              41.8107945032761
            ],
            [
              -87.6290090625001,
              41.8108438941142
            ],
            [
              -87.6290062289768,
              41.8108932737092
            ],
            [
              -87.6290020199905,
              41.8109426448699
            ],
            [
              -87.6289964359047,
              41.8109920075985
            ],
            [
              -87.6289890212537,
              41.8110410160674
            ],
            [
              -87.628982888108,
              41.8110986082556
            ],
            [
              -87.6289790436307,
              41.8111565575109
            ],
            [
              -87.6289774953435,
              41.811214177811
            ],
            [
              -87.6289786942255,
              41.8112721579899
            ],
            [
              -87.6289994999129,
              41.8120516598547
            ],
            [
              -87.6290017798745,
              41.8121363564124
            ],
            [
              -87.6290017815612,
              41.8121364033499
            ],
            [
              -87.6290040057465,
              41.8122262920079
            ],
            [
              -87.6290229443431,
              41.8129251686644
            ],
            [
              -87.6290255336218,
              41.8130182662338
            ],
            [
              -87.6290285367842,
              41.8131262216487
            ],
            [
              -87.6290318328816,
              41.813243902647
            ],
            [
              -87.6290510045382,
              41.8139215130271
            ],
            [
              -87.6290679138752,
              41.8145126648145
            ],
            [
              -87.6290693041387,
              41.8145531513846
            ],
            [
              -87.6290715067675,
              41.814645103429
            ],
            [
              -87.6290741830621,
              41.8147356755363
            ],
            [
              -87.629099342883,
              41.8156620222668
            ],
            [
              -87.6291214355828,
              41.816366063896
            ],
            [
              -87.6291245577043,
              41.8164580924876
            ],
            [
              -87.6291245665657,
              41.8164583551689
            ],
            [
              -87.6291276418158,
              41.8165530555705
            ],
            [
              -87.6291293553921,
              41.8166058933379
            ],
            [
              -87.6291313287912,
              41.8167187636762
            ],
            [
              -87.6291432511366,
              41.8171791885932
            ],
            [
              -87.6291529943091,
              41.8175874592033
            ],
            [
              -87.6291642447973,
              41.8180255827155
            ],
            [
              -87.6291764564722,
              41.8184595954029
            ],
            [
              -87.6291882822229,
              41.818887088319
            ],
            [
              -87.6291935972751,
              41.8190716732083
            ],
            [
              -87.6291964562357,
              41.8191686521813
            ],
            [
              -87.6291979242305,
              41.8192627696806
            ],
            [
              -87.6292007094904,
              41.8194689501918
            ],
            [
              -87.6292608817343,
              41.8197948582919
            ],
            [
              -87.6292647234024,
              41.8199046527124
            ],
            [
              -87.6292651708241,
              41.8199475347015
            ],
            [
              -87.629267268479,
              41.8200490856139
            ],
            [
              -87.6292718503052,
              41.8201750071622
            ],
            [
              -87.6292767857835,
              41.8203942363836
            ],
            [
              -87.6292788387424,
              41.820499903147
            ],
            [
              -87.6292808616401,
              41.8206083145444
            ],
            [
              -87.6292832598552,
              41.8207661245766
            ],
            [
              -87.6292967552869,
              41.8211668709034
            ],
            [
              -87.6293075404461,
              41.821563827217
            ],
            [
              -87.6293157881685,
              41.8218575150341
            ],
            [
              -87.6293172806666,
              41.8219305898446
            ],
            [
              -87.6293201863849,
              41.8220839437853
            ],
            [
              -87.6293297050616,
              41.8223872443122
            ],
            [
              -87.6293386412474,
              41.822701861094
            ],
            [
              -87.629345111061,
              41.8230322425709
            ],
            [
              -87.629356628131,
              41.82315306105
            ],
            [
              -87.6293623797197,
              41.8232141560388
            ],
            [
              -87.6293685369203,
              41.8232800562599
            ],
            [
              -87.6293561444932,
              41.8233647096521
            ],
            [
              -87.6293587801529,
              41.8235427606043
            ],
            [
              -87.6293597087501,
              41.8235835873128
            ],
            [
              -87.6293622691942,
              41.8236843048176
            ],
            [
              -87.6291354867442,
              41.8236874679959
            ],
            [
              -87.6289739438645,
              41.823689336764
            ],
            [
              -87.6287710660009,
              41.8236916833905
            ],
            [
              -87.6286236745996,
              41.8236928865386
            ],
            [
              -87.6283123070474,
              41.8236954273037
            ],
            [
              -87.628075343352,
              41.8236980615663
            ],
            [
              -87.6277402307851,
              41.8237046205122
            ],
            [
              -87.6275991581172,
              41.8237068688563
            ],
            [
              -87.6272306832254,
              41.8237127408076
            ],
            [
              -87.6269928322842,
              41.823715943679
            ],
            [
              -87.6266177690626,
              41.8237188507765
            ],
            [
              -87.6264279902223,
              41.8237216086575
            ],
            [
              -87.6260857721066,
              41.8237265808824
            ],
            [
              -87.6259254910286,
              41.8237288598324
            ],
            [
              -87.6257493547188,
              41.8237309591092
            ],
            [
              -87.6256036893846,
              41.8237326950908
            ],
            [
              -87.6253251070273,
              41.823736521702
            ],
            [
              -87.6249778991515,
              41.8237419552098
            ],
            [
              -87.6248284531623,
              41.8237435774298
            ],
            [
              -87.6244700674341,
              41.8237474667815
            ],
            [
              -87.6243269633672,
              41.8237491272125
            ],
            [
              -87.6242735036726,
              41.823749519233
            ],
            [
              -87.6231524663881,
              41.8237636673397
            ],
            [
              -87.622413532903,
              41.8237729869468
            ],
            [
              -87.6223521075063,
              41.8237737615423
            ],
            [
              -87.6222355680431,
              41.8237752308801
            ],
            [
              -87.6216077193219,
              41.8237831121799
            ],
            [
              -87.6209590651201,
              41.8237912512505
            ],
            [
              -87.6204011010194,
              41.8237981117482
            ],
            [
              -87.6199939108319,
              41.8238031167116
            ],
            [
              -87.6191833472039,
              41.8238130755094
            ],
            [
              -87.6188674882353,
              41.8238169546359
            ],
            [
              -87.6185570592109,
              41.8238207629499
            ],
            [
              -87.618220100985,
              41.8238248956644
            ],
            [
              -87.6179554682187,
              41.823828140578
            ],
            [
              -87.6177157097267,
              41.8238310801898
            ],
            [
              -87.6172642861429,
              41.8238379629186
            ],
            [
              -87.6170025653988,
              41.823841952668
            ],
            [
              -87.6167380382037,
              41.8238459844119
            ],
            [
              -87.616114967709,
              41.8238554374091
            ],
            [
              -87.6154805693769,
              41.8238632174207
            ],
            [
              -87.615153481027,
              41.8238672271866
            ],
            [
              -87.6143697756562,
              41.8238768333777
            ],
            [
              -87.6130816049545,
              41.8238926215291
            ],
            [
              -87.6126300117615,
              41.8238986504454
            ],
            [
              -87.6121417925355,
              41.823905166078
            ],
            [
              -87.6098471051676,
              41.8239285833989
            ],
            [
              -87.6095928068373,
              41.8239311757183
            ],
            [
              -87.6083434758715,
              41.8239447023384
            ],
            [
              -87.6073330781841,
              41.8239567619961
            ],
            [
              -87.6070343296046,
              41.8239657955398
            ],
            [
              -87.606921781265,
              41.8239679104208
            ],
            [
              -87.6068853510802,
              41.8239710005904
            ],
            [
              -87.6068787960031,
              41.8239726465835
            ],
            [
              -87.6064429418278,
              41.8233139302631
            ],
            [
              -87.6068649233136,
              41.8231735535291
            ],
            [
              -87.6068610676126,
              41.8227364184339
            ],
            [
              -87.6068583863254,
              41.8224324478855
            ],
            [
              -87.6068526430907,
              41.8221343839304
            ],
            [
              -87.606850432211,
              41.8220196594922
            ],
            [
              -87.6068387025483,
              41.8215107148801
            ],
            [
              -87.6068291158446,
              41.8210947607331
            ],
            [
              -87.6068259413022,
              41.8209638686255
            ],
            [
              -87.6068145709868,
              41.8204950460474
            ],
            [
              -87.6068120208289,
              41.8203898966585
            ],
            [
              -87.6068092870674,
              41.8202771683533
            ],
            [
              -87.6068044674279,
              41.8200784565518
            ],
            [
              -87.6067774415778,
              41.8195797175547
            ],
            [
              -87.6067723273751,
              41.8194853374619
            ],
            [
              -87.6067661003574,
              41.8193525604537
            ],
            [
              -87.6067585636418,
              41.8190866612919
            ],
            [
              -87.6067591661632,
              41.8190474450844
            ],
            [
              -87.6067587122334,
              41.8188328720753
            ],
            [
              -87.6067557044347,
              41.8186262327823
            ],
            [
              -87.6067530953326,
              41.8184469920609
            ],
            [
              -87.6067509234684,
              41.8183178329297
            ],
            [
              -87.6067482694103,
              41.81815996567
            ],
            [
              -87.6067407532842,
              41.8179518749306
            ],
            [
              -87.6067355843173,
              41.8178087559318
            ],
            [
              -87.6067335852032,
              41.8177407781148
            ],
            [
              -87.6067322586299,
              41.817695671192
            ],
            [
              -87.6067269457696,
              41.8175149819266
            ],
            [
              -87.6067223458043,
              41.8172988140089
            ],
            [
              -87.6067176181555,
              41.8170874203079
            ],
            [
              -87.6067138625267,
              41.8168216157607
            ]
          ]
        ]
      },
      "properties": {
        "COMMUNITY": "GRAND BOULEVARD",
        "AREA_NUMBER": "38",
        "tier": 5,
        "tier_label": "2,000 - 2,500"
      }
    },
    {
      "type": "Feature",
      "geometry": {
        "type": "Polygon",
        "coordinates": [
          [
            [
              -87.6060432258237,
              41.7858819048977
            ],
            [
              -87.6062744514894,
              41.7858782677192
            ],
            [
              -87.6064108709727,
              41.7858766644528
            ],
            [
              -87.6068041522814,
              41.7858710259522
            ],
            [
              -87.6074744245802,
              41.785858083729
            ],
            [
              -87.6080861272687,
              41.7858462497691
            ],
            [
              -87.6085451910911,
              41.7858371601906
            ],
            [
              -87.608570880963,
              41.7858366515637
            ],
            [
              -87.6088554628399,
              41.7858310158945
            ],
            [
              -87.6094014639781,
              41.7858218890576
            ],
            [
              -87.609726141932,
              41.7858161133827
            ],
            [
              -87.6100641327209,
              41.7858100912921
            ],
            [
              -87.6106853178095,
              41.7857994557887
            ],
            [
              -87.6109233347527,
              41.7857954609102
            ],
            [
              -87.6111539369424,
              41.7857915901702
            ],
            [
              -87.6118806409314,
              41.7857784281121
            ],
            [
              -87.6120932401412,
              41.7857748290953
            ],
            [
              -87.612444686123,
              41.7857688787098
            ],
            [
              -87.6130085912862,
              41.7857587219162
            ],
            [
              -87.6132815931904,
              41.7857539568588
            ],
            [
              -87.6136039963064,
              41.7857483206204
            ],
            [
              -87.6141856084973,
              41.7857383787534
            ],
            [
              -87.6144687713144,
              41.7857332260643
            ],
            [
              -87.6147096492331,
              41.7857288422224
            ],
            [
              -87.6152724887393,
              41.7857188323048
            ],
            [
              -87.6155794700422,
              41.7857117579324
            ],
            [
              -87.6157652780487,
              41.785706753092
            ],
            [
              -87.6157613831807,
              41.785553168339
            ],
            [
              -87.6157528290501,
              41.7851922960281
            ],
            [
              -87.6157492143084,
              41.7850398008464
            ],
            [
              -87.6157442964846,
              41.7848396564169
            ],
            [
              -87.6157429833779,
              41.7847765298778
            ],
            [
              -87.6157361731527,
              41.7845158897945
            ],
            [
              -87.6157301673684,
              41.7842915890934
            ],
            [
              -87.6157262965715,
              41.7841521002121
            ],
            [
              -87.6157192325557,
              41.7838920663745
            ],
            [
              -87.6157108556048,
              41.7835836617358
            ],
            [
              -87.6157071125768,
              41.7833866533564
            ],
            [
              -87.615702172095,
              41.7831424906184
            ],
            [
              -87.6156965967427,
              41.7828993667337
            ],
            [
              -87.6156916615613,
              41.7826842934657
            ],
            [
              -87.6156855102149,
              41.782417235767
            ],
            [
              -87.61568166536,
              41.7822490963537
            ],
            [
              -87.6156776659107,
              41.7820815053763
            ],
            [
              -87.6156744581655,
              41.7819470825605
            ],
            [
              -87.6156734191867,
              41.7819035391631
            ],
            [
              -87.6156661307484,
              41.7816365017673
            ],
            [
              -87.6156574329757,
              41.7813183020062
            ],
            [
              -87.6156498026686,
              41.7810391875744
            ],
            [
              -87.615642512543,
              41.7807723145101
            ],
            [
              -87.6156405692808,
              41.7807025156404
            ],
            [
              -87.6156373556492,
              41.7805870430343
            ],
            [
              -87.6156333820354,
              41.7804526267874
            ],
            [
              -87.6156280663563,
              41.7802469760379
            ],
            [
              -87.6162789619565,
              41.7802337501313
            ],
            [
              -87.6164410997995,
              41.7802319282669
            ],
            [
              -87.6167456508683,
              41.7802267206165
            ],
            [
              -87.6169625589049,
              41.7802230238959
            ],
            [
              -87.6171825881747,
              41.7802188599346
            ],
            [
              -87.6173547962679,
              41.7802156006244
            ],
            [
              -87.6175930156806,
              41.7802110914936
            ],
            [
              -87.6178095270943,
              41.7802068182436
            ],
            [
              -87.6178411426378,
              41.7802061943333
            ],
            [
              -87.6178804867775,
              41.7802054176637
            ],
            [
              -87.618076486739,
              41.7802015924707
            ],
            [
              -87.6181026703758,
              41.7802010817632
            ],
            [
              -87.6184388850427,
              41.7801947607408
            ],
            [
              -87.6188612065133,
              41.780188960281
            ],
            [
              -87.6189628170442,
              41.7801875644108
            ],
            [
              -87.6192516255577,
              41.7801835966508
            ],
            [
              -87.619484262517,
              41.7801798282765
            ],
            [
              -87.6197091969372,
              41.7801763408996
            ],
            [
              -87.6199975500827,
              41.7801670722303
            ],
            [
              -87.6201073081757,
              41.7801616888126
            ],
            [
              -87.620417875931,
              41.7801161287466
            ],
            [
              -87.6205582387434,
              41.7800955371518
            ],
            [
              -87.6206560132008,
              41.7800835573272
            ],
            [
              -87.6208399625873,
              41.780065437239
            ],
            [
              -87.6210688928724,
              41.7800553582417
            ],
            [
              -87.6215089615725,
              41.7800492766191
            ],
            [
              -87.6216825246616,
              41.780048088959
            ],
            [
              -87.6217636470968,
              41.7800475338003
            ],
            [
              -87.621981328954,
              41.7800433411662
            ],
            [
              -87.6220927693351,
              41.7800411946503
            ],
            [
              -87.6221601536401,
              41.7800398963516
            ],
            [
              -87.6222046222672,
              41.7800390398773
            ],
            [
              -87.6224860028843,
              41.7800336189654
            ],
            [
              -87.6229352781243,
              41.7800271223147
            ],
            [
              -87.6232752026792,
              41.7800224179544
            ],
            [
              -87.6235477236753,
              41.7800191622831
            ],
            [
              -87.6237037229338,
              41.7800196012856
            ],
            [
              -87.6239719830103,
              41.7800203556879
            ],
            [
              -87.6242272179837,
              41.7800286274588
            ],
            [
              -87.6244585733627,
              41.7800412793973
            ],
            [
              -87.6247375664028,
              41.78005622804
            ],
            [
              -87.6248084728564,
              41.7800563379742
            ],
            [
              -87.62510829045,
              41.7800680093065
            ],
            [
              -87.6253805878764,
              41.7800661233471
            ],
            [
              -87.6253757316805,
              41.7803098928772
            ],
            [
              -87.6253717122264,
              41.780455288045
            ],
            [
              -87.625362798168,
              41.7808057338407
            ],
            [
              -87.6253607604165,
              41.7811809754847
            ],
            [
              -87.625366791465,
              41.7815893080763
            ],
            [
              -87.6253767565759,
              41.7818910234407
            ],
            [
              -87.6253886300453,
              41.782250514546
            ],
            [
              -87.6254034009842,
              41.7829276217037
            ],
            [
              -87.6254082491562,
              41.783147323402
            ],
            [
              -87.625409804941,
              41.7832178151092
            ],
            [
              -87.6255546805026,
              41.7832149365692
            ],
            [
              -87.6259805285783,
              41.7832064744005
            ],
            [
              -87.6264923451949,
              41.7831963016631
            ],
            [
              -87.6266548786164,
              41.7831930707107
            ],
            [
              -87.6267856230431,
              41.7831904717005
            ],
            [
              -87.6269953776159,
              41.7831879069193
            ],
            [
              -87.6274621193496,
              41.7831821986864
            ],
            [
              -87.627491009602,
              41.7831816950618
            ],
            [
              -87.6276488221309,
              41.783178943586
            ],
            [
              -87.6276514200122,
              41.7831788983463
            ],
            [
              -87.6277380570255,
              41.7831773876493
            ],
            [
              -87.6277994945069,
              41.7831763165423
            ],
            [
              -87.6278787926078,
              41.7831749338324
            ],
            [
              -87.6279748364811,
              41.7831732589827
            ],
            [
              -87.6281015734169,
              41.7831710488054
            ],
            [
              -87.6282683318005,
              41.7831681403588
            ],
            [
              -87.6282527215163,
              41.7832640172803
            ],
            [
              -87.6282707159409,
              41.7839224140128
            ],
            [
              -87.6283108255478,
              41.7854069771443
            ],
            [
              -87.6283134444772,
              41.7855027123354
            ],
            [
              -87.6283160768757,
              41.785597051314
            ],
            [
              -87.6283497616511,
              41.7868315013986
            ],
            [
              -87.6283513689097,
              41.7868939437987
            ],
            [
              -87.6283601324125,
              41.787223655357
            ],
            [
              -87.6283627363857,
              41.7873203306183
            ],
            [
              -87.6283653572911,
              41.7874161302799
            ],
            [
              -87.6284316825744,
              41.7898551788664
            ],
            [
              -87.6284088488386,
              41.7899603177951
            ],
            [
              -87.6284369491065,
              41.7900438808366
            ],
            [
              -87.6284587441343,
              41.7908576955387
            ],
            [
              -87.6284613524204,
              41.7909535955037
            ],
            [
              -87.628464025822,
              41.7910450251513
            ],
            [
              -87.6284672259964,
              41.7911712819125
            ],
            [
              -87.6284784130669,
              41.7916982533092
            ],
            [
              -87.6285048899342,
              41.7925868779815
            ],
            [
              -87.628532562245,
              41.7935756762209
            ],
            [
              -87.6285483065277,
              41.7941469269321
            ],
            [
              -87.6285512974028,
              41.7942509698321
            ],
            [
              -87.6285611479124,
              41.7946071246868
            ],
            [
              -87.6285641077546,
              41.794713032403
            ],
            [
              -87.6285885124657,
              41.795623598152
            ],
            [
              -87.6286170690783,
              41.7965317879771
            ],
            [
              -87.6286549109982,
              41.7979734544735
            ],
            [
              -87.6286589498914,
              41.7981487702664
            ],
            [
              -87.6286610643315,
              41.7982484459543
            ],
            [
              -87.6286632473027,
              41.7983422682332
            ],
            [
              -87.6286661102533,
              41.7984575456354
            ],
            [
              -87.6286857120082,
              41.7991372189115
            ],
            [
              -87.6286889483252,
              41.7992884204093
            ],
            [
              -87.6286908668918,
              41.799378061234
            ],
            [
              -87.6288151092959,
              41.7993774511316
            ],
            [
              -87.6288227407961,
              41.7996014999047
            ],
            [
              -87.6288381845623,
              41.8003260848508
            ],
            [
              -87.628847717528,
              41.8005858211733
            ],
            [
              -87.6288547556556,
              41.8009059158114
            ],
            [
              -87.6288505770893,
              41.8010362435194
            ],
            [
              -87.6288300281997,
              41.8012800157125
            ],
            [
              -87.628800546388,
              41.8015021216221
            ],
            [
              -87.6288002788874,
              41.801610175749
            ],
            [
              -87.628799937701,
              41.8017669406724
            ],
            [
              -87.6288039792783,
              41.8019008750868
            ],
            [
              -87.6287094930862,
              41.8019034426958
            ],
            [
              -87.628533783074,
              41.8019082174971
            ],
            [
              -87.6282664689549,
              41.8019154811859
            ],
            [
              -87.6280459741164,
              41.8019186008033
            ],
            [
              -87.6280179495206,
              41.8019189970778
            ],
            [
              -87.6279899245548,
              41.8019193936176
            ],
            [
              -87.627765944552,
              41.8019225618259
            ],
            [
              -87.627218216075,
              41.801933137242
            ],
            [
              -87.6268772690656,
              41.8019403023648
            ],
            [
              -87.626729474559,
              41.80194340796
            ],
            [
              -87.626588816678,
              41.8019463635263
            ],
            [
              -87.6261172724915,
              41.8019495260231
            ],
            [
              -87.6258955037589,
              41.8019536386246
            ],
            [
              -87.6256017568119,
              41.8019590848344
            ],
            [
              -87.6251556494138,
              41.8019670656462
            ],
            [
              -87.625093252281,
              41.8019680530997
            ],
            [
              -87.6246230180022,
              41.801975471446
            ],
            [
              -87.62456703965,
              41.8019764175323
            ],
            [
              -87.62427872039,
              41.8019807497565
            ],
            [
              -87.6239651929955,
              41.8019854618261
            ],
            [
              -87.6234591066983,
              41.8019945431694
            ],
            [
              -87.6232996438696,
              41.80199740402
            ],
            [
              -87.6228942454738,
              41.8020055178924
            ],
            [
              -87.6226550835413,
              41.8020087200018
            ],
            [
              -87.6224540283502,
              41.8020114115432
            ],
            [
              -87.6219186101615,
              41.8020197326696
            ],
            [
              -87.6218455569737,
              41.802020955882
            ],
            [
              -87.6214639971174,
              41.8020273445948
            ],
            [
              -87.6210325738104,
              41.8020346758976
            ],
            [
              -87.6204369048334,
              41.802044795458
            ],
            [
              -87.6203133939124,
              41.8020468071986
            ],
            [
              -87.6202303801657,
              41.8020481591085
            ],
            [
              -87.6198561783347,
              41.8020542528051
            ],
            [
              -87.6194128363371,
              41.8020608261588
            ],
            [
              -87.6190631434893,
              41.802066009748
            ],
            [
              -87.6186370321783,
              41.8020731480089
            ],
            [
              -87.6185566073954,
              41.8020744953321
            ],
            [
              -87.6184926082062,
              41.8020755674762
            ],
            [
              -87.6184777911653,
              41.8020758155613
            ],
            [
              -87.6179711286514,
              41.8020838490868
            ],
            [
              -87.6177522793336,
              41.8020873184152
            ],
            [
              -87.6174711063545,
              41.8020917752131
            ],
            [
              -87.6173519609856,
              41.8020935760635
            ],
            [
              -87.6169221899542,
              41.8021000712562
            ],
            [
              -87.6168567714482,
              41.8021010680488
            ],
            [
              -87.6166403210955,
              41.8021043655309
            ],
            [
              -87.6165545980747,
              41.8021056712612
            ],
            [
              -87.6163534641228,
              41.8021087347329
            ],
            [
              -87.6162776469147,
              41.8021092579429
            ],
            [
              -87.6161164822203,
              41.8021103646353
            ],
            [
              -87.6160814885172,
              41.8021106049882
            ],
            [
              -87.6158639447095,
              41.8021121002443
            ],
            [
              -87.6157158343883,
              41.8021131570061
            ],
            [
              -87.6155029478361,
              41.8021146749094
            ],
            [
              -87.6153964280399,
              41.8021157337334
            ],
            [
              -87.6149733633995,
              41.8021226480208
            ],
            [
              -87.6146484301195,
              41.8021274990626
            ],
            [
              -87.6143363062187,
              41.8021319691448
            ],
            [
              -87.6141982931733,
              41.8021339455592
            ],
            [
              -87.6140770636898,
              41.8021356813913
            ],
            [
              -87.6137976598746,
              41.8021396817041
            ],
            [
              -87.6128512173415,
              41.8021537278789
            ],
            [
              -87.6125089701503,
              41.8021588245976
            ],
            [
              -87.6122379235572,
              41.8021628598354
            ],
            [
              -87.6115914670279,
              41.8021726314371
            ],
            [
              -87.6112921403025,
              41.8021768956541
            ],
            [
              -87.6111142683164,
              41.8021794293029
            ],
            [
              -87.6107139155181,
              41.8021854188072
            ],
            [
              -87.6102457698403,
              41.8021927365405
            ],
            [
              -87.6100460997529,
              41.8021963615811
            ],
            [
              -87.6097743829589,
              41.8022012943181
            ],
            [
              -87.6091274080516,
              41.8022114052666
            ],
            [
              -87.6078915636382,
              41.8022307501857
            ],
            [
              -87.6076617456704,
              41.802234346168
            ],
            [
              -87.6073900384688,
              41.802238400095
            ],
            [
              -87.6067753486991,
              41.8022475689779
            ],
            [
              -87.6064129409116,
              41.8022590050199
            ],
            [
              -87.6063943462853,
              41.8017033668538
            ],
            [
              -87.6063919391122,
              41.8016314397143
            ],
            [
              -87.6063837861782,
              41.8013878064716
            ],
            [
              -87.6063753179438,
              41.8011347577966
            ],
            [
              -87.6063687616859,
              41.8008862495451
            ],
            [
              -87.6063646368664,
              41.8007299090204
            ],
            [
              -87.6063589866767,
              41.8004419980838
            ],
            [
              -87.6063466246598,
              41.7998120530758
            ],
            [
              -87.6063415534174,
              41.7993781503409
            ],
            [
              -87.606330833788,
              41.7989572746002
            ],
            [
              -87.6063233713039,
              41.7986206965647
            ],
            [
              -87.6063216022326,
              41.798540932741
            ],
            [
              -87.606320735722,
              41.7985018248298
            ],
            [
              -87.606318815806,
              41.7984273603529
            ],
            [
              -87.6063049191213,
              41.7977587384962
            ],
            [
              -87.6062941776706,
              41.7973073458196
            ],
            [
              -87.6062875911963,
              41.7969296910691
            ],
            [
              -87.6062864371377,
              41.7968890308082
            ],
            [
              -87.6062830704159,
              41.7968066912203
            ],
            [
              -87.606277732782,
              41.796588377312
            ],
            [
              -87.6062720991809,
              41.7963340839936
            ],
            [
              -87.6062679003389,
              41.7961767003229
            ],
            [
              -87.6062612947945,
              41.7959142777611
            ],
            [
              -87.6062564524705,
              41.7956645449283
            ],
            [
              -87.6062478430417,
              41.7952939300701
            ],
            [
              -87.6062172533676,
              41.7950704616787
            ],
            [
              -87.6062212321874,
              41.7949732023412
            ],
            [
              -87.6062279459057,
              41.7948090816096
            ],
            [
              -87.6061955909931,
              41.7931626366497
            ],
            [
              -87.606166226897,
              41.7916263382502
            ],
            [
              -87.6061609701596,
              41.7914587664605
            ],
            [
              -87.6061588284617,
              41.7913330902326
            ],
            [
              -87.6061548625491,
              41.7911004341143
            ],
            [
              -87.606150769201,
              41.7908915133148
            ],
            [
              -87.6061462984335,
              41.7906511955093
            ],
            [
              -87.6061419040916,
              41.7904235842132
            ],
            [
              -87.606136798938,
              41.7901615001982
            ],
            [
              -87.6061320868921,
              41.7899165155515
            ],
            [
              -87.6061288600667,
              41.7897478314045
            ],
            [
              -87.606123730334,
              41.7895213131312
            ],
            [
              -87.606118610697,
              41.7892952339983
            ],
            [
              -87.6061163542636,
              41.7891380270862
            ],
            [
              -87.6061125350371,
              41.7888757316101
            ],
            [
              -87.6061090199878,
              41.7886838564002
            ],
            [
              -87.6061005614237,
              41.7884264986905
            ],
            [
              -87.6060930214416,
              41.7881754037543
            ],
            [
              -87.6060875301781,
              41.7879021479509
            ],
            [
              -87.6060855171467,
              41.7877033940605
            ],
            [
              -87.6060834405223,
              41.787498327904
            ],
            [
              -87.6060696597001,
              41.7873420084863
            ],
            [
              -87.6060652217372,
              41.7871376219467
            ],
            [
              -87.6060597001543,
              41.7868833478522
            ],
            [
              -87.6060563196831,
              41.7867314576727
            ],
            [
              -87.6060540680421,
              41.7866322374827
            ],
            [
              -87.60605009702,
              41.7864233650452
            ],
            [
              -87.6060457433966,
              41.786194361388
            ],
            [
              -87.6060422180001,
              41.7860488095739
            ],
            [
              -87.6060432258237,
              41.7858819048977
            ]
          ]
        ]
      },
      "properties": {
        "COMMUNITY": "WASHINGTON PARK",
        "AREA_NUMBER": "40",
        "tier": 1,
        "tier_label": "> 4,000"
      }
    },
    {
      "type": "Feature",
      "geometry": {
        "type": "Polygon",
        "coordinates": [
          [
            [
              -87.5771502940849,
              41.7861542516849
            ],
            [
              -87.5771502608523,
              41.7861541466345
            ],
            [
              -87.5770993535965,
              41.7859929964801
            ],
            [
              -87.5770483631065,
              41.7858389808902
            ],
            [
              -87.5770023639158,
              41.7856970729862
            ],
            [
              -87.5769355771789,
              41.785514412783
            ],
            [
              -87.5768895680868,
              41.7853931321757
            ],
            [
              -87.5768239037061,
              41.7852200387301
            ],
            [
              -87.5767546797547,
              41.7850576706138
            ],
            [
              -87.5767019339899,
              41.7849416798966
            ],
            [
              -87.5766903431203,
              41.7849161903817
            ],
            [
              -87.5766239044833,
              41.7847664636852
            ],
            [
              -87.5765669011098,
              41.7846250316816
            ],
            [
              -87.5765545668874,
              41.7845999675588
            ],
            [
              -87.5765487458902,
              41.7845881386673
            ],
            [
              -87.5765375556998,
              41.7845654103302
            ],
            [
              -87.5764988609779,
              41.7844868200784
            ],
            [
              -87.5764626520574,
              41.7844089064648
            ],
            [
              -87.5764359209816,
              41.7843513868686
            ],
            [
              -87.5764140428605,
              41.7842953509675
            ],
            [
              -87.576388225605,
              41.7842292266373
            ],
            [
              -87.5763223143027,
              41.7840970666498
            ],
            [
              -87.576191811609,
              41.7838453792388
            ],
            [
              -87.5761360311198,
              41.7837248110802
            ],
            [
              -87.576105329551,
              41.7836594212405
            ],
            [
              -87.576105261656,
              41.7836592863916
            ],
            [
              -87.5760609582528,
              41.7836154762394
            ],
            [
              -87.5760516286886,
              41.7836062507485
            ],
            [
              -87.5760090715081,
              41.7835837568651
            ],
            [
              -87.575978021803,
              41.7835673452473
            ],
            [
              -87.5759116897987,
              41.7835334279255
            ],
            [
              -87.5758498584069,
              41.7835022348547
            ],
            [
              -87.5758212953451,
              41.7834878253552
            ],
            [
              -87.5757717304765,
              41.7834668529856
            ],
            [
              -87.5756855755927,
              41.7834303983487
            ],
            [
              -87.5755911475628,
              41.7833875615799
            ],
            [
              -87.5755615741372,
              41.7833741459179
            ],
            [
              -87.5754581054744,
              41.7833180290856
            ],
            [
              -87.5753312708434,
              41.7832529736236
            ],
            [
              -87.5752656661614,
              41.7832176599524
            ],
            [
              -87.5751950110124,
              41.7831796274477
            ],
            [
              -87.5750916643703,
              41.7831130830796
            ],
            [
              -87.5750647697557,
              41.7830969143398
            ],
            [
              -87.5749744321861,
              41.7830426044084
            ],
            [
              -87.5749228452203,
              41.7830139996383
            ],
            [
              -87.5748862783794,
              41.7829937230237
            ],
            [
              -87.5747769758118,
              41.7829348219517
            ],
            [
              -87.5746494407286,
              41.7828675683343
            ],
            [
              -87.5745270375518,
              41.7828003481978
            ],
            [
              -87.5744586027457,
              41.7827692098284
            ],
            [
              -87.5744205474968,
              41.7827518941966
            ],
            [
              -87.5743098173757,
              41.7826896903802
            ],
            [
              -87.5742129238661,
              41.782635811294
            ],
            [
              -87.5741392065546,
              41.7826022275216
            ],
            [
              -87.574126127262,
              41.7825962688637
            ],
            [
              -87.5741200988736,
              41.7825941474834
            ],
            [
              -87.574072087228,
              41.782577250852
            ],
            [
              -87.5740176098801,
              41.7825488730083
            ],
            [
              -87.5739824419979,
              41.7825305537946
            ],
            [
              -87.5739160121276,
              41.7824994544246
            ],
            [
              -87.5738504435907,
              41.7824687583573
            ],
            [
              -87.5737138794888,
              41.7824044822061
            ],
            [
              -87.5737096983436,
              41.7824025138005
            ],
            [
              -87.5735791730675,
              41.7823401783857
            ],
            [
              -87.5735602416674,
              41.7823318068792
            ],
            [
              -87.5734682911601,
              41.7822911453236
            ],
            [
              -87.5734295027748,
              41.782273676048
            ],
            [
              -87.5733829490024,
              41.7822527099399
            ],
            [
              -87.5733347167128,
              41.7822386699884
            ],
            [
              -87.5732723662112,
              41.7822121837574
            ],
            [
              -87.5731063402015,
              41.7821416572396
            ],
            [
              -87.5728508219261,
              41.7820455629056
            ],
            [
              -87.5726546969589,
              41.7819742832355
            ],
            [
              -87.5726200914404,
              41.7819617061781
            ],
            [
              -87.5725428603234,
              41.7819287109115
            ],
            [
              -87.5724843831838,
              41.7819037268779
            ],
            [
              -87.5724088161991,
              41.7818773244375
            ],
            [
              -87.5723098475468,
              41.7818427456539
            ],
            [
              -87.5722437229228,
              41.7818230745437
            ],
            [
              -87.5721381272632,
              41.7817916611501
            ],
            [
              -87.5720174687098,
              41.7817582068056
            ],
            [
              -87.571994140708,
              41.781751738705
            ],
            [
              -87.5719528039569,
              41.7817400479734
            ],
            [
              -87.5718172760152,
              41.7817017181662
            ],
            [
              -87.5716586641496,
              41.7816584049351
            ],
            [
              -87.5715548324794,
              41.7816260734856
            ],
            [
              -87.5715037771432,
              41.781610175923
            ],
            [
              -87.5714297009259,
              41.7815876472277
            ],
            [
              -87.5713561829857,
              41.7815652882168
            ],
            [
              -87.5711975197832,
              41.7815263648659
            ],
            [
              -87.5710423998028,
              41.7814978928187
            ],
            [
              -87.5709373575972,
              41.781475348507
            ],
            [
              -87.5709078169608,
              41.7814690082787
            ],
            [
              -87.5707717927015,
              41.7814379174869
            ],
            [
              -87.5706116514435,
              41.7814000809559
            ],
            [
              -87.5705026402859,
              41.7813790499893
            ],
            [
              -87.5703320580736,
              41.7813559628822
            ],
            [
              -87.5702245070429,
              41.7813354899322
            ],
            [
              -87.5700854011576,
              41.7813170018473
            ],
            [
              -87.5700172580842,
              41.781303159179
            ],
            [
              -87.5699932293034,
              41.7812982779762
            ],
            [
              -87.5699806239632,
              41.7812971445288
            ],
            [
              -87.5698679706725,
              41.7812870165055
            ],
            [
              -87.5698243101636,
              41.7812928740925
            ],
            [
              -87.5697981976567,
              41.7812963773383
            ],
            [
              -87.5697967818595,
              41.7812964856584
            ],
            [
              -87.5697662695357,
              41.7812988218734
            ],
            [
              -87.5696891826592,
              41.7813047234291
            ],
            [
              -87.5695034724884,
              41.78134833484
            ],
            [
              -87.5693478738223,
              41.7813848746677
            ],
            [
              -87.5693261453,
              41.7813899772407
            ],
            [
              -87.5691425141877,
              41.7814330995516
            ],
            [
              -87.569142482939,
              41.781433106616
            ],
            [
              -87.569016242337,
              41.7814627516918
            ],
            [
              -87.5684025647859,
              41.7816162462695
            ],
            [
              -87.5676495909282,
              41.7846298507384
            ],
            [
              -87.5675380426301,
              41.7846044854885
            ],
            [
              -87.5683112845844,
              41.7815466976029
            ],
            [
              -87.5691218820284,
              41.7813660603223
            ],
            [
              -87.5691220121621,
              41.7813660315497
            ],
            [
              -87.5694647400212,
              41.7812792443062
            ],
            [
              -87.5695000593725,
              41.7812703003331
            ],
            [
              -87.5697993337864,
              41.7812006095864
            ],
            [
              -87.5698346290349,
              41.7811923917624
            ],
            [
              -87.5698980591838,
              41.7811762465947
            ],
            [
              -87.5699523098102,
              41.7811624378029
            ],
            [
              -87.5700905667876,
              41.7811287787014
            ],
            [
              -87.5702288496607,
              41.7810929233529
            ],
            [
              -87.5702725653148,
              41.7810823381221
            ],
            [
              -87.5703810770735,
              41.7810560632815
            ],
            [
              -87.5704525179195,
              41.7810406128956
            ],
            [
              -87.5705361970925,
              41.7810225156319
            ],
            [
              -87.5705484616074,
              41.7810196727547
            ],
            [
              -87.5706550450893,
              41.7809949663834
            ],
            [
              -87.5706950232043,
              41.780985699232
            ],
            [
              -87.5707549999568,
              41.7809723342271
            ],
            [
              -87.5707853044727,
              41.7809655810877
            ],
            [
              -87.5708839757066,
              41.7809435928897
            ],
            [
              -87.5710538063111,
              41.7809063007186
            ],
            [
              -87.5711844856254,
              41.7808731278964
            ],
            [
              -87.5712876934006,
              41.7808469284273
            ],
            [
              -87.5714763035135,
              41.7807843387779
            ],
            [
              -87.5716557799437,
              41.7807247794246
            ],
            [
              -87.5716876498507,
              41.7807143044703
            ],
            [
              -87.5720584506355,
              41.7805924295809
            ],
            [
              -87.5723977253169,
              41.780481374238
            ],
            [
              -87.5726731171699,
              41.7803912287318
            ],
            [
              -87.5730853216882,
              41.7802583892673
            ],
            [
              -87.5729333342851,
              41.779902821256
            ],
            [
              -87.5729345828843,
              41.7798925628693
            ],
            [
              -87.5729382072473,
              41.7798627871976
            ],
            [
              -87.5729573917833,
              41.7798351702609
            ],
            [
              -87.5729598400164,
              41.7798316457864
            ],
            [
              -87.5729598847995,
              41.7798316205609
            ],
            [
              -87.5729658199303,
              41.779828255556
            ],
            [
              -87.5729856775564,
              41.7798169970976
            ],
            [
              -87.5729910687982,
              41.7798149910301
            ],
            [
              -87.573030604558,
              41.7798002801347
            ],
            [
              -87.5733812995963,
              41.7797219185058
            ],
            [
              -87.573409055272,
              41.7797154022059
            ],
            [
              -87.5737018943439,
              41.7796466501953
            ],
            [
              -87.5737803428489,
              41.7796266043023
            ],
            [
              -87.5739615203061,
              41.7795803077524
            ],
            [
              -87.5741160334231,
              41.7795357740911
            ],
            [
              -87.5743083969996,
              41.7794525206055
            ],
            [
              -87.5744441818839,
              41.779379321902
            ],
            [
              -87.574568447157,
              41.7792879352072
            ],
            [
              -87.5746663051707,
              41.7791974706063
            ],
            [
              -87.5747405561744,
              41.7791189260021
            ],
            [
              -87.5749329630578,
              41.778845218754
            ],
            [
              -87.5749493978032,
              41.7788195312202
            ],
            [
              -87.5749489624213,
              41.7787942806275
            ],
            [
              -87.57493975985,
              41.7787662275968
            ],
            [
              -87.5749364954844,
              41.7787321774318
            ],
            [
              -87.5749593533237,
              41.7787213514501
            ],
            [
              -87.574983653167,
              41.7787127298637
            ],
            [
              -87.5750059405449,
              41.7786881778464
            ],
            [
              -87.5750300693057,
              41.7786318047929
            ],
            [
              -87.5750593487093,
              41.7785738199811
            ],
            [
              -87.5750857796818,
              41.7785086806644
            ],
            [
              -87.5751061582736,
              41.77845941744
            ],
            [
              -87.5751140142678,
              41.7784150126537
            ],
            [
              -87.5751359098195,
              41.7783613685747
            ],
            [
              -87.5751715401452,
              41.7782622602327
            ],
            [
              -87.5752057883606,
              41.7781560081579
            ],
            [
              -87.5752348455694,
              41.7780546609851
            ],
            [
              -87.5752571226011,
              41.7779686373492
            ],
            [
              -87.5752853555932,
              41.7778749690019
            ],
            [
              -87.5752915615618,
              41.7777838993189
            ],
            [
              -87.5752984096898,
              41.7777191795845
            ],
            [
              -87.575303935317,
              41.7776670748474
            ],
            [
              -87.5753075768709,
              41.777544703356
            ],
            [
              -87.5753083617493,
              41.7774157267215
            ],
            [
              -87.5752935177909,
              41.7773064061098
            ],
            [
              -87.5752506100529,
              41.7771518945349
            ],
            [
              -87.5751965166194,
              41.7770132246241
            ],
            [
              -87.5751399405295,
              41.7768986894097
            ],
            [
              -87.5750767128449,
              41.7767885005762
            ],
            [
              -87.5750068099255,
              41.7766848533877
            ],
            [
              -87.5749283357637,
              41.7765619409252
            ],
            [
              -87.5748538665056,
              41.7764725337957
            ],
            [
              -87.5747641613586,
              41.7763693051226
            ],
            [
              -87.5747005550558,
              41.7762914961793
            ],
            [
              -87.5746493265518,
              41.7762209046421
            ],
            [
              -87.5746133611411,
              41.7761619393469
            ],
            [
              -87.5746112826764,
              41.7760894761255
            ],
            [
              -87.5746464007719,
              41.7760337242856
            ],
            [
              -87.5747026007417,
              41.7759934799409
            ],
            [
              -87.5747863560454,
              41.7759792141007
            ],
            [
              -87.5747914905319,
              41.7759790221472
            ],
            [
              -87.5748736485702,
              41.7759759487069
            ],
            [
              -87.5749896838018,
              41.7759602487027
            ],
            [
              -87.5750845914074,
              41.7759391955382
            ],
            [
              -87.5750489895616,
              41.7757932931572
            ],
            [
              -87.5749278575257,
              41.7757935363982
            ],
            [
              -87.5748150713936,
              41.7757823637625
            ],
            [
              -87.5747361867494,
              41.7757565954442
            ],
            [
              -87.574677240354,
              41.7757188835938
            ],
            [
              -87.5745911345046,
              41.7756837371814
            ],
            [
              -87.57447719357,
              41.7756462114143
            ],
            [
              -87.5743909394804,
              41.7756236873269
            ],
            [
              -87.5743017646341,
              41.7756000458876
            ],
            [
              -87.5742404177918,
              41.7755793322697
            ],
            [
              -87.5742216596532,
              41.7755534125575
            ],
            [
              -87.5741287288934,
              41.775537430175
            ],
            [
              -87.5739983294486,
              41.7755277866388
            ],
            [
              -87.5738664565041,
              41.775518682346
            ],
            [
              -87.5737865541186,
              41.7755170563897
            ],
            [
              -87.5737102931237,
              41.7755176498861
            ],
            [
              -87.5736157148616,
              41.7755170244873
            ],
            [
              -87.573585284917,
              41.7755170976816
            ],
            [
              -87.573554854609,
              41.775517170591
            ],
            [
              -87.5734815582939,
              41.7755150395279
            ],
            [
              -87.5734011758069,
              41.7754920041261
            ],
            [
              -87.5733810096453,
              41.7754611355177
            ],
            [
              -87.5733727436911,
              41.7753849265474
            ],
            [
              -87.5733178503603,
              41.7753890912158
            ],
            [
              -87.573321505743,
              41.7754085995747
            ],
            [
              -87.5733212803105,
              41.7754898295829
            ],
            [
              -87.5733021858686,
              41.7755544687535
            ],
            [
              -87.5732217978052,
              41.7755940032488
            ],
            [
              -87.573091178395,
              41.7756030183914
            ],
            [
              -87.5729635808994,
              41.7756043696521
            ],
            [
              -87.5728475988179,
              41.7756156768261
            ],
            [
              -87.5727931561535,
              41.7756312327504
            ],
            [
              -87.5726961649846,
              41.7756487026518
            ],
            [
              -87.572557168139,
              41.7756840071662
            ],
            [
              -87.5724151934252,
              41.7757231343414
            ],
            [
              -87.5723604250715,
              41.7757392126108
            ],
            [
              -87.572294525099,
              41.7757585588343
            ],
            [
              -87.572172411221,
              41.775792328696
            ],
            [
              -87.5720932024205,
              41.7757939990285
            ],
            [
              -87.5720040676008,
              41.7758290838487
            ],
            [
              -87.5719418060182,
              41.7758857527043
            ],
            [
              -87.5718908022508,
              41.7759825616569
            ],
            [
              -87.5718471094448,
              41.7760810669899
            ],
            [
              -87.5718082186928,
              41.776207595603
            ],
            [
              -87.5717849509532,
              41.7763150171966
            ],
            [
              -87.5717625125994,
              41.776414211691
            ],
            [
              -87.5717510667916,
              41.77651402736
            ],
            [
              -87.5717513899869,
              41.7766106292717
            ],
            [
              -87.5717785307403,
              41.7766717321127
            ],
            [
              -87.5718294895998,
              41.776702805932
            ],
            [
              -87.5718788774885,
              41.7768046722247
            ],
            [
              -87.5719358050687,
              41.7768890247466
            ],
            [
              -87.5720072615782,
              41.7769849992581
            ],
            [
              -87.5720873917018,
              41.7770914597667
            ],
            [
              -87.5721647000485,
              41.7771885706685
            ],
            [
              -87.5722285067626,
              41.7772493680172
            ],
            [
              -87.5722785380787,
              41.7772969014924
            ],
            [
              -87.5723103508805,
              41.7773349828594
            ],
            [
              -87.5723205112904,
              41.7773438321605
            ],
            [
              -87.5723778028285,
              41.777335429663
            ],
            [
              -87.5724560271002,
              41.7774171784207
            ],
            [
              -87.5726270926965,
              41.7773365317648
            ],
            [
              -87.5726519496545,
              41.777342734062
            ],
            [
              -87.5728736862493,
              41.7776279616845
            ],
            [
              -87.5728735695418,
              41.777637840348
            ],
            [
              -87.5727968438118,
              41.7776773987695
            ],
            [
              -87.5728239668184,
              41.7777028257708
            ],
            [
              -87.5729991807966,
              41.777866995947
            ],
            [
              -87.5730792530959,
              41.7779383224499
            ],
            [
              -87.5731624431871,
              41.7780124258891
            ],
            [
              -87.573276739617,
              41.7781443596203
            ],
            [
              -87.5733493015553,
              41.7782710768906
            ],
            [
              -87.573366399699,
              41.7783134514779
            ],
            [
              -87.5733262442616,
              41.7784229578853
            ],
            [
              -87.5733861038488,
              41.7786319191668
            ],
            [
              -87.5733864039128,
              41.7787307160454
            ],
            [
              -87.573384555485,
              41.7788251067526
            ],
            [
              -87.5733703405138,
              41.7789111833398
            ],
            [
              -87.5733544028965,
              41.7789569077805
            ],
            [
              -87.5733384648927,
              41.7790026319415
            ],
            [
              -87.5733044780922,
              41.7790863822874
            ],
            [
              -87.5732648477298,
              41.7791514341315
            ],
            [
              -87.5732195586684,
              41.7791988845343
            ],
            [
              -87.5731312101449,
              41.7792290362363
            ],
            [
              -87.5731311139651,
              41.7792290465769
            ],
            [
              -87.5730210796204,
              41.7792409314201
            ],
            [
              -87.5729292082941,
              41.7792589839652
            ],
            [
              -87.5728408675024,
              41.7792885869114
            ],
            [
              -87.5727524217744,
              41.7793269702641
            ],
            [
              -87.5727466359913,
              41.7793275557355
            ],
            [
              -87.5726709319074,
              41.779335212448
            ],
            [
              -87.5725954438994,
              41.7793319685869
            ],
            [
              -87.5724827241135,
              41.7793147563916
            ],
            [
              -87.5724024542231,
              41.7792884951349
            ],
            [
              -87.5723782715555,
              41.7792805834437
            ],
            [
              -87.5722942095827,
              41.7792525623295
            ],
            [
              -87.5722438805376,
              41.7792357851454
            ],
            [
              -87.5721747324655,
              41.7791925166936
            ],
            [
              -87.572131576985,
              41.7791214276022
            ],
            [
              -87.5721008673385,
              41.7790520678097
            ],
            [
              -87.5720925297161,
              41.7790130442348
            ],
            [
              -87.5721039817651,
              41.7789746995501
            ],
            [
              -87.5720881202856,
              41.7789266753529
            ],
            [
              -87.5720834526735,
              41.7789125429043
            ],
            [
              -87.572025633423,
              41.778841357151
            ],
            [
              -87.5719452866733,
              41.7787530069389
            ],
            [
              -87.5719452362353,
              41.7787529316856
            ],
            [
              -87.5719417735389,
              41.7787478076553
            ],
            [
              -87.5718905177488,
              41.7786719618982
            ],
            [
              -87.5718291894893,
              41.7785875802071
            ],
            [
              -87.5717825245633,
              41.7785750994143
            ],
            [
              -87.5717597498174,
              41.7785690081551
            ],
            [
              -87.5717291737867,
              41.7785612891296
            ],
            [
              -87.5716771385868,
              41.7785481527575
            ],
            [
              -87.5715864428684,
              41.7784833392149
            ],
            [
              -87.5715717073304,
              41.778472808825
            ],
            [
              -87.5714775420718,
              41.7783750366255
            ],
            [
              -87.5714570691543,
              41.7783531757046
            ],
            [
              -87.5713834081083,
              41.7782745208166
            ],
            [
              -87.5713000005634,
              41.7781968190874
            ],
            [
              -87.5712593896352,
              41.7781589867191
            ],
            [
              -87.5711484196132,
              41.7780561630531
            ],
            [
              -87.571138918692,
              41.7780486553162
            ],
            [
              -87.5709333900173,
              41.7778862369944
            ],
            [
              -87.570891079549,
              41.7778539995209
            ],
            [
              -87.5708069463379,
              41.7777898968709
            ],
            [
              -87.5706674737747,
              41.7776885298474
            ],
            [
              -87.5706651841069,
              41.7776868678001
            ],
            [
              -87.5705988898851,
              41.7776360266389
            ],
            [
              -87.570554007363,
              41.7776016058977
            ],
            [
              -87.5705295601368,
              41.7775824934453
            ],
            [
              -87.5704145174237,
              41.7774925547187
            ],
            [
              -87.570330974722,
              41.777426685848
            ],
            [
              -87.5702339050554,
              41.7773266978972
            ],
            [
              -87.5702069086687,
              41.7772956999471
            ],
            [
              -87.5701550554084,
              41.7772361606569
            ],
            [
              -87.5700352966724,
              41.7771327297607
            ],
            [
              -87.5699988207171,
              41.7770917811081
            ],
            [
              -87.5699723432275,
              41.7770620574296
            ],
            [
              -87.5699040876882,
              41.7770056201268
            ],
            [
              -87.5698493168808,
              41.7769869245787
            ],
            [
              -87.5698305968539,
              41.7769805327641
            ],
            [
              -87.5698171841437,
              41.7769759534199
            ],
            [
              -87.5697832683428,
              41.7769755699389
            ],
            [
              -87.5696991485579,
              41.7769746194863
            ],
            [
              -87.5696204920867,
              41.7769296394369
            ],
            [
              -87.5695077156583,
              41.7768558913415
            ],
            [
              -87.5695076739185,
              41.7768558764278
            ],
            [
              -87.5695014843506,
              41.7768536267635
            ],
            [
              -87.5694215659565,
              41.7768245825001
            ],
            [
              -87.5693330257878,
              41.776775405555
            ],
            [
              -87.5692955463936,
              41.7767545889619
            ],
            [
              -87.5692319622655,
              41.7767179672698
            ],
            [
              -87.5691943186926,
              41.7766962859241
            ],
            [
              -87.5689638814243,
              41.7765249086958
            ],
            [
              -87.5689618778407,
              41.7765234595536
            ],
            [
              -87.5689502500188,
              41.7765150483339
            ],
            [
              -87.5688985211788,
              41.7764749116905
            ],
            [
              -87.5688183933308,
              41.7764118913266
            ],
            [
              -87.568765107078,
              41.7763597637943
            ],
            [
              -87.5687578357874,
              41.7763526505072
            ],
            [
              -87.5687475209351,
              41.7763423204169
            ],
            [
              -87.5686979466416,
              41.7762926734207
            ],
            [
              -87.5686649247075,
              41.7762601261906
            ],
            [
              -87.5686379011494,
              41.77623349138
            ],
            [
              -87.5685644501547,
              41.776157890731
            ],
            [
              -87.5685054812315,
              41.7760883149344
            ],
            [
              -87.5684462624259,
              41.7760244452882
            ],
            [
              -87.5684246219723,
              41.7760051287846
            ],
            [
              -87.5683877486235,
              41.7759722160875
            ],
            [
              -87.5683532616329,
              41.7759347346607
            ],
            [
              -87.568318618317,
              41.7758970839574
            ],
            [
              -87.5682690811965,
              41.775845537699
            ],
            [
              -87.5682329369506,
              41.7758079274691
            ],
            [
              -87.5682218013004,
              41.7757940605144
            ],
            [
              -87.5682168963994,
              41.7757879525427
            ],
            [
              -87.5681371104195,
              41.7757056136366
            ],
            [
              -87.5680761427588,
              41.7756316059985
            ],
            [
              -87.5680152770761,
              41.7755490631719
            ],
            [
              -87.568011860882,
              41.7755450329299
            ],
            [
              -87.5679156370211,
              41.7754315206631
            ],
            [
              -87.5678249154638,
              41.7753192510927
            ],
            [
              -87.5677436584575,
              41.7752097064813
            ],
            [
              -87.5677158207372,
              41.7751688618615
            ],
            [
              -87.5676989778791,
              41.7751441498119
            ],
            [
              -87.5676731471795,
              41.7751087484065
            ],
            [
              -87.5676257146707,
              41.7750437417093
            ],
            [
              -87.5675742535446,
              41.7749763359761
            ],
            [
              -87.5675234116005,
              41.7749097419909
            ],
            [
              -87.5675117140108,
              41.7748944156492
            ],
            [
              -87.5674953276418,
              41.7748729465192
            ],
            [
              -87.5674677420144,
              41.7748404892409
            ],
            [
              -87.5674642708118,
              41.7748364048275
            ],
            [
              -87.5674354857172,
              41.7747968878208
            ],
            [
              -87.5674180527396,
              41.7747756032534
            ],
            [
              -87.5673755726731,
              41.7747237370136
            ],
            [
              -87.567371724895,
              41.774714113484
            ],
            [
              -87.5673690929108,
              41.7747075296761
            ],
            [
              -87.5673686245261,
              41.7747068402066
            ],
            [
              -87.5673663809983,
              41.7747036888007
            ],
            [
              -87.5673540567031,
              41.7746863807296
            ],
            [
              -87.5673293205595,
              41.7746597712854
            ],
            [
              -87.5673188371081,
              41.7746484937098
            ],
            [
              -87.5673049167679,
              41.774622609517
            ],
            [
              -87.5673042030089,
              41.7746212828339
            ],
            [
              -87.5672776803235,
              41.7745888605882
            ],
            [
              -87.5672335679791,
              41.7745249815376
            ],
            [
              -87.567231332109,
              41.7745215573978
            ],
            [
              -87.5672072126982,
              41.7744846291223
            ],
            [
              -87.5671684389399,
              41.7744404070382
            ],
            [
              -87.5671613847827,
              41.7744316852965
            ],
            [
              -87.5671409448952,
              41.7744064137631
            ],
            [
              -87.5671066988356,
              41.7743637589302
            ],
            [
              -87.5670808064604,
              41.7743368571371
            ],
            [
              -87.5670773752036,
              41.7743329014108
            ],
            [
              -87.5670548044291,
              41.7743068807285
            ],
            [
              -87.5670393209493,
              41.7742866426047
            ],
            [
              -87.5670323506415,
              41.7742775319996
            ],
            [
              -87.5670106992943,
              41.7742517004853
            ],
            [
              -87.567002107102,
              41.7742413611443
            ],
            [
              -87.5669914348941,
              41.774228519681
            ],
            [
              -87.5669538526486,
              41.7741920171975
            ],
            [
              -87.5669442682953,
              41.7741752235265
            ],
            [
              -87.5669409605034,
              41.7741694282995
            ],
            [
              -87.5669208839923,
              41.7741405619361
            ],
            [
              -87.5668912462221,
              41.7741111641555
            ],
            [
              -87.5668676487204,
              41.7740824666672
            ],
            [
              -87.566860912884,
              41.7740686925988
            ],
            [
              -87.5668566858479,
              41.7740600492507
            ],
            [
              -87.5668539419127,
              41.7740544380828
            ],
            [
              -87.5668505474058,
              41.7740322489894
            ],
            [
              -87.5668498946738,
              41.7740279841258
            ],
            [
              -87.5668404922623,
              41.7740078603671
            ],
            [
              -87.5668393571944,
              41.7739923475608
            ],
            [
              -87.5668382983923,
              41.773990412359
            ],
            [
              -87.5668316435262,
              41.7739782447869
            ],
            [
              -87.566819113497,
              41.7739651535309
            ],
            [
              -87.5667954810286,
              41.7739610443498
            ],
            [
              -87.566777892594,
              41.7739541757685
            ],
            [
              -87.5667359731604,
              41.7739278804714
            ],
            [
              -87.5666962632424,
              41.7739130702086
            ],
            [
              -87.5666459028699,
              41.7738905608301
            ],
            [
              -87.5666339340326,
              41.7738847451163
            ],
            [
              -87.5665903553353,
              41.7738635702388
            ],
            [
              -87.5665603733412,
              41.7738379187735
            ],
            [
              -87.5665560580612,
              41.7738342265289
            ],
            [
              -87.5665560235888,
              41.773834196752
            ],
            [
              -87.5665552283402,
              41.7738340196518
            ],
            [
              -87.566553355205,
              41.773833602916
            ],
            [
              -87.5665219230678,
              41.7738255170128
            ],
            [
              -87.5664915796552,
              41.7738154073197
            ],
            [
              -87.5664755496889,
              41.7738087255525
            ],
            [
              -87.5664625420102,
              41.7738033035526
            ],
            [
              -87.5664539072225,
              41.7737989220119
            ],
            [
              -87.5668165471987,
              41.7735668025579
            ],
            [
              -87.5672819912051,
              41.7735580797434
            ],
            [
              -87.5673996073327,
              41.7735571624882
            ],
            [
              -87.5675259520854,
              41.7735559465391
            ],
            [
              -87.5681438897727,
              41.773549992431
            ],
            [
              -87.568351851173,
              41.773547802932
            ],
            [
              -87.5686643802595,
              41.7735445115933
            ],
            [
              -87.5688193992493,
              41.7735427441145
            ],
            [
              -87.569060949213,
              41.7735399055338
            ],
            [
              -87.5692555686198,
              41.7735375227291
            ],
            [
              -87.5694703854152,
              41.7735353287736
            ],
            [
              -87.5697558167115,
              41.7735324786161
            ],
            [
              -87.5698903016621,
              41.773531144298
            ],
            [
              -87.5699895525187,
              41.773530073806
            ],
            [
              -87.5702175997051,
              41.7735276137195
            ],
            [
              -87.5702221897546,
              41.7735275640753
            ],
            [
              -87.5705107473504,
              41.773523909521
            ],
            [
              -87.5707756554993,
              41.7735205089124
            ],
            [
              -87.5710248731828,
              41.7735171682385
            ],
            [
              -87.571351051882,
              41.7735128006973
            ],
            [
              -87.5716225946872,
              41.7735094292419
            ],
            [
              -87.5718625334153,
              41.7735064497703
            ],
            [
              -87.5720339111218,
              41.7735039908099
            ],
            [
              -87.5722234732974,
              41.7735014349937
            ],
            [
              -87.572290498373,
              41.7735005312933
            ],
            [
              -87.5725860241775,
              41.7734965883705
            ],
            [
              -87.5728329442378,
              41.7734953243732
            ],
            [
              -87.5731774578802,
              41.773493560165
            ],
            [
              -87.573441332031,
              41.7734908688639
            ],
            [
              -87.5734500211168,
              41.7734907803402
            ],
            [
              -87.5737774342628,
              41.773487374575
            ],
            [
              -87.5740534497615,
              41.773484031609
            ],
            [
              -87.5744839726691,
              41.77347881617
            ],
            [
              -87.5746649232571,
              41.7734759499861
            ],
            [
              -87.5747648399716,
              41.7734743591732
            ],
            [
              -87.57502942803,
              41.7734701507963
            ],
            [
              -87.5752775136901,
              41.7734694828274
            ],
            [
              -87.5754154695019,
              41.773469103215
            ],
            [
              -87.5756690848969,
              41.7734689374102
            ],
            [
              -87.5758905821291,
              41.7734690853736
            ],
            [
              -87.575933034371,
              41.7734691136044
            ],
            [
              -87.576295502857,
              41.7734649712634
            ],
            [
              -87.5764931909431,
              41.7734634644354
            ],
            [
              -87.5768787050624,
              41.7734605250562
            ],
            [
              -87.5771765596345,
              41.7734549116391
            ],
            [
              -87.5774561895401,
              41.7734465704676
            ],
            [
              -87.5777318056617,
              41.7734428990691
            ],
            [
              -87.5779099270505,
              41.7734405261895
            ],
            [
              -87.5782077602364,
              41.7734367211891
            ],
            [
              -87.5785034672869,
              41.7734329014471
            ],
            [
              -87.5787447259833,
              41.7734297936017
            ],
            [
              -87.5789554023566,
              41.7734273626115
            ],
            [
              -87.5790565245972,
              41.7734261514
            ],
            [
              -87.5792080967526,
              41.773424438655
            ],
            [
              -87.5795918691728,
              41.7734199043372
            ],
            [
              -87.5798417412559,
              41.773416933027
            ],
            [
              -87.5801861673649,
              41.7734132972971
            ],
            [
              -87.580380561844,
              41.773411244888
            ],
            [
              -87.5805919751344,
              41.7734084861365
            ],
            [
              -87.5810450511536,
              41.773402534911
            ],
            [
              -87.5814202039685,
              41.7733983362379
            ],
            [
              -87.58173192757,
              41.7733948462748
            ],
            [
              -87.5820450100921,
              41.7733910762019
            ],
            [
              -87.5823723564103,
              41.7733870691987
            ],
            [
              -87.5826549267771,
              41.7733843098913
            ],
            [
              -87.5829077255402,
              41.773381840616
            ],
            [
              -87.5833377439736,
              41.7733757297331
            ],
            [
              -87.5835953583759,
              41.7733720598421
            ],
            [
              -87.5838671897389,
              41.7733691528246
            ],
            [
              -87.5839076698617,
              41.7733687198444
            ],
            [
              -87.5841117412674,
              41.7733665370847
            ],
            [
              -87.5843625304167,
              41.7733634521488
            ],
            [
              -87.5847136453961,
              41.773358331052
            ],
            [
              -87.5850863528054,
              41.7733532260224
            ],
            [
              -87.5853382092474,
              41.7733497754282
            ],
            [
              -87.5854707211812,
              41.7733477840492
            ],
            [
              -87.5857629902481,
              41.7733530224823
            ],
            [
              -87.5859515987287,
              41.7733564019709
            ],
            [
              -87.5861046028664,
              41.773352351854
            ],
            [
              -87.5863018800657,
              41.7733471289123
            ],
            [
              -87.5866431431511,
              41.7733380936532
            ],
            [
              -87.5869513049716,
              41.7733350241232
            ],
            [
              -87.5872837029639,
              41.7733316073039
            ],
            [
              -87.5875033959387,
              41.7733292737988
            ],
            [
              -87.5877172591452,
              41.7733270123584
            ],
            [
              -87.5880851857148,
              41.7733231426651
            ],
            [
              -87.5882227121286,
              41.7733218244501
            ],
            [
              -87.5884925511849,
              41.7733198842539
            ],
            [
              -87.5887713665951,
              41.7733172927488
            ],
            [
              -87.5890978706027,
              41.7733142570226
            ],
            [
              -87.5893118427696,
              41.7733120753735
            ],
            [
              -87.5897330778737,
              41.7733077497824
            ],
            [
              -87.5902164954548,
              41.7733027820502
            ],
            [
              -87.590652799411,
              41.7732983035695
            ],
            [
              -87.5908556255342,
              41.7732962390902
            ],
            [
              -87.5911749689571,
              41.7732930757144
            ],
            [
              -87.5914273641959,
              41.7732905749278
            ],
            [
              -87.5915909597997,
              41.7732887044922
            ],
            [
              -87.5917194614332,
              41.7732872351822
            ],
            [
              -87.5918108771102,
              41.7732861896599
            ],
            [
              -87.5920540679984,
              41.7732837943907
            ],
            [
              -87.5920684050921,
              41.7732836530841
            ],
            [
              -87.5921042973069,
              41.7732833006777
            ],
            [
              -87.5922980357037,
              41.7732813981288
            ],
            [
              -87.5923180135471,
              41.77328120179
            ],
            [
              -87.5923552113732,
              41.7732808357721
            ],
            [
              -87.5925757247943,
              41.7732786649844
            ],
            [
              -87.5929200706301,
              41.7732755169081
            ],
            [
              -87.5931760565677,
              41.7732731762024
            ],
            [
              -87.5936442241011,
              41.7732680957935
            ],
            [
              -87.5937095966299,
              41.7732673964562
            ],
            [
              -87.5939869623927,
              41.773264429219
            ],
            [
              -87.5942365739106,
              41.7732616993463
            ],
            [
              -87.5945060151262,
              41.7732592210484
            ],
            [
              -87.5947123951235,
              41.773257322452
            ],
            [
              -87.5950248492544,
              41.7732539520461
            ],
            [
              -87.5952849826116,
              41.7732511426143
            ],
            [
              -87.5952893093754,
              41.7732510957656
            ],
            [
              -87.5955545029387,
              41.7732482161434
            ],
            [
              -87.5957803555212,
              41.7732457696977
            ],
            [
              -87.5960465980078,
              41.7732440954776
            ],
            [
              -87.5962274539627,
              41.7732429581985
            ],
            [
              -87.5964940389351,
              41.7732402499919
            ],
            [
              -87.5966528313297,
              41.7732386170673
            ],
            [
              -87.5968063440809,
              41.7732370384418
            ],
            [
              -87.597180135151,
              41.7732331772127
            ],
            [
              -87.5972645379752,
              41.7732321674864
            ],
            [
              -87.5973886853165,
              41.773233839356
            ],
            [
              -87.5975917299994,
              41.7732286238147
            ],
            [
              -87.5978106875588,
              41.7732264582605
            ],
            [
              -87.5978684699154,
              41.7732258910062
            ],
            [
              -87.5980526695007,
              41.7732240828922
            ],
            [
              -87.5982711131619,
              41.7732219406142
            ],
            [
              -87.5984803107486,
              41.7732204484534
            ],
            [
              -87.5986402705534,
              41.7732193073603
            ],
            [
              -87.5989691145724,
              41.7732156468365
            ],
            [
              -87.5990821880315,
              41.7732143676018
            ],
            [
              -87.5991334084025,
              41.7732137879595
            ],
            [
              -87.5995303520016,
              41.7732093878289
            ],
            [
              -87.5996941165167,
              41.7732076825657
            ],
            [
              -87.6000060918678,
              41.7732044327669
            ],
            [
              -87.6002164661915,
              41.7732026469253
            ],
            [
              -87.6002901586592,
              41.7732020334334
            ],
            [
              -87.6003956026312,
              41.773201155386
            ],
            [
              -87.6006690375955,
              41.7731988928344
            ],
            [
              -87.6009078744067,
              41.7731957992829
            ],
            [
              -87.6011446590521,
              41.7731927316739
            ],
            [
              -87.6014256113937,
              41.7731902133586
            ],
            [
              -87.6017223294703,
              41.7731875477699
            ],
            [
              -87.6021279706041,
              41.7731842500531
            ],
            [
              -87.6022372639269,
              41.7731833613345
            ],
            [
              -87.6025485438905,
              41.7731799904333
            ],
            [
              -87.6027299956874,
              41.7731780116179
            ],
            [
              -87.6028298693361,
              41.7731769221982
            ],
            [
              -87.6031110844819,
              41.7731738800159
            ],
            [
              -87.6033426978045,
              41.7731709023413
            ],
            [
              -87.603611049946,
              41.7731674517287
            ],
            [
              -87.6038063230093,
              41.773165453346
            ],
            [
              -87.6039440328196,
              41.7731640409067
            ],
            [
              -87.6040872429676,
              41.7731625718314
            ],
            [
              -87.6042433589658,
              41.7731609281647
            ],
            [
              -87.6045630226271,
              41.7731585463011
            ],
            [
              -87.6048977913857,
              41.7731560507569
            ],
            [
              -87.6051633678518,
              41.7731549038829
            ],
            [
              -87.6051784724198,
              41.7731548388024
            ],
            [
              -87.6053968654363,
              41.7731538626976
            ],
            [
              -87.6057744862305,
              41.7731486986185
            ],
            [
              -87.6057655555083,
              41.7727968056695
            ],
            [
              -87.6057597757464,
              41.7725200071682
            ],
            [
              -87.6057529421172,
              41.7722845307526
            ],
            [
              -87.6057466501116,
              41.7719978223597
            ],
            [
              -87.6057411353622,
              41.771746272993
            ],
            [
              -87.6057362709279,
              41.7715246679708
            ],
            [
              -87.6057323542992,
              41.7713295513713
            ],
            [
              -87.6057271438814,
              41.7710551988258
            ],
            [
              -87.6057233940034,
              41.7708962256096
            ],
            [
              -87.6057147925994,
              41.7705414712113
            ],
            [
              -87.6057071633507,
              41.7702239630127
            ],
            [
              -87.6057028886602,
              41.7700475327414
            ],
            [
              -87.6056977733874,
              41.7698352292207
            ],
            [
              -87.605690471578,
              41.7695109443761
            ],
            [
              -87.605684178295,
              41.7692314533294
            ],
            [
              -87.6056784361406,
              41.7689837718554
            ],
            [
              -87.6056755728585,
              41.7688608642238
            ],
            [
              -87.6056676570464,
              41.7685092153682
            ],
            [
              -87.6056636139113,
              41.7683296302973
            ],
            [
              -87.6056566811961,
              41.7680284000546
            ],
            [
              -87.6056473813604,
              41.7676219659818
            ],
            [
              -87.6056466455239,
              41.7675898980776
            ],
            [
              -87.6056445191484,
              41.7674972193757
            ],
            [
              -87.6056380244236,
              41.767214104485
            ],
            [
              -87.6056297062566,
              41.766853808175
            ],
            [
              -87.6056091269235,
              41.7665405262873
            ],
            [
              -87.605606107542,
              41.7663990110166
            ],
            [
              -87.6056145871404,
              41.7661806190812
            ],
            [
              -87.6055928957702,
              41.7658763997339
            ],
            [
              -87.6060936758376,
              41.7662457835399
            ],
            [
              -87.6062991310929,
              41.7663919552389
            ],
            [
              -87.6065322963445,
              41.7665578686954
            ],
            [
              -87.6066282243444,
              41.7666261534021
            ],
            [
              -87.6066539700296,
              41.7666444799166
            ],
            [
              -87.6068317179474,
              41.7667709634627
            ],
            [
              -87.6069160833434,
              41.7668309657997
            ],
            [
              -87.6070751408736,
              41.766944158172
            ],
            [
              -87.6071781978667,
              41.7670174785318
            ],
            [
              -87.6072715819379,
              41.7670839318166
            ],
            [
              -87.6074493322832,
              41.7672104144167
            ],
            [
              -87.6075613718714,
              41.7672901579488
            ],
            [
              -87.6076921400561,
              41.7673831922801
            ],
            [
              -87.6080289165374,
              41.7676228101855
            ],
            [
              -87.6080843372256,
              41.7676622662548
            ],
            [
              -87.6083658752053,
              41.7678628124487
            ],
            [
              -87.6086274477819,
              41.7680530465593
            ],
            [
              -87.6087489559222,
              41.7681414149693
            ],
            [
              -87.6089445167948,
              41.7682818388157
            ],
            [
              -87.6093074974213,
              41.7685424199238
            ],
            [
              -87.609568219705,
              41.7687300984429
            ],
            [
              -87.6097540353632,
              41.7688638457598
            ],
            [
              -87.6100698509688,
              41.7690911684045
            ],
            [
              -87.6105225623785,
              41.7694138943959
            ],
            [
              -87.6109106829516,
              41.7696905710017
            ],
            [
              -87.6111423910566,
              41.7698577831441
            ],
            [
              -87.6113560652419,
              41.77001192842
            ],
            [
              -87.6115972657918,
              41.770186032584
            ],
            [
              -87.6118385046098,
              41.7703601090359
            ],
            [
              -87.6121891904453,
              41.7706112811298
            ],
            [
              -87.6124909579377,
              41.7708274139914
            ],
            [
              -87.6126211483532,
              41.7709209055831
            ],
            [
              -87.6128256720719,
              41.7710678280986
            ],
            [
              -87.6128704752348,
              41.771100217308
            ],
            [
              -87.6129921853974,
              41.7711882043054
            ],
            [
              -87.6133555774698,
              41.77145090552
            ],
            [
              -87.6135040505827,
              41.7715586712337
            ],
            [
              -87.6136305240777,
              41.7716504643668
            ],
            [
              -87.6142769687659,
              41.7721197522524
            ],
            [
              -87.6145642490818,
              41.7723282226691
            ],
            [
              -87.6154555351325,
              41.7729776076949
            ],
            [
              -87.6154574327475,
              41.7730418719587
            ],
            [
              -87.6154633004409,
              41.7732405858272
            ],
            [
              -87.6154675849071,
              41.7734313683946
            ],
            [
              -87.6154691797209,
              41.7735023732142
            ],
            [
              -87.6154753016248,
              41.7737752490475
            ],
            [
              -87.6154809554541,
              41.7740277044067
            ],
            [
              -87.6154879593053,
              41.7743398839925
            ],
            [
              -87.6154950416609,
              41.7746548906728
            ],
            [
              -87.6154976229663,
              41.7747936310464
            ],
            [
              -87.6154994241401,
              41.7748904194884
            ],
            [
              -87.6154994447094,
              41.7748915337996
            ],
            [
              -87.6155001394519,
              41.7749288478894
            ],
            [
              -87.6155010705851,
              41.7749788920315
            ],
            [
              -87.6155086285393,
              41.7752512550772
            ],
            [
              -87.6155147534843,
              41.7755239115769
            ],
            [
              -87.6155176036594,
              41.7756575805116
            ],
            [
              -87.6155220712853,
              41.7758671035383
            ],
            [
              -87.6155283160144,
              41.7761290577456
            ],
            [
              -87.6155400139694,
              41.7765585144726
            ],
            [
              -87.6155404848169,
              41.7765757984913
            ],
            [
              -87.6155414598443,
              41.7766115857511
            ],
            [
              -87.6155432773404,
              41.7766783132979
            ],
            [
              -87.6155456406291,
              41.7767650731891
            ],
            [
              -87.6155542744193,
              41.7771283889514
            ],
            [
              -87.6155633847857,
              41.7775112766576
            ],
            [
              -87.6155633860312,
              41.7775113293557
            ],
            [
              -87.6155683951713,
              41.7777229729178
            ],
            [
              -87.6155731186205,
              41.7779215079548
            ],
            [
              -87.6155744596161,
              41.7779778730863
            ],
            [
              -87.6155785323135,
              41.7781487583399
            ],
            [
              -87.6155849790022,
              41.7783412065892
            ],
            [
              -87.6155863449541,
              41.7783819859491
            ],
            [
              -87.6155879744623,
              41.7784306279753
            ],
            [
              -87.6155947886445,
              41.7786340501836
            ],
            [
              -87.6155972367613,
              41.7787470778239
            ],
            [
              -87.6155989272936,
              41.7788251335313
            ],
            [
              -87.6156011732127,
              41.7789320958465
            ],
            [
              -87.6156031897848,
              41.7790281278657
            ],
            [
              -87.6156044856195,
              41.7790911108342
            ],
            [
              -87.6156066613307,
              41.7791968410684
            ],
            [
              -87.6156081817119,
              41.7792691472423
            ],
            [
              -87.6156100871032,
              41.7793597635282
            ],
            [
              -87.615614781371,
              41.7795635289423
            ],
            [
              -87.6156182605729,
              41.7797329400499
            ],
            [
              -87.6156202683802,
              41.7798307146249
            ],
            [
              -87.6156202940859,
              41.7798319274872
            ],
            [
              -87.6156202965886,
              41.7798320647173
            ],
            [
              -87.6156234782001,
              41.7799869997506
            ],
            [
              -87.6156247089703,
              41.7801166476845
            ],
            [
              -87.6156250319625,
              41.7801291762869
            ],
            [
              -87.6156252744859,
              41.7801385970274
            ],
            [
              -87.6156280663563,
              41.7802469760379
            ],
            [
              -87.6156333820354,
              41.7804526267874
            ],
            [
              -87.6156373556492,
              41.7805870430343
            ],
            [
              -87.6156405692808,
              41.7807025156404
            ],
            [
              -87.615642512543,
              41.7807723145101
            ],
            [
              -87.6156498026686,
              41.7810391875744
            ],
            [
              -87.6156574329757,
              41.7813183020062
            ],
            [
              -87.6156661307484,
              41.7816365017673
            ],
            [
              -87.6156734191867,
              41.7819035391631
            ],
            [
              -87.6156744581655,
              41.7819470825605
            ],
            [
              -87.6156776659107,
              41.7820815053763
            ],
            [
              -87.61568166536,
              41.7822490963537
            ],
            [
              -87.6156855102149,
              41.782417235767
            ],
            [
              -87.6156916615613,
              41.7826842934657
            ],
            [
              -87.6156965967427,
              41.7828993667337
            ],
            [
              -87.615702172095,
              41.7831424906184
            ],
            [
              -87.6157071125768,
              41.7833866533564
            ],
            [
              -87.6157108556048,
              41.7835836617358
            ],
            [
              -87.6157192325557,
              41.7838920663745
            ],
            [
              -87.6157262965715,
              41.7841521002121
            ],
            [
              -87.6157301673684,
              41.7842915890934
            ],
            [
              -87.6157361731527,
              41.7845158897945
            ],
            [
              -87.6157429833779,
              41.7847765298778
            ],
            [
              -87.6157442964846,
              41.7848396564169
            ],
            [
              -87.6157492143084,
              41.7850398008464
            ],
            [
              -87.6157528290501,
              41.7851922960281
            ],
            [
              -87.6157613831807,
              41.785553168339
            ],
            [
              -87.6157652780487,
              41.785706753092
            ],
            [
              -87.6155794700422,
              41.7857117579324
            ],
            [
              -87.6152724887393,
              41.7857188323048
            ],
            [
              -87.6147096492331,
              41.7857288422224
            ],
            [
              -87.6144687713144,
              41.7857332260643
            ],
            [
              -87.6141856084973,
              41.7857383787534
            ],
            [
              -87.6136039963064,
              41.7857483206204
            ],
            [
              -87.6132815931904,
              41.7857539568588
            ],
            [
              -87.6130085912862,
              41.7857587219162
            ],
            [
              -87.612444686123,
              41.7857688787098
            ],
            [
              -87.6120932401412,
              41.7857748290953
            ],
            [
              -87.6118806409314,
              41.7857784281121
            ],
            [
              -87.6111539369424,
              41.7857915901702
            ],
            [
              -87.6109233347527,
              41.7857954609102
            ],
            [
              -87.6106853178095,
              41.7857994557887
            ],
            [
              -87.6100641327209,
              41.7858100912921
            ],
            [
              -87.609726141932,
              41.7858161133827
            ],
            [
              -87.6094014639781,
              41.7858218890576
            ],
            [
              -87.6088554628399,
              41.7858310158945
            ],
            [
              -87.608570880963,
              41.7858366515637
            ],
            [
              -87.6085451910911,
              41.7858371601906
            ],
            [
              -87.6080861272687,
              41.7858462497691
            ],
            [
              -87.6074744245802,
              41.785858083729
            ],
            [
              -87.6068041522814,
              41.7858710259522
            ],
            [
              -87.6064108709727,
              41.7858766644528
            ],
            [
              -87.6062744514894,
              41.7858782677192
            ],
            [
              -87.6060432258237,
              41.7858819048977
            ],
            [
              -87.6056151342583,
              41.785888637821
            ],
            [
              -87.6053189013343,
              41.785891837853
            ],
            [
              -87.6050071955002,
              41.7858950487968
            ],
            [
              -87.6047187434755,
              41.7858975828218
            ],
            [
              -87.6044371384922,
              41.785901003434
            ],
            [
              -87.6041502530825,
              41.7859044867125
            ],
            [
              -87.6038915719442,
              41.7859072902255
            ],
            [
              -87.6036284217233,
              41.7859096805687
            ],
            [
              -87.6034492495966,
              41.7859112043046
            ],
            [
              -87.6030833501715,
              41.785914340127
            ],
            [
              -87.6028085981882,
              41.7859181093149
            ],
            [
              -87.6025265106424,
              41.7859219683949
            ],
            [
              -87.6023867915646,
              41.7859235493466
            ],
            [
              -87.6021067663437,
              41.7859266795605
            ],
            [
              -87.601701544121,
              41.7859311523649
            ],
            [
              -87.6015066279222,
              41.7859338900579
            ],
            [
              -87.6011962444946,
              41.785936246434
            ],
            [
              -87.6008207112582,
              41.7859390960292
            ],
            [
              -87.6005564532039,
              41.7859421857848
            ],
            [
              -87.6002140103701,
              41.7859462030423
            ],
            [
              -87.5998481718661,
              41.7859503992187
            ],
            [
              -87.5995921097588,
              41.7859528595996
            ],
            [
              -87.5994192301408,
              41.7859545204243
            ],
            [
              -87.5990455870131,
              41.7859581976554
            ],
            [
              -87.5986947112525,
              41.7859621564814
            ],
            [
              -87.5982510544746,
              41.7859672769373
            ],
            [
              -87.5980355233716,
              41.7859691539842
            ],
            [
              -87.5979517846601,
              41.7859698833672
            ],
            [
              -87.5976861785652,
              41.7859721958016
            ],
            [
              -87.5974687555111,
              41.7859742885431
            ],
            [
              -87.5972661521368,
              41.7859758720849
            ],
            [
              -87.5971159276744,
              41.7859751487581
            ],
            [
              -87.5969348364008,
              41.7859776382501
            ],
            [
              -87.5965873829193,
              41.7859940241561
            ],
            [
              -87.5963379763668,
              41.7860214548182
            ],
            [
              -87.5962375051222,
              41.7860325047131
            ],
            [
              -87.59600622361,
              41.7860503954533
            ],
            [
              -87.5956416741852,
              41.7860636152036
            ],
            [
              -87.5952305320571,
              41.7860694816342
            ],
            [
              -87.5947955825077,
              41.7860730255571
            ],
            [
              -87.5947384038859,
              41.7860732715756
            ],
            [
              -87.5943838635757,
              41.7860747962635
            ],
            [
              -87.5939416825849,
              41.7860790313943
            ],
            [
              -87.5934680311277,
              41.7860841049747
            ],
            [
              -87.5933224625616,
              41.7860856369525
            ],
            [
              -87.5931423123201,
              41.7860875329374
            ],
            [
              -87.5930086462372,
              41.7860889395017
            ],
            [
              -87.5926363586364,
              41.7860926866719
            ],
            [
              -87.5922477518115,
              41.7860966020647
            ],
            [
              -87.5918052160211,
              41.7860997838533
            ],
            [
              -87.5914806729073,
              41.7861035039404
            ],
            [
              -87.5912048584209,
              41.7861066646787
            ],
            [
              -87.5909558314663,
              41.7861084585952
            ],
            [
              -87.5906222424236,
              41.7861109127839
            ],
            [
              -87.5903478679375,
              41.7861135524991
            ],
            [
              -87.5900012881562,
              41.7861168857565
            ],
            [
              -87.5896826975742,
              41.7861191323921
            ],
            [
              -87.5894539575285,
              41.7861239265426
            ],
            [
              -87.5892325361622,
              41.7861285667608
            ],
            [
              -87.5891596148077,
              41.7861290022192
            ],
            [
              -87.5890874136403,
              41.7861294337898
            ],
            [
              -87.5890873469031,
              41.7861294340435
            ],
            [
              -87.5888600453944,
              41.7861307912926
            ],
            [
              -87.5888006428602,
              41.786130433764
            ],
            [
              -87.5884425821789,
              41.7861282772777
            ],
            [
              -87.5881958532259,
              41.7861323960127
            ],
            [
              -87.5880743726981,
              41.7861344236319
            ],
            [
              -87.5879726092531,
              41.7861354651473
            ],
            [
              -87.5876328368335,
              41.7861398464198
            ],
            [
              -87.5873235917741,
              41.7861393754469
            ],
            [
              -87.5866011102289,
              41.7861503516341
            ],
            [
              -87.5866054291847,
              41.7862909691413
            ],
            [
              -87.5866070685761,
              41.78640080415
            ],
            [
              -87.5863667079987,
              41.7864062139379
            ],
            [
              -87.5861927965468,
              41.786402915018
            ],
            [
              -87.5860608159346,
              41.7863947293407
            ],
            [
              -87.5859590175137,
              41.7863766134627
            ],
            [
              -87.5858294042517,
              41.7863509069423
            ],
            [
              -87.5856933489352,
              41.7863178859963
            ],
            [
              -87.585550916859,
              41.7862724730027
            ],
            [
              -87.5853682597762,
              41.7861409863531
            ],
            [
              -87.58528814831,
              41.7860521262052
            ],
            [
              -87.5851977499506,
              41.7859303224773
            ],
            [
              -87.5851703347886,
              41.7858572450299
            ],
            [
              -87.5849937774952,
              41.7858533815017
            ],
            [
              -87.5845709913648,
              41.7858444182495
            ],
            [
              -87.5844536858404,
              41.7858419381634
            ],
            [
              -87.584053767999,
              41.785941898391
            ],
            [
              -87.5834996397208,
              41.7859417132173
            ],
            [
              -87.5830536746774,
              41.785941888801
            ],
            [
              -87.5824160128511,
              41.7859908926943
            ],
            [
              -87.5817535776599,
              41.7860417894605
            ],
            [
              -87.5808073154515,
              41.7859848258145
            ],
            [
              -87.5803538098054,
              41.7860418854212
            ],
            [
              -87.579053502105,
              41.7860419310606
            ],
            [
              -87.5775165607438,
              41.786102008776
            ],
            [
              -87.5774584640634,
              41.7861102954497
            ],
            [
              -87.5771502940849,
              41.7861542516849
            ]
          ]
        ]
      },
      "properties": {
        "COMMUNITY": "WOODLAWN",
        "AREA_NUMBER": "42",
        "tier": 3,
        "tier_label": "3,000 - 3,500"
      }
    },
    {
      "type": "Feature",
      "geometry": {
        "type": "Polygon",
        "coordinates": [
          [
            [
              -87.5439838294572,
              41.7551600607672
            ],
            [
              -87.5440011058198,
              41.7551715929884
            ],
            [
              -87.5449519147964,
              41.7544429928682
            ],
            [
              -87.5452664704361,
              41.7543703786782
            ],
            [
              -87.5465686161827,
              41.7538788021544
            ],
            [
              -87.5477457072108,
              41.7545379407921
            ],
            [
              -87.5487126101985,
              41.7541010009907
            ],
            [
              -87.5487545435817,
              41.7540267247995
            ],
            [
              -87.5496521248788,
              41.7534865897849
            ],
            [
              -87.5501658433844,
              41.7531774433697
            ],
            [
              -87.5505060168327,
              41.7529750919245
            ],
            [
              -87.5509775291546,
              41.7526925571601
            ],
            [
              -87.5513299988385,
              41.7524813507205
            ],
            [
              -87.5518193758739,
              41.75218691842
            ],
            [
              -87.5522929964154,
              41.7519264748094
            ],
            [
              -87.5522934853778,
              41.7519264679794
            ],
            [
              -87.5523823363676,
              41.7519252401275
            ],
            [
              -87.5524414178746,
              41.7519244240525
            ],
            [
              -87.5524863510241,
              41.7519238029625
            ],
            [
              -87.5525905954991,
              41.7519223623253
            ],
            [
              -87.5529050259732,
              41.7519180165209
            ],
            [
              -87.552957348519,
              41.751917293131
            ],
            [
              -87.5535129652257,
              41.7519096114593
            ],
            [
              -87.5535550807806,
              41.7519090292809
            ],
            [
              -87.5539515774135,
              41.7519042797998
            ],
            [
              -87.5540774069966,
              41.7519027723736
            ],
            [
              -87.5547259230071,
              41.7518950008098
            ],
            [
              -87.5547982759215,
              41.7518941334995
            ],
            [
              -87.5553264557435,
              41.7518868361842
            ],
            [
              -87.5555125101644,
              41.7518842651372
            ],
            [
              -87.5559378399579,
              41.751878376851
            ],
            [
              -87.5565403200573,
              41.7518698919351
            ],
            [
              -87.5569831722302,
              41.7518636500674
            ],
            [
              -87.5573365515644,
              41.7518586694471
            ],
            [
              -87.5577500002286,
              41.7518533311567
            ],
            [
              -87.5584504820037,
              41.7518442831056
            ],
            [
              -87.5589652776406,
              41.7518376323749
            ],
            [
              -87.5594438968025,
              41.7518314442478
            ],
            [
              -87.5599124141167,
              41.751824144664
            ],
            [
              -87.5601763265627,
              41.7518200321951
            ],
            [
              -87.560786916027,
              41.7518105147877
            ],
            [
              -87.560985869757,
              41.7518079631557
            ],
            [
              -87.5613920149916,
              41.7518027536639
            ],
            [
              -87.5619858429965,
              41.7517951337777
            ],
            [
              -87.5626030165832,
              41.7517867700444
            ],
            [
              -87.5630855950353,
              41.7517802280369
            ],
            [
              -87.5638125248002,
              41.7517715973741
            ],
            [
              -87.5642823814516,
              41.7517660161984
            ],
            [
              -87.5650249855775,
              41.7517535949299
            ],
            [
              -87.5654847718757,
              41.7517459016565
            ],
            [
              -87.5662383119617,
              41.7517357550648
            ],
            [
              -87.5669178841679,
              41.7517266002974
            ],
            [
              -87.5674564874766,
              41.7517223074745
            ],
            [
              -87.5681139536781,
              41.751717063952
            ],
            [
              -87.56867562315,
              41.7517086974796
            ],
            [
              -87.5693159128169,
              41.7516991567603
            ],
            [
              -87.5698921799128,
              41.7516916473427
            ],
            [
              -87.5701491866182,
              41.7516882973223
            ],
            [
              -87.5704176345978,
              41.7516847976664
            ],
            [
              -87.5711119826175,
              41.7516762129174
            ],
            [
              -87.5715672888303,
              41.7516705811565
            ],
            [
              -87.5723304631002,
              41.7516609167739
            ],
            [
              -87.573548886835,
              41.7516454769758
            ],
            [
              -87.5740569075398,
              41.7516390354401
            ],
            [
              -87.5747707265182,
              41.7516292720908
            ],
            [
              -87.5754450820974,
              41.7516200442348
            ],
            [
              -87.5759874355275,
              41.7516139556474
            ],
            [
              -87.5766462890544,
              41.7516065560303
            ],
            [
              -87.5772109726162,
              41.7515993183584
            ],
            [
              -87.5777439732391,
              41.7515924842794
            ],
            [
              -87.5784313513874,
              41.751583701874
            ],
            [
              -87.5788572408771,
              41.7515782623245
            ],
            [
              -87.5793124270254,
              41.7515724470416
            ],
            [
              -87.5796548013821,
              41.7515681493777
            ],
            [
              -87.5800580564641,
              41.7515630862738
            ],
            [
              -87.5804006799955,
              41.7515587830806
            ],
            [
              -87.5805190390095,
              41.7515572965279
            ],
            [
              -87.5808723731023,
              41.7515528024943
            ],
            [
              -87.581191253055,
              41.7515487462251
            ],
            [
              -87.581684488817,
              41.75154273867
            ],
            [
              -87.5820932386521,
              41.7515377587055
            ],
            [
              -87.5824839930863,
              41.7515329966861
            ],
            [
              -87.5828978056888,
              41.751527604563
            ],
            [
              -87.5833137442256,
              41.7515221740574
            ],
            [
              -87.5838775409201,
              41.7515148168673
            ],
            [
              -87.584412488839,
              41.7515080718505
            ],
            [
              -87.5845432660763,
              41.7515064238913
            ],
            [
              -87.5856610226003,
              41.7515097776272
            ],
            [
              -87.5858301251082,
              41.7515133936298
            ],
            [
              -87.5858264772017,
              41.7516793518082
            ],
            [
              -87.5858759556964,
              41.7517150546056
            ],
            [
              -87.5859310496585,
              41.7517548093721
            ],
            [
              -87.5859910355101,
              41.7517980940923
            ],
            [
              -87.5865635696862,
              41.7522112189773
            ],
            [
              -87.5870799923208,
              41.7525830241791
            ],
            [
              -87.5875034879178,
              41.7528870768562
            ],
            [
              -87.5878802975753,
              41.7531576069558
            ],
            [
              -87.5882840178849,
              41.7534490083838
            ],
            [
              -87.5884512089775,
              41.753569422302
            ],
            [
              -87.5885953583101,
              41.7536731505663
            ],
            [
              -87.5887600778721,
              41.7537915666272
            ],
            [
              -87.5889024879606,
              41.7538939440141
            ],
            [
              -87.5891639023322,
              41.7540844727892
            ],
            [
              -87.5895124686446,
              41.7543353635171
            ],
            [
              -87.5898289423425,
              41.7545632129313
            ],
            [
              -87.5900141633877,
              41.7546963875189
            ],
            [
              -87.5902785640095,
              41.75488649123
            ],
            [
              -87.5905010112687,
              41.7550466599551
            ],
            [
              -87.5908254493059,
              41.7552804857877
            ],
            [
              -87.5910952970815,
              41.7554747968901
            ],
            [
              -87.5912161293334,
              41.7555604078484
            ],
            [
              -87.5912232825226,
              41.7555654758457
            ],
            [
              -87.5913099042694,
              41.7556268487176
            ],
            [
              -87.5913990632776,
              41.75569001841
            ],
            [
              -87.5917142051029,
              41.7559169209373
            ],
            [
              -87.5919994707018,
              41.7561222791769
            ],
            [
              -87.5923003329879,
              41.7563387693832
            ],
            [
              -87.5925876479643,
              41.7565447156746
            ],
            [
              -87.5928544222138,
              41.7567363133914
            ],
            [
              -87.5930676616887,
              41.7568896242606
            ],
            [
              -87.5932027242648,
              41.7569867284641
            ],
            [
              -87.5932901882377,
              41.757049611331
            ],
            [
              -87.5935287797209,
              41.7572222821022
            ],
            [
              -87.593585992542,
              41.7572636777562
            ],
            [
              -87.5936956420786,
              41.7573424469229
            ],
            [
              -87.5939547733336,
              41.7575285986722
            ],
            [
              -87.5942930719767,
              41.7577672240452
            ],
            [
              -87.5944500967386,
              41.7578835203363
            ],
            [
              -87.5945552454181,
              41.7579613950036
            ],
            [
              -87.5948771742133,
              41.758173678164
            ],
            [
              -87.5949350707477,
              41.7581939464378
            ],
            [
              -87.5951089416046,
              41.7583203755615
            ],
            [
              -87.595413234152,
              41.7585416379477
            ],
            [
              -87.5956360992928,
              41.7587036901768
            ],
            [
              -87.5955512655734,
              41.7587039497989
            ],
            [
              -87.5954958252269,
              41.7587041195808
            ],
            [
              -87.5953854030615,
              41.7587044576184
            ],
            [
              -87.5953617640957,
              41.7588081862565
            ],
            [
              -87.5952191554102,
              41.7594988332921
            ],
            [
              -87.5951521768248,
              41.759826346294
            ],
            [
              -87.5950730886531,
              41.7602110691868
            ],
            [
              -87.5948698213331,
              41.7611167531504
            ],
            [
              -87.5945878392163,
              41.7623541297987
            ],
            [
              -87.5945234540068,
              41.7623545610261
            ],
            [
              -87.5944258540204,
              41.7623552152214
            ],
            [
              -87.5942754372283,
              41.7623562230732
            ],
            [
              -87.5941282436381,
              41.7623572089295
            ],
            [
              -87.5936880807876,
              41.7623594804627
            ],
            [
              -87.5933298422786,
              41.7623622763639
            ],
            [
              -87.593333801672,
              41.76256872949
            ],
            [
              -87.5933404724882,
              41.7628213001336
            ],
            [
              -87.593349031742,
              41.7630934272573
            ],
            [
              -87.5933533106097,
              41.7632742196791
            ],
            [
              -87.5933584329935,
              41.7634906697744
            ],
            [
              -87.5933661540503,
              41.7637293357568
            ],
            [
              -87.5933751339133,
              41.7640150201708
            ],
            [
              -87.5933775148373,
              41.764115586499
            ],
            [
              -87.5933792970235,
              41.7641846493953
            ],
            [
              -87.5933838939751,
              41.7643627788456
            ],
            [
              -87.5933879972524,
              41.764627739558
            ],
            [
              -87.5933883299653,
              41.764643795829
            ],
            [
              -87.5933915349285,
              41.7647984026287
            ],
            [
              -87.5933954485154,
              41.7649171460489
            ],
            [
              -87.5933953065937,
              41.7650315822467
            ],
            [
              -87.5933910291222,
              41.7650625103478
            ],
            [
              -87.593383013263,
              41.7650742591907
            ],
            [
              -87.5933822996376,
              41.7650748289755
            ],
            [
              -87.593336504701,
              41.7656321443164
            ],
            [
              -87.5933051888903,
              41.7660132431658
            ],
            [
              -87.5932908842531,
              41.7660132849464
            ],
            [
              -87.5929284308002,
              41.7660166303584
            ],
            [
              -87.5927566891555,
              41.7660172139177
            ],
            [
              -87.5925353192395,
              41.7660179657136
            ],
            [
              -87.5924909328011,
              41.7660182239705
            ],
            [
              -87.5922875316753,
              41.7660194072995
            ],
            [
              -87.5923522895013,
              41.7677122298903
            ],
            [
              -87.5923537602648,
              41.7677506701932
            ],
            [
              -87.592356765922,
              41.7678292411478
            ],
            [
              -87.5923963116392,
              41.7697369335013
            ],
            [
              -87.5923998332182,
              41.7699067991279
            ],
            [
              -87.5927463906079,
              41.7699088415397
            ],
            [
              -87.5927576903702,
              41.7701613893193
            ],
            [
              -87.5927452569513,
              41.7702065900015
            ],
            [
              -87.5927516762732,
              41.7702858728341
            ],
            [
              -87.5927074001414,
              41.7704701413683
            ],
            [
              -87.5926867034618,
              41.7705564528856
            ],
            [
              -87.5926703514495,
              41.7706235826343
            ],
            [
              -87.5925861613873,
              41.7709712216674
            ],
            [
              -87.5925004978472,
              41.7713274273024
            ],
            [
              -87.5922744762,
              41.7723722311728
            ],
            [
              -87.5922648576284,
              41.7724116183215
            ],
            [
              -87.5922566144054,
              41.7724510140665
            ],
            [
              -87.5922492832676,
              41.7724907592795
            ],
            [
              -87.5922433231678,
              41.7725308560978
            ],
            [
              -87.5922382826935,
              41.7725706158114
            ],
            [
              -87.5922346136252,
              41.7726107274075
            ],
            [
              -87.5922318606076,
              41.772650844638
            ],
            [
              -87.5922304861579,
              41.7726906282735
            ],
            [
              -87.592225908187,
              41.7727300479325
            ],
            [
              -87.5922199631096,
              41.7727687726991
            ],
            [
              -87.5922125766325,
              41.7728133197861
            ],
            [
              -87.5922048033765,
              41.7728516897214
            ],
            [
              -87.5921965675843,
              41.7728903997085
            ],
            [
              -87.5921042973069,
              41.7732833006777
            ],
            [
              -87.5920684050921,
              41.7732836530841
            ],
            [
              -87.5920540679984,
              41.7732837943907
            ],
            [
              -87.5918108771102,
              41.7732861896599
            ],
            [
              -87.5917194614332,
              41.7732872351822
            ],
            [
              -87.5915909597997,
              41.7732887044922
            ],
            [
              -87.5914273641959,
              41.7732905749278
            ],
            [
              -87.5911749689571,
              41.7732930757144
            ],
            [
              -87.5908556255342,
              41.7732962390902
            ],
            [
              -87.590652799411,
              41.7732983035695
            ],
            [
              -87.5902164954548,
              41.7733027820502
            ],
            [
              -87.5897330778737,
              41.7733077497824
            ],
            [
              -87.5893118427696,
              41.7733120753735
            ],
            [
              -87.5890978706027,
              41.7733142570226
            ],
            [
              -87.5887713665951,
              41.7733172927488
            ],
            [
              -87.5884925511849,
              41.7733198842539
            ],
            [
              -87.5882227121286,
              41.7733218244501
            ],
            [
              -87.5880851857148,
              41.7733231426651
            ],
            [
              -87.5877172591452,
              41.7733270123584
            ],
            [
              -87.5875033959387,
              41.7733292737988
            ],
            [
              -87.5872837029639,
              41.7733316073039
            ],
            [
              -87.5869513049716,
              41.7733350241232
            ],
            [
              -87.5866431431511,
              41.7733380936532
            ],
            [
              -87.5863018800657,
              41.7733471289123
            ],
            [
              -87.5861046028664,
              41.773352351854
            ],
            [
              -87.5859515987287,
              41.7733564019709
            ],
            [
              -87.5857629902481,
              41.7733530224823
            ],
            [
              -87.5854707211812,
              41.7733477840492
            ],
            [
              -87.5853382092474,
              41.7733497754282
            ],
            [
              -87.5850863528054,
              41.7733532260224
            ],
            [
              -87.5847136453961,
              41.773358331052
            ],
            [
              -87.5843625304167,
              41.7733634521488
            ],
            [
              -87.5841117412674,
              41.7733665370847
            ],
            [
              -87.5839076698617,
              41.7733687198444
            ],
            [
              -87.5838671897389,
              41.7733691528246
            ],
            [
              -87.5835953583759,
              41.7733720598421
            ],
            [
              -87.5833377439736,
              41.7733757297331
            ],
            [
              -87.5829077255402,
              41.773381840616
            ],
            [
              -87.5826549267771,
              41.7733843098913
            ],
            [
              -87.5823723564103,
              41.7733870691987
            ],
            [
              -87.5820450100921,
              41.7733910762019
            ],
            [
              -87.58173192757,
              41.7733948462748
            ],
            [
              -87.5814202039685,
              41.7733983362379
            ],
            [
              -87.5810450511536,
              41.773402534911
            ],
            [
              -87.5805919751344,
              41.7734084861365
            ],
            [
              -87.580380561844,
              41.773411244888
            ],
            [
              -87.5801861673649,
              41.7734132972971
            ],
            [
              -87.5798417412559,
              41.773416933027
            ],
            [
              -87.5795918691728,
              41.7734199043372
            ],
            [
              -87.5792080967526,
              41.773424438655
            ],
            [
              -87.5790565245972,
              41.7734261514
            ],
            [
              -87.5789554023566,
              41.7734273626115
            ],
            [
              -87.5787447259833,
              41.7734297936017
            ],
            [
              -87.5785034672869,
              41.7734329014471
            ],
            [
              -87.5782077602364,
              41.7734367211891
            ],
            [
              -87.5779099270505,
              41.7734405261895
            ],
            [
              -87.5777318056617,
              41.7734428990691
            ],
            [
              -87.5774561895401,
              41.7734465704676
            ],
            [
              -87.5771765596345,
              41.7734549116391
            ],
            [
              -87.5768787050624,
              41.7734605250562
            ],
            [
              -87.5764931909431,
              41.7734634644354
            ],
            [
              -87.576295502857,
              41.7734649712634
            ],
            [
              -87.575933034371,
              41.7734691136044
            ],
            [
              -87.5758905821291,
              41.7734690853736
            ],
            [
              -87.5756690848969,
              41.7734689374102
            ],
            [
              -87.5754154695019,
              41.773469103215
            ],
            [
              -87.5752775136901,
              41.7734694828274
            ],
            [
              -87.57502942803,
              41.7734701507963
            ],
            [
              -87.5747648399716,
              41.7734743591732
            ],
            [
              -87.5746649232571,
              41.7734759499861
            ],
            [
              -87.5744839726691,
              41.77347881617
            ],
            [
              -87.5740534497615,
              41.773484031609
            ],
            [
              -87.5737774342628,
              41.773487374575
            ],
            [
              -87.5734500211168,
              41.7734907803402
            ],
            [
              -87.573441332031,
              41.7734908688639
            ],
            [
              -87.5731774578802,
              41.773493560165
            ],
            [
              -87.5728329442378,
              41.7734953243732
            ],
            [
              -87.5725860241775,
              41.7734965883705
            ],
            [
              -87.572290498373,
              41.7735005312933
            ],
            [
              -87.5722234732974,
              41.7735014349937
            ],
            [
              -87.5720339111218,
              41.7735039908099
            ],
            [
              -87.5718625334153,
              41.7735064497703
            ],
            [
              -87.5716225946872,
              41.7735094292419
            ],
            [
              -87.571351051882,
              41.7735128006973
            ],
            [
              -87.5710248731828,
              41.7735171682385
            ],
            [
              -87.5707756554993,
              41.7735205089124
            ],
            [
              -87.5705107473504,
              41.773523909521
            ],
            [
              -87.5702221897546,
              41.7735275640753
            ],
            [
              -87.5702175997051,
              41.7735276137195
            ],
            [
              -87.5699895525187,
              41.773530073806
            ],
            [
              -87.5698903016621,
              41.773531144298
            ],
            [
              -87.5697558167115,
              41.7735324786161
            ],
            [
              -87.5694703854152,
              41.7735353287736
            ],
            [
              -87.5692555686198,
              41.7735375227291
            ],
            [
              -87.569060949213,
              41.7735399055338
            ],
            [
              -87.5688193992493,
              41.7735427441145
            ],
            [
              -87.5686643802595,
              41.7735445115933
            ],
            [
              -87.568351851173,
              41.773547802932
            ],
            [
              -87.5681438897727,
              41.773549992431
            ],
            [
              -87.5675259520854,
              41.7735559465391
            ],
            [
              -87.5673996073327,
              41.7735571624882
            ],
            [
              -87.5672819912051,
              41.7735580797434
            ],
            [
              -87.5668165471987,
              41.7735668025579
            ],
            [
              -87.5664539072225,
              41.7737989220119
            ],
            [
              -87.5664522951215,
              41.7737981041553
            ],
            [
              -87.5664350299195,
              41.7737893435707
            ],
            [
              -87.5664092990404,
              41.7737736391278
            ],
            [
              -87.5663854931921,
              41.7737562732395
            ],
            [
              -87.5663638314527,
              41.7737374123013
            ],
            [
              -87.5663503193758,
              41.7737233111255
            ],
            [
              -87.5663444591727,
              41.7737171953225
            ],
            [
              -87.5663376244031,
              41.7737085375639
            ],
            [
              -87.5663275576979,
              41.7736957862513
            ],
            [
              -87.5663132342774,
              41.7736733526576
            ],
            [
              -87.5663016335988,
              41.7736500582447
            ],
            [
              -87.5662927910717,
              41.7736260692794
            ],
            [
              -87.5662910902833,
              41.7736190649261
            ],
            [
              -87.5662868503559,
              41.7736016048925
            ],
            [
              -87.5662837724432,
              41.7735768311277
            ],
            [
              -87.5662837700908,
              41.7735763824208
            ],
            [
              -87.5662836306034,
              41.7735519570407
            ],
            [
              -87.5662864173799,
              41.7735271774261
            ],
            [
              -87.566292098625,
              41.7735026811372
            ],
            [
              -87.566300670169,
              41.7734786435059
            ],
            [
              -87.5662992977998,
              41.773476905441
            ],
            [
              -87.566297508512,
              41.7734751138231
            ],
            [
              -87.5662909654236,
              41.7734685620555
            ],
            [
              -87.5662725260274,
              41.7734500244854
            ],
            [
              -87.566262732028,
              41.773438911956
            ],
            [
              -87.5662412381944,
              41.7734145245674
            ],
            [
              -87.5661920580057,
              41.7733607645905
            ],
            [
              -87.5661716018492,
              41.7733445785657
            ],
            [
              -87.5661541066552,
              41.7733307358998
            ],
            [
              -87.5660960238588,
              41.7732825973843
            ],
            [
              -87.5660198692864,
              41.7732129324079
            ],
            [
              -87.5659429933528,
              41.7731421653952
            ],
            [
              -87.5658566097107,
              41.7730713522418
            ],
            [
              -87.5658565875643,
              41.7730713341188
            ],
            [
              -87.5658533632193,
              41.7730689151676
            ],
            [
              -87.5657628444343,
              41.7730010031615
            ],
            [
              -87.5656581045024,
              41.7729305983714
            ],
            [
              -87.5655847884166,
              41.7728917539765
            ],
            [
              -87.5655531869867,
              41.7728750111874
            ],
            [
              -87.5655079023012,
              41.772849238514
            ],
            [
              -87.5654556024395,
              41.7728194734693
            ],
            [
              -87.5653981542989,
              41.7727868693238
            ],
            [
              -87.5653616560718,
              41.7727661551454
            ],
            [
              -87.5653342751897,
              41.7727493354026
            ],
            [
              -87.5652604840425,
              41.7727040064358
            ],
            [
              -87.5651747283268,
              41.772640314417
            ],
            [
              -87.5650888079603,
              41.7725903424064
            ],
            [
              -87.5650288043614,
              41.7725526964671
            ],
            [
              -87.5650065733837,
              41.7725387489562
            ],
            [
              -87.5649472819762,
              41.7725302685589
            ],
            [
              -87.5649099589791,
              41.7725249301892
            ],
            [
              -87.5648057944585,
              41.7724677007838
            ],
            [
              -87.5647221009296,
              41.7724155485118
            ],
            [
              -87.5646448747424,
              41.7723833418635
            ],
            [
              -87.56462580203,
              41.7723753876708
            ],
            [
              -87.5644907106964,
              41.7723294769203
            ],
            [
              -87.564465926784,
              41.7723188440617
            ],
            [
              -87.5643776446597,
              41.7722809690068
            ],
            [
              -87.5642851604028,
              41.7722282087191
            ],
            [
              -87.5642442699861,
              41.7722077392121
            ],
            [
              -87.5641729205391,
              41.7721720218486
            ],
            [
              -87.5641483309705,
              41.7721590776096
            ],
            [
              -87.5640789313805,
              41.7721225444667
            ],
            [
              -87.5640178490377,
              41.7721063560607
            ],
            [
              -87.5639875751935,
              41.7720983326547
            ],
            [
              -87.5638709929483,
              41.772098649053
            ],
            [
              -87.5637522075201,
              41.7720994994326
            ],
            [
              -87.5636468262132,
              41.7720916657237
            ],
            [
              -87.5636467249391,
              41.7720916583217
            ],
            [
              -87.5635941359043,
              41.7720409308405
            ],
            [
              -87.5635866350806,
              41.7720336949359
            ],
            [
              -87.5635865625983,
              41.7720336250198
            ],
            [
              -87.5635862315143,
              41.7719386703746
            ],
            [
              -87.5635951625328,
              41.7718654991136
            ],
            [
              -87.5635976106883,
              41.7718454404872
            ],
            [
              -87.563575664769,
              41.7717799793478
            ],
            [
              -87.5635367069304,
              41.7717296352989
            ],
            [
              -87.5635265672097,
              41.7717165319796
            ],
            [
              -87.5635216734441,
              41.7716352682061
            ],
            [
              -87.5635178150173,
              41.7716006607309
            ],
            [
              -87.5635110787966,
              41.7715402450556
            ],
            [
              -87.5634916671008,
              41.7714468085711
            ],
            [
              -87.5634910934913,
              41.7714029896669
            ],
            [
              -87.5634905169816,
              41.7713589841312
            ],
            [
              -87.5634695356038,
              41.7712743188502
            ],
            [
              -87.5634266374105,
              41.7711829212177
            ],
            [
              -87.5634237918286,
              41.7711142948937
            ],
            [
              -87.5634587714615,
              41.7710832076235
            ],
            [
              -87.563473442322,
              41.7710701695668
            ],
            [
              -87.5634734304756,
              41.7710701281401
            ],
            [
              -87.5634640026702,
              41.7710373416806
            ],
            [
              -87.5634516207304,
              41.7709942814747
            ],
            [
              -87.5634196946259,
              41.770905151971
            ],
            [
              -87.5634134261771,
              41.7708861331951
            ],
            [
              -87.5633906864407,
              41.7708171408265
            ],
            [
              -87.5633833206639,
              41.7707939356893
            ],
            [
              -87.5633786397789,
              41.7707791888848
            ],
            [
              -87.5633595986193,
              41.7707192357414
            ],
            [
              -87.5633509532918,
              41.7706836938504
            ],
            [
              -87.5633379351706,
              41.7706301755406
            ],
            [
              -87.563311192911,
              41.7705366904293
            ],
            [
              -87.5632814194815,
              41.7704514178647
            ],
            [
              -87.5632457827603,
              41.7703661059895
            ],
            [
              -87.5632139612169,
              41.7703089837817
            ],
            [
              -87.5632012817799,
              41.7702862232625
            ],
            [
              -87.5631708677142,
              41.7702486758969
            ],
            [
              -87.5631391474239,
              41.7702095154538
            ],
            [
              -87.5630653423122,
              41.7701277896401
            ],
            [
              -87.5629929517982,
              41.7700504635797
            ],
            [
              -87.5629307391144,
              41.7699803414283
            ],
            [
              -87.5628687162765,
              41.7698943041785
            ],
            [
              -87.5627986437742,
              41.769807114092
            ],
            [
              -87.5627409483472,
              41.7697271426857
            ],
            [
              -87.5627036027606,
              41.7696621274725
            ],
            [
              -87.5626473672046,
              41.7695827143938
            ],
            [
              -87.5626472938464,
              41.7695826260844
            ],
            [
              -87.5625866540081,
              41.7695098583688
            ],
            [
              -87.5625230480074,
              41.7694336886555
            ],
            [
              -87.5625033678126,
              41.7693985213486
            ],
            [
              -87.5624771101176,
              41.7693516005645
            ],
            [
              -87.5624540217234,
              41.7693043247976
            ],
            [
              -87.5624348881663,
              41.7692651467973
            ],
            [
              -87.562423817343,
              41.7692235590718
            ],
            [
              -87.5624145426071,
              41.7691887189851
            ],
            [
              -87.5624126391184,
              41.7691683476892
            ],
            [
              -87.5624086931592,
              41.7691261093492
            ],
            [
              -87.5623823445899,
              41.7690611678188
            ],
            [
              -87.5623678995833,
              41.7690417400977
            ],
            [
              -87.5623433820576,
              41.7690087650964
            ],
            [
              -87.5622400005801,
              41.7689482457235
            ],
            [
              -87.5621299890112,
              41.7688904260426
            ],
            [
              -87.5620638578041,
              41.7688596346334
            ],
            [
              -87.5620235439013,
              41.7688408638969
            ],
            [
              -87.5619846461779,
              41.7688224838365
            ],
            [
              -87.5619222075618,
              41.7687929803348
            ],
            [
              -87.5618004218643,
              41.7687389243846
            ],
            [
              -87.561724284655,
              41.7687101515188
            ],
            [
              -87.5616865671296,
              41.7686958976416
            ],
            [
              -87.5615457203587,
              41.7686417116105
            ],
            [
              -87.5614266877668,
              41.7686024926567
            ],
            [
              -87.561395016128,
              41.7685920237532
            ],
            [
              -87.5612894006363,
              41.7685571119598
            ],
            [
              -87.5611696226675,
              41.7685189851728
            ],
            [
              -87.5611029689872,
              41.7684978550921
            ],
            [
              -87.5610564166285,
              41.7684830973221
            ],
            [
              -87.5609293013638,
              41.768445468723
            ],
            [
              -87.5608875259085,
              41.7684381630151
            ],
            [
              -87.5608020022444,
              41.768423207144
            ],
            [
              -87.5607946954312,
              41.7684225319464
            ],
            [
              -87.5607866211342,
              41.7684217860904
            ],
            [
              -87.5606474774795,
              41.7684089950085
            ],
            [
              -87.5605324228169,
              41.7684049279871
            ],
            [
              -87.5604649872132,
              41.768410656967
            ],
            [
              -87.5604614168416,
              41.7684109603423
            ],
            [
              -87.5604186703684,
              41.7684145913419
            ],
            [
              -87.5603800499672,
              41.7684286081385
            ],
            [
              -87.5603784679212,
              41.768429182303
            ],
            [
              -87.5603280990539,
              41.7684474623301
            ],
            [
              -87.5602855243222,
              41.7684779440319
            ],
            [
              -87.5602437970232,
              41.7685078183456
            ],
            [
              -87.5602163319058,
              41.7685291106228
            ],
            [
              -87.5602151781995,
              41.7685300049076
            ],
            [
              -87.5601757141979,
              41.7685605991607
            ],
            [
              -87.5601161049632,
              41.7686403315663
            ],
            [
              -87.5600491845054,
              41.7687183678802
            ],
            [
              -87.559980779044,
              41.7687980401833
            ],
            [
              -87.5599012642971,
              41.7688869690682
            ],
            [
              -87.5598173171033,
              41.7689786123443
            ],
            [
              -87.5597791103453,
              41.7690161332802
            ],
            [
              -87.5597714899094,
              41.7690236169696
            ],
            [
              -87.5597401601586,
              41.7690543841183
            ],
            [
              -87.5597110381181,
              41.7690802505507
            ],
            [
              -87.5597030550871,
              41.7690873407324
            ],
            [
              -87.5596690183265,
              41.7691175720593
            ],
            [
              -87.5596689171665,
              41.7691176471205
            ],
            [
              -87.5596002214376,
              41.7691687016916
            ],
            [
              -87.5595653695405,
              41.7691795143843
            ],
            [
              -87.559563813492,
              41.7691799973277
            ],
            [
              -87.5595413516407,
              41.769186965694
            ],
            [
              -87.559522400787,
              41.7691165846198
            ],
            [
              -87.5595248708948,
              41.769089640246
            ],
            [
              -87.5595251708341,
              41.7690863696994
            ],
            [
              -87.5595299941521,
              41.7690337581802
            ],
            [
              -87.5595278961571,
              41.7689874629556
            ],
            [
              -87.5595259379735,
              41.7689442669768
            ],
            [
              -87.5594854506276,
              41.7688358700312
            ],
            [
              -87.5594554599057,
              41.7687649523039
            ],
            [
              -87.5594461539259,
              41.768742945993
            ],
            [
              -87.5594398274397,
              41.76872798596
            ],
            [
              -87.559420461284,
              41.7686312567349
            ],
            [
              -87.5594187954579,
              41.7685258641867
            ],
            [
              -87.559431367827,
              41.7683947723098
            ],
            [
              -87.5594349521114,
              41.7683236207923
            ],
            [
              -87.5594351956468,
              41.7683187908337
            ],
            [
              -87.5594371449118,
              41.768280099853
            ],
            [
              -87.5594422090491,
              41.7681637760164
            ],
            [
              -87.5594529325759,
              41.7680645049054
            ],
            [
              -87.5594952386868,
              41.76802142952
            ],
            [
              -87.5594995742424,
              41.7680162313965
            ],
            [
              -87.5595008339646,
              41.7680147206418
            ],
            [
              -87.559525737462,
              41.767984861715
            ],
            [
              -87.5595257293855,
              41.7679616803569
            ],
            [
              -87.5595257268293,
              41.7679556094182
            ],
            [
              -87.5595257159395,
              41.7679255854249
            ],
            [
              -87.559524282504,
              41.7678619079348
            ],
            [
              -87.5594808516635,
              41.7678155110325
            ],
            [
              -87.559463474427,
              41.7677881319164
            ],
            [
              -87.5594631063983,
              41.7677875520385
            ],
            [
              -87.5594427180301,
              41.7677554288875
            ],
            [
              -87.5594370574565,
              41.7677079145145
            ],
            [
              -87.5594313965241,
              41.7676604001384
            ],
            [
              -87.5594298226492,
              41.7675473249991
            ],
            [
              -87.5594348079469,
              41.7674375860937
            ],
            [
              -87.5594354134817,
              41.7673261724805
            ],
            [
              -87.5594351021866,
              41.7672605129304
            ],
            [
              -87.5594351014856,
              41.7672604492581
            ],
            [
              -87.5594347910683,
              41.7671949911441
            ],
            [
              -87.5594313288247,
              41.7671449451463
            ],
            [
              -87.5594310815785,
              41.7671413613567
            ],
            [
              -87.5594291693006,
              41.76711372169
            ],
            [
              -87.5594281178223,
              41.7670823520172
            ],
            [
              -87.5594279815627,
              41.7670782870776
            ],
            [
              -87.5594259314161,
              41.7670171013564
            ],
            [
              -87.5594131149518,
              41.7669421930019
            ],
            [
              -87.5594115469722,
              41.766933028854
            ],
            [
              -87.5594087237349,
              41.7669142089665
            ],
            [
              -87.5594080890929,
              41.7669099798539
            ],
            [
              -87.5594000076032,
              41.7668561106732
            ],
            [
              -87.5593994240784,
              41.7668383569367
            ],
            [
              -87.5593993166632,
              41.7668350946222
            ],
            [
              -87.5593978602856,
              41.7667907823348
            ],
            [
              -87.5594503174253,
              41.7667571064782
            ],
            [
              -87.559511926927,
              41.7667547774459
            ],
            [
              -87.559540275029,
              41.7667249655849
            ],
            [
              -87.5595410149398,
              41.766724187073
            ],
            [
              -87.5595445975226,
              41.7667204196886
            ],
            [
              -87.5595455208082,
              41.7666435851825
            ],
            [
              -87.5595357569693,
              41.7666144955142
            ],
            [
              -87.5595349338129,
              41.7666120437082
            ],
            [
              -87.559532799855,
              41.7666056859044
            ],
            [
              -87.5595327807515,
              41.76660562842
            ],
            [
              -87.5595381960899,
              41.7666007355964
            ],
            [
              -87.5595521667118,
              41.7665881134649
            ],
            [
              -87.5595652627479,
              41.766576281835
            ],
            [
              -87.559568356753,
              41.7665734859317
            ],
            [
              -87.5596020637109,
              41.7665658033435
            ],
            [
              -87.5596455457246,
              41.7665558926203
            ],
            [
              -87.5597468732498,
              41.7665428537595
            ],
            [
              -87.5598416094267,
              41.7665292210251
            ],
            [
              -87.5599753160108,
              41.7665059716429
            ],
            [
              -87.5600559087743,
              41.7664863238129
            ],
            [
              -87.5600826660416,
              41.7664798001488
            ],
            [
              -87.5601864224394,
              41.7664475669277
            ],
            [
              -87.5602832697518,
              41.7663835847856
            ],
            [
              -87.5602884012221,
              41.7663801944371
            ],
            [
              -87.5603710601325,
              41.7663194138338
            ],
            [
              -87.5603712419642,
              41.7663192799465
            ],
            [
              -87.5603794132351,
              41.7663128712909
            ],
            [
              -87.5603794513498,
              41.7663128413601
            ],
            [
              -87.5603975893395,
              41.7662986151318
            ],
            [
              -87.5604489507864,
              41.766258330597
            ],
            [
              -87.5605217454178,
              41.7661792358088
            ],
            [
              -87.5605514766207,
              41.7661135280491
            ],
            [
              -87.5605578940612,
              41.7660993450782
            ],
            [
              -87.5605606957757,
              41.76608962196
            ],
            [
              -87.5605877275672,
              41.7659958120422
            ],
            [
              -87.5605952271392,
              41.7659471356521
            ],
            [
              -87.5606012439307,
              41.7659080855964
            ],
            [
              -87.560612701444,
              41.7658686434753
            ],
            [
              -87.5606196426463,
              41.7658447470322
            ],
            [
              -87.5606287720282,
              41.7658133179526
            ],
            [
              -87.5606275862858,
              41.7657670324245
            ],
            [
              -87.5606267749437,
              41.7657353671627
            ],
            [
              -87.5606235125598,
              41.7657053116834
            ],
            [
              -87.5606175337101,
              41.7656502319397
            ],
            [
              -87.5605913390671,
              41.7655726667059
            ],
            [
              -87.5605730164198,
              41.7655252038694
            ],
            [
              -87.5605565001209,
              41.7654824190261
            ],
            [
              -87.56051939552,
              41.7653976457773
            ],
            [
              -87.5604936754469,
              41.765366594532
            ],
            [
              -87.5604745920776,
              41.7653435559802
            ],
            [
              -87.5604632173127,
              41.765328520596
            ],
            [
              -87.5604399521788,
              41.7652977679663
            ],
            [
              -87.5604216263932,
              41.7653058597211
            ],
            [
              -87.5603640403562,
              41.7653312867597
            ],
            [
              -87.5602614071928,
              41.7652189687978
            ],
            [
              -87.5601506538385,
              41.765097763589
            ],
            [
              -87.5601505793069,
              41.7650976821307
            ],
            [
              -87.5602258432229,
              41.7650504884223
            ],
            [
              -87.5602259226279,
              41.7650504387361
            ],
            [
              -87.5601933591717,
              41.7650138434551
            ],
            [
              -87.5601738423131,
              41.7649919098062
            ],
            [
              -87.5601295391178,
              41.7649504530227
            ],
            [
              -87.5601275534657,
              41.7649485946711
            ],
            [
              -87.5600841911757,
              41.7649313837178
            ],
            [
              -87.5600631280263,
              41.7649230238923
            ],
            [
              -87.560061362675,
              41.7649221728056
            ],
            [
              -87.560046728168,
              41.7649151194438
            ],
            [
              -87.5600346152379,
              41.7649112345984
            ],
            [
              -87.5600278494806,
              41.7649090647017
            ],
            [
              -87.560007068115,
              41.764908924822
            ],
            [
              -87.559986278847,
              41.7649124342459
            ],
            [
              -87.5599745784805,
              41.7649192164933
            ],
            [
              -87.559941736836,
              41.7649587873904
            ],
            [
              -87.5599245323033,
              41.76496599911
            ],
            [
              -87.5599000355427,
              41.7649699503643
            ],
            [
              -87.5598769628882,
              41.7649681591629
            ],
            [
              -87.5598481806685,
              41.7649659244599
            ],
            [
              -87.5598245265021,
              41.764951604655
            ],
            [
              -87.5598092419225,
              41.7649370302682
            ],
            [
              -87.5597931067994,
              41.7649216447026
            ],
            [
              -87.5597760122529,
              41.7649006584339
            ],
            [
              -87.5597624024333,
              41.7648839506523
            ],
            [
              -87.5597299096663,
              41.7648425677477
            ],
            [
              -87.5597040091887,
              41.7648196266897
            ],
            [
              -87.5596924444306,
              41.7648093836798
            ],
            [
              -87.559688014854,
              41.764805768433
            ],
            [
              -87.5596754923943,
              41.7647955486106
            ],
            [
              -87.559647660529,
              41.7647720341493
            ],
            [
              -87.5596355763983,
              41.7647618817652
            ],
            [
              -87.5596198596845,
              41.7647489598002
            ],
            [
              -87.5596078839587,
              41.7647380227266
            ],
            [
              -87.5596077501669,
              41.7647379008023
            ],
            [
              -87.5595957376303,
              41.7647218212234
            ],
            [
              -87.559593572709,
              41.7646975742624
            ],
            [
              -87.5596003275409,
              41.7646828642398
            ],
            [
              -87.5596036229081,
              41.7646756873292
            ],
            [
              -87.5596047142238,
              41.7646732994599
            ],
            [
              -87.5596067474365,
              41.7646688481882
            ],
            [
              -87.5596068684404,
              41.7646587768991
            ],
            [
              -87.5596052550093,
              41.7646404621482
            ],
            [
              -87.5596021485883,
              41.7646358486534
            ],
            [
              -87.5595956764531,
              41.7646262370884
            ],
            [
              -87.5595759701277,
              41.7646026488989
            ],
            [
              -87.5595622947751,
              41.7645862795717
            ],
            [
              -87.5595510852912,
              41.764572861872
            ],
            [
              -87.5595347950466,
              41.7645558475846
            ],
            [
              -87.5595265623174,
              41.7645448089257
            ],
            [
              -87.5595227825281,
              41.7645397402804
            ],
            [
              -87.5595227703767,
              41.7645393483136
            ],
            [
              -87.559522335191,
              41.7645251101858
            ],
            [
              -87.5595495836383,
              41.7645055268414
            ],
            [
              -87.5595500654125,
              41.7645051804632
            ],
            [
              -87.5596652687227,
              41.7644434141446
            ],
            [
              -87.5597480674269,
              41.7643990204411
            ],
            [
              -87.5597072991405,
              41.7643356266368
            ],
            [
              -87.5596825318416,
              41.7643080501334
            ],
            [
              -87.5596626642646,
              41.764285929343
            ],
            [
              -87.5596360099133,
              41.7642543650131
            ],
            [
              -87.5596144889747,
              41.7642288801026
            ],
            [
              -87.5595709629175,
              41.7641906336679
            ],
            [
              -87.559528547507,
              41.7641606270277
            ],
            [
              -87.5595129126156,
              41.7641503354542
            ],
            [
              -87.5594934170111,
              41.7641375027299
            ],
            [
              -87.5594603756434,
              41.7641038113222
            ],
            [
              -87.5594451120359,
              41.76408824716
            ],
            [
              -87.5594213420745,
              41.7640741416433
            ],
            [
              -87.5594068968959,
              41.7640655691362
            ],
            [
              -87.5593792571297,
              41.7640586171624
            ],
            [
              -87.559349048325,
              41.7640510186083
            ],
            [
              -87.5592861329355,
              41.7640492225952
            ],
            [
              -87.5591176432944,
              41.7638898241796
            ],
            [
              -87.5591001015431,
              41.7638732402079
            ],
            [
              -87.5589847874061,
              41.7637604135555
            ],
            [
              -87.558984740958,
              41.7637604354712
            ],
            [
              -87.5588305464593,
              41.763833469516
            ],
            [
              -87.5588284663349,
              41.7638346569448
            ],
            [
              -87.5588084017909,
              41.7638461086361
            ],
            [
              -87.558741864948,
              41.7638808998019
            ],
            [
              -87.55872979681,
              41.7638872098957
            ],
            [
              -87.5586719215539,
              41.7639174731555
            ],
            [
              -87.5586088784742,
              41.7639498264444
            ],
            [
              -87.5584617902569,
              41.7640253102637
            ],
            [
              -87.5584616925194,
              41.764025360374
            ],
            [
              -87.5583237716057,
              41.7638844716749
            ],
            [
              -87.557578192718,
              41.7631229201585
            ],
            [
              -87.5577064836911,
              41.7630566609138
            ],
            [
              -87.5577066946634,
              41.7630565520175
            ],
            [
              -87.5576684460863,
              41.7630170918326
            ],
            [
              -87.5576553934203,
              41.7630036258255
            ],
            [
              -87.5576516138594,
              41.7629698905029
            ],
            [
              -87.5576516105579,
              41.7629698602934
            ],
            [
              -87.5576482121096,
              41.7629395258024
            ],
            [
              -87.5576475993628,
              41.7629017961354
            ],
            [
              -87.5576468228327,
              41.7628540036841
            ],
            [
              -87.5576334338355,
              41.7628415628671
            ],
            [
              -87.5576081460117,
              41.7628180664553
            ],
            [
              -87.5575388451502,
              41.7627896896016
            ],
            [
              -87.5575157552447,
              41.7627803943625
            ],
            [
              -87.5575005600946,
              41.7627729650374
            ],
            [
              -87.5574325627426,
              41.7627368297476
            ],
            [
              -87.5574190476269,
              41.7627311508166
            ],
            [
              -87.5574015642984,
              41.7627238048194
            ],
            [
              -87.557379096764,
              41.7627145140307
            ],
            [
              -87.5573237954226,
              41.7626894421473
            ],
            [
              -87.5572442673042,
              41.7626491132444
            ],
            [
              -87.5572208825688,
              41.7626380118558
            ],
            [
              -87.5571719592028,
              41.7626147870828
            ],
            [
              -87.5571381319569,
              41.762594674221
            ],
            [
              -87.5571143488141,
              41.7625805332836
            ],
            [
              -87.5570845312739,
              41.7625616876428
            ],
            [
              -87.5570646223684,
              41.7625491044614
            ],
            [
              -87.5570409019103,
              41.7625350265021
            ],
            [
              -87.5570264089905,
              41.7625264251059
            ],
            [
              -87.556997893049,
              41.762511139079
            ],
            [
              -87.5569515189178,
              41.762483978557
            ],
            [
              -87.5569141806661,
              41.7624621097047
            ],
            [
              -87.556875361973,
              41.7624380540611
            ],
            [
              -87.5568428876396,
              41.7624073139216
            ],
            [
              -87.5568427452138,
              41.7624071793119
            ],
            [
              -87.5568373773172,
              41.7624014617954
            ],
            [
              -87.5567908869486,
              41.7623519434842
            ],
            [
              -87.5567748937781,
              41.7623333791854
            ],
            [
              -87.5567619688216,
              41.76231837686
            ],
            [
              -87.5567252526527,
              41.7622760888415
            ],
            [
              -87.5567252027631,
              41.762276031423
            ],
            [
              -87.55665506273,
              41.7622170212199
            ],
            [
              -87.5566337091673,
              41.7622036449758
            ],
            [
              -87.5566041325823,
              41.7621851175301
            ],
            [
              -87.5565416621331,
              41.7621467413127
            ],
            [
              -87.556463348804,
              41.762105953551
            ],
            [
              -87.5564238553352,
              41.7620892207304
            ],
            [
              -87.5563782567194,
              41.7620710741883
            ],
            [
              -87.5563424448834,
              41.7620529946391
            ],
            [
              -87.5563236346682,
              41.7620414234451
            ],
            [
              -87.5562924452787,
              41.7620189343258
            ],
            [
              -87.5562673118802,
              41.7620008117145
            ],
            [
              -87.5562377048685,
              41.7619727017171
            ],
            [
              -87.5562166797321,
              41.7619442106734
            ],
            [
              -87.5562061513926,
              41.7619333991156
            ],
            [
              -87.5561991932026,
              41.761926253933
            ],
            [
              -87.5561814498054,
              41.7619086261398
            ],
            [
              -87.5561533031991,
              41.7618806632137
            ],
            [
              -87.5560842862277,
              41.7618289598045
            ],
            [
              -87.556023593592,
              41.7617951519572
            ],
            [
              -87.5559938687678,
              41.7617798564035
            ],
            [
              -87.5559689086199,
              41.7617672547717
            ],
            [
              -87.5559489122363,
              41.7617571593301
            ],
            [
              -87.5559206945058,
              41.7617412666427
            ],
            [
              -87.5559003833805,
              41.7617298273775
            ],
            [
              -87.555846878782,
              41.7616971910413
            ],
            [
              -87.555812440843,
              41.761676184778
            ],
            [
              -87.5557697916229,
              41.7616523155186
            ],
            [
              -87.5557396264551,
              41.7616354329122
            ],
            [
              -87.5556454165398,
              41.7615968422064
            ],
            [
              -87.55559910189,
              41.7615869239388
            ],
            [
              -87.5555350500645,
              41.7615872944071
            ],
            [
              -87.5555270316267,
              41.761587340838
            ],
            [
              -87.5554897172252,
              41.7615921684498
            ],
            [
              -87.5554597045395,
              41.7615960515036
            ],
            [
              -87.555454976376,
              41.7615981073498
            ],
            [
              -87.5554400652715,
              41.7616045905014
            ],
            [
              -87.5553860994085,
              41.7616172700996
            ],
            [
              -87.5553567364244,
              41.7616241688395
            ],
            [
              -87.5553305449841,
              41.7616198753145
            ],
            [
              -87.5552754540695,
              41.7616291069951
            ],
            [
              -87.5551964422717,
              41.7616593845423
            ],
            [
              -87.5551710950538,
              41.7616690978123
            ],
            [
              -87.5550951615816,
              41.7617062069282
            ],
            [
              -87.554981836771,
              41.7617615888615
            ],
            [
              -87.5548812570514,
              41.7617952108128
            ],
            [
              -87.5548337851293,
              41.7617847857574
            ],
            [
              -87.5548081442251,
              41.7617791552561
            ],
            [
              -87.5547732009999,
              41.7617377543308
            ],
            [
              -87.5547425195927,
              41.7616469847101
            ],
            [
              -87.5546954566592,
              41.7615415903114
            ],
            [
              -87.5546753213893,
              41.7614964987435
            ],
            [
              -87.5545335211815,
              41.7613016257933
            ],
            [
              -87.55443977999,
              41.7611729141062
            ],
            [
              -87.5544011946797,
              41.7611096385767
            ],
            [
              -87.5543882709965,
              41.7610884445889
            ],
            [
              -87.5543882415211,
              41.7610883966384
            ],
            [
              -87.5543531707338,
              41.7610607167367
            ],
            [
              -87.5543150248734,
              41.7610602130274
            ],
            [
              -87.5542847500533,
              41.7610598134472
            ],
            [
              -87.5542568610234,
              41.7610413196162
            ],
            [
              -87.5542153278145,
              41.7609902688
            ],
            [
              -87.5541811359508,
              41.7609383618641
            ],
            [
              -87.5541549080568,
              41.7608855758691
            ],
            [
              -87.5541116975913,
              41.7608216969614
            ],
            [
              -87.554075440269,
              41.760788986868
            ],
            [
              -87.5540384059673,
              41.7607690585325
            ],
            [
              -87.5540135211518,
              41.7607593824037
            ],
            [
              -87.5540013412293,
              41.7607546462846
            ],
            [
              -87.5539790850278,
              41.7607464951454
            ],
            [
              -87.5539466040701,
              41.7607345992067
            ],
            [
              -87.5539368710294,
              41.7607311401342
            ],
            [
              -87.5539125178149,
              41.7607224848998
            ],
            [
              -87.5538935901905,
              41.7607142020959
            ],
            [
              -87.5538785010335,
              41.7607075990423
            ],
            [
              -87.5537381634881,
              41.7606435283613
            ],
            [
              -87.5536737195717,
              41.7606170202578
            ],
            [
              -87.5536291925923,
              41.7605976076404
            ],
            [
              -87.5535916834882,
              41.7605812544983
            ],
            [
              -87.5534920303045,
              41.7605385075423
            ],
            [
              -87.5534483500263,
              41.7605189200273
            ],
            [
              -87.5533936032551,
              41.7604943703311
            ],
            [
              -87.5533327898908,
              41.760470630428
            ],
            [
              -87.5532537903751,
              41.7604385346796
            ],
            [
              -87.5532055306553,
              41.7604178457038
            ],
            [
              -87.5531638350575,
              41.760399970824
            ],
            [
              -87.5529692203519,
              41.7603137516221
            ],
            [
              -87.5528733840376,
              41.7602712937807
            ],
            [
              -87.5528608171979,
              41.7602655631242
            ],
            [
              -87.5528296428683,
              41.7602513474861
            ],
            [
              -87.5527907907891,
              41.7602332458993
            ],
            [
              -87.5526996330047,
              41.7601942064317
            ],
            [
              -87.5526873301093,
              41.7601876276415
            ],
            [
              -87.5525679156225,
              41.7601237712404
            ],
            [
              -87.5524737328806,
              41.7600833383402
            ],
            [
              -87.552466435921,
              41.760080545
            ],
            [
              -87.552388033593,
              41.7600475468229
            ],
            [
              -87.5522574537044,
              41.7599830738518
            ],
            [
              -87.5522168066365,
              41.7599690592947
            ],
            [
              -87.5521424806918,
              41.7599434323966
            ],
            [
              -87.5519581675758,
              41.7598790605211
            ],
            [
              -87.5518888804136,
              41.7598531312772
            ],
            [
              -87.5518025158179,
              41.7598208109956
            ],
            [
              -87.5517271251217,
              41.7597904402078
            ],
            [
              -87.5517228570897,
              41.7597887097094
            ],
            [
              -87.5516922631094,
              41.759776001584
            ],
            [
              -87.5516243927524,
              41.7597478087203
            ],
            [
              -87.5515672066634,
              41.7597257355707
            ],
            [
              -87.5515435508132,
              41.7597166046019
            ],
            [
              -87.5515283347721,
              41.7597110124717
            ],
            [
              -87.5514583885968,
              41.7596849319383
            ],
            [
              -87.5514061931656,
              41.7596627680808
            ],
            [
              -87.5513642025988,
              41.7596449377416
            ],
            [
              -87.5512626408038,
              41.7596085708895
            ],
            [
              -87.5511696304342,
              41.7595713562734
            ],
            [
              -87.5510748486804,
              41.7595290800189
            ],
            [
              -87.5509963810833,
              41.7595015693107
            ],
            [
              -87.5508705260167,
              41.7594526870857
            ],
            [
              -87.5508528795664,
              41.7594479512739
            ],
            [
              -87.550830339911,
              41.7594419024679
            ],
            [
              -87.5507786470984,
              41.7594218743398
            ],
            [
              -87.5507026856151,
              41.7593902640587
            ],
            [
              -87.5506290979514,
              41.759362319537
            ],
            [
              -87.5505093134003,
              41.759317594714
            ],
            [
              -87.5504387180951,
              41.7592937866267
            ],
            [
              -87.5503444211606,
              41.7592629570565
            ],
            [
              -87.5502514061213,
              41.7592261810263
            ],
            [
              -87.5501858448764,
              41.7592033588165
            ],
            [
              -87.5501857112959,
              41.7592033123507
            ],
            [
              -87.550107999649,
              41.7591744030305
            ],
            [
              -87.5500154277714,
              41.7591399657741
            ],
            [
              -87.5500003907662,
              41.7591349237955
            ],
            [
              -87.5499917008846,
              41.7591320102059
            ],
            [
              -87.5498230771353,
              41.7590677756296
            ],
            [
              -87.549815079041,
              41.7590647289808
            ],
            [
              -87.5497896411478,
              41.759055038834
            ],
            [
              -87.5495512091642,
              41.7589642111214
            ],
            [
              -87.5491679952434,
              41.7588514956461
            ],
            [
              -87.5490684575602,
              41.7588232025838
            ],
            [
              -87.5490020986642,
              41.7588043405829
            ],
            [
              -87.5489723155306,
              41.7588001028691
            ],
            [
              -87.5489293410754,
              41.7587926199704
            ],
            [
              -87.5489000167331,
              41.7587852000671
            ],
            [
              -87.5488810734759,
              41.7587804070731
            ],
            [
              -87.548810472855,
              41.7587601122929
            ],
            [
              -87.5487145804765,
              41.7587340447402
            ],
            [
              -87.5486980127922,
              41.7587313448218
            ],
            [
              -87.5486585046464,
              41.758724906921
            ],
            [
              -87.5486269621945,
              41.7587233854801
            ],
            [
              -87.5486213988303,
              41.7587231172358
            ],
            [
              -87.548584641819,
              41.7587196827952
            ],
            [
              -87.5485769184253,
              41.7587189159757
            ],
            [
              -87.5485191025867,
              41.7587116290309
            ],
            [
              -87.5485119979731,
              41.75871073361
            ],
            [
              -87.5485016670574,
              41.758709707201
            ],
            [
              -87.5484067157141,
              41.7587002726793
            ],
            [
              -87.5481870078406,
              41.7586867785977
            ],
            [
              -87.5481424950343,
              41.7586852397374
            ],
            [
              -87.5481423769895,
              41.7586852419494
            ],
            [
              -87.5481382528458,
              41.7586853117353
            ],
            [
              -87.548102096742,
              41.7586859244168
            ],
            [
              -87.5480893773649,
              41.7586860317806
            ],
            [
              -87.5480698041845,
              41.7586861971305
            ],
            [
              -87.5480538298087,
              41.75868570155
            ],
            [
              -87.5480334955535,
              41.7586850707859
            ],
            [
              -87.5480052081094,
              41.7586837034234
            ],
            [
              -87.5479799426303,
              41.7586824823998
            ],
            [
              -87.5479436449907,
              41.758683550989
            ],
            [
              -87.5478934245672,
              41.7586901784567
            ],
            [
              -87.5478533166328,
              41.7587001133074
            ],
            [
              -87.5478190730127,
              41.7587070958596
            ],
            [
              -87.5477493374739,
              41.7587140829866
            ],
            [
              -87.5477383039823,
              41.758715188413
            ],
            [
              -87.5476487396022,
              41.7587231661513
            ],
            [
              -87.5476122443702,
              41.7587254075683
            ],
            [
              -87.5475868265592,
              41.7587269686802
            ],
            [
              -87.5475492040873,
              41.7587283853913
            ],
            [
              -87.547548617712,
              41.7587283813809
            ],
            [
              -87.5474517094745,
              41.7587285146659
            ],
            [
              -87.5473882800372,
              41.7587273395416
            ],
            [
              -87.5473434303938,
              41.7587264015379
            ],
            [
              -87.5473344354151,
              41.758726909168
            ],
            [
              -87.54729875735,
              41.7587289225363
            ],
            [
              -87.5472869572131,
              41.7587287871927
            ],
            [
              -87.5472515575493,
              41.7587283800621
            ],
            [
              -87.5472187970937,
              41.758732963641
            ],
            [
              -87.5472055542764,
              41.7587348165389
            ],
            [
              -87.5470941632462,
              41.7587504380189
            ],
            [
              -87.5470939793091,
              41.7587504636542
            ],
            [
              -87.5470704494128,
              41.7587549959213
            ],
            [
              -87.5470232591901,
              41.7587640856191
            ],
            [
              -87.5470188763584,
              41.7587648695808
            ],
            [
              -87.5469783359011,
              41.7587721205382
            ],
            [
              -87.5469490067321,
              41.7587781142171
            ],
            [
              -87.5469424741537,
              41.7587794493353
            ],
            [
              -87.546923547267,
              41.7587878871992
            ],
            [
              -87.5469175256289,
              41.7587905716154
            ],
            [
              -87.5469169684248,
              41.7587908200021
            ],
            [
              -87.5469153141311,
              41.7587915575966
            ],
            [
              -87.5468963971429,
              41.758804677565
            ],
            [
              -87.5468885525233,
              41.7588101179458
            ],
            [
              -87.5468865491997,
              41.7588112244538
            ],
            [
              -87.5468564491979,
              41.7588278461513
            ],
            [
              -87.5468272518767,
              41.7588344751825
            ],
            [
              -87.5468076405883,
              41.7588389280169
            ],
            [
              -87.546704007659,
              41.7588554524108
            ],
            [
              -87.5467033778277,
              41.7588555853133
            ],
            [
              -87.546685892031,
              41.7588592812583
            ],
            [
              -87.546596058457,
              41.7588863006393
            ],
            [
              -87.5465310614485,
              41.7589117268304
            ],
            [
              -87.5463696425989,
              41.7589748720769
            ],
            [
              -87.5460871614912,
              41.7590959481858
            ],
            [
              -87.5460699841029,
              41.7591033106064
            ],
            [
              -87.5457507544362,
              41.7592586454898
            ],
            [
              -87.5455881572884,
              41.7593351978607
            ],
            [
              -87.5455154877374,
              41.7593694110623
            ],
            [
              -87.5454756236368,
              41.7593942554058
            ],
            [
              -87.5454532918242,
              41.7594081730845
            ],
            [
              -87.5454407334837,
              41.7594179054994
            ],
            [
              -87.5454143283726,
              41.7594383675472
            ],
            [
              -87.5453893778911,
              41.7594601834459
            ],
            [
              -87.545374279264,
              41.7594733847831
            ],
            [
              -87.5453665669502,
              41.759480096849
            ],
            [
              -87.5453434933572,
              41.7595001772201
            ],
            [
              -87.5453282067372,
              41.7595132545917
            ],
            [
              -87.545321121054,
              41.7595193164383
            ],
            [
              -87.5452951643759,
              41.7595396374585
            ],
            [
              -87.5452880743132,
              41.7595451880109
            ],
            [
              -87.5452736861179,
              41.7595539429621
            ],
            [
              -87.5452511470424,
              41.7595676574737
            ],
            [
              -87.5452171758834,
              41.7595852618101
            ],
            [
              -87.5451579276884,
              41.759625745902
            ],
            [
              -87.5450193016391,
              41.7597109760776
            ],
            [
              -87.5449411854718,
              41.759759003091
            ],
            [
              -87.5447644049515,
              41.7598883090419
            ],
            [
              -87.5446531502279,
              41.7599794520549
            ],
            [
              -87.5445834462048,
              41.7600311941628
            ],
            [
              -87.5445661895873,
              41.7600440040596
            ],
            [
              -87.5445096677087,
              41.760080280317
            ],
            [
              -87.5444413817223,
              41.7601177933044
            ],
            [
              -87.5444391138105,
              41.7601190392837
            ],
            [
              -87.5444360661261,
              41.7601206888085
            ],
            [
              -87.5443925499046,
              41.7601442409278
            ],
            [
              -87.5443688903124,
              41.7601548157815
            ],
            [
              -87.5443528211873,
              41.7601619978441
            ],
            [
              -87.5443377563172,
              41.7601687024331
            ],
            [
              -87.5443248860522,
              41.7601744305782
            ],
            [
              -87.5442818884437,
              41.7601897503165
            ],
            [
              -87.5442509434052,
              41.7601996090698
            ],
            [
              -87.5442387341027,
              41.7602021550708
            ],
            [
              -87.5442201125776,
              41.7602060385064
            ],
            [
              -87.5442116530224,
              41.7602068319567
            ],
            [
              -87.544200481011,
              41.7602078795586
            ],
            [
              -87.5441790909791,
              41.7602066898057
            ],
            [
              -87.5441638667974,
              41.7602048563282
            ],
            [
              -87.5441585991697,
              41.7602010234146
            ],
            [
              -87.5441584425966,
              41.7602009092742
            ],
            [
              -87.5441583078147,
              41.7602008114748
            ],
            [
              -87.5441566092013,
              41.7601988788014
            ],
            [
              -87.544148732775,
              41.7601918058922
            ],
            [
              -87.5441269535337,
              41.7601722472693
            ],
            [
              -87.5440968281579,
              41.7601630118749
            ],
            [
              -87.544091791089,
              41.7601581912242
            ],
            [
              -87.5440884233858,
              41.7601549679685
            ],
            [
              -87.5440658585699,
              41.7601389506627
            ],
            [
              -87.5440473749816,
              41.760130920666
            ],
            [
              -87.5440401207717,
              41.7601216774454
            ],
            [
              -87.5440164575526,
              41.7601145992565
            ],
            [
              -87.5439918873736,
              41.7601095999461
            ],
            [
              -87.5439667063986,
              41.7601067380809
            ],
            [
              -87.5439498972049,
              41.7601062962936
            ],
            [
              -87.5439412412534,
              41.7601060688695
            ],
            [
              -87.5439158587772,
              41.7601075962045
            ],
            [
              -87.5439002600872,
              41.7601098856158
            ],
            [
              -87.5438908539502,
              41.7601112658548
            ],
            [
              -87.543885534658,
              41.7601125471142
            ],
            [
              -87.5438665910731,
              41.7601171094133
            ],
            [
              -87.5438625170432,
              41.7601183457148
            ],
            [
              -87.5438587189318,
              41.7601194982902
            ],
            [
              -87.5440965110374,
              41.760353463141
            ],
            [
              -87.5443356275713,
              41.7605781891422
            ],
            [
              -87.5443482887364,
              41.7605895968514
            ],
            [
              -87.5443494049486,
              41.7605906026164
            ],
            [
              -87.5443494397556,
              41.7605906335915
            ],
            [
              -87.5443500231227,
              41.7605910341481
            ],
            [
              -87.5443653594307,
              41.7606015551584
            ],
            [
              -87.5443797150591,
              41.7606090128379
            ],
            [
              -87.5443831327829,
              41.7606107888134
            ],
            [
              -87.5444023952928,
              41.7606181108626
            ],
            [
              -87.5444228192046,
              41.760623438098
            ],
            [
              -87.5444439653104,
              41.7606266297396
            ],
            [
              -87.5444594643619,
              41.7606273668011
            ],
            [
              -87.5444655411213,
              41.7606276557869
            ],
            [
              -87.5444707100436,
              41.7606275817808
            ],
            [
              -87.5449893604595,
              41.7606276362284
            ],
            [
              -87.5452462776098,
              41.7606276622474
            ],
            [
              -87.545760793282,
              41.7606258264139
            ],
            [
              -87.5464492320234,
              41.7606233661805
            ],
            [
              -87.5464674811973,
              41.7606247587573
            ],
            [
              -87.5464761107002,
              41.7606254174874
            ],
            [
              -87.5464987867206,
              41.7606383054885
            ],
            [
              -87.5464981535571,
              41.7606541908881
            ],
            [
              -87.5464825091117,
              41.7606596821041
            ],
            [
              -87.5464753979211,
              41.7606590398105
            ],
            [
              -87.5464627747599,
              41.760657899822
            ],
            [
              -87.5464404247051,
              41.7606602717712
            ],
            [
              -87.5464284866744,
              41.7606626041612
            ],
            [
              -87.546416543132,
              41.7606649376099
            ],
            [
              -87.546392949869,
              41.7606654453432
            ],
            [
              -87.5463846106719,
              41.7606656247817
            ],
            [
              -87.5463418413165,
              41.7606652769356
            ],
            [
              -87.5463417306349,
              41.7606652761775
            ],
            [
              -87.5463325127985,
              41.7606654018427
            ],
            [
              -87.5460886757721,
              41.7606687291995
            ],
            [
              -87.546088463509,
              41.7606686728591
            ],
            [
              -87.5460881314111,
              41.7606685849616
            ],
            [
              -87.5460531277903,
              41.7606593196722
            ],
            [
              -87.5460072162542,
              41.7606551904873
            ],
            [
              -87.5459713022701,
              41.760656893091
            ],
            [
              -87.5459475474984,
              41.7606580198365
            ],
            [
              -87.5459045320535,
              41.7606597835217
            ],
            [
              -87.5458199151863,
              41.7606646921343
            ],
            [
              -87.5457881267526,
              41.7606634319534
            ],
            [
              -87.5457420661089,
              41.7606616062984
            ],
            [
              -87.5457165063257,
              41.760662871833
            ],
            [
              -87.5456909414072,
              41.7606641376011
            ],
            [
              -87.5456798189807,
              41.7606655018293
            ],
            [
              -87.5456714694532,
              41.7606665258387
            ],
            [
              -87.5456686961873,
              41.7606668660538
            ],
            [
              -87.5456634728009,
              41.7606670176784
            ],
            [
              -87.5456434339422,
              41.7606675984747
            ],
            [
              -87.5455930757569,
              41.7606659845192
            ],
            [
              -87.5455922502977,
              41.7606659580028
            ],
            [
              -87.5455913055631,
              41.7606659441157
            ],
            [
              -87.5454527015297,
              41.7606639033872
            ],
            [
              -87.5454059331869,
              41.760664080744
            ],
            [
              -87.5453753983114,
              41.7606641962531
            ],
            [
              -87.5453268468405,
              41.7606691051345
            ],
            [
              -87.5452700804123,
              41.7606713777364
            ],
            [
              -87.5452173121388,
              41.7606734033072
            ],
            [
              -87.5451805476388,
              41.7606735901933
            ],
            [
              -87.5451764490078,
              41.76067327173
            ],
            [
              -87.5451704781211,
              41.7606728067756
            ],
            [
              -87.5448961183554,
              41.7606770177281
            ],
            [
              -87.5447172407882,
              41.760679766516
            ],
            [
              -87.5444393399719,
              41.7606840360467
            ],
            [
              -87.5444267636177,
              41.7606833862868
            ],
            [
              -87.5444160436442,
              41.7606828324249
            ],
            [
              -87.5444043314992,
              41.7606811103638
            ],
            [
              -87.5443931407167,
              41.7606794648798
            ],
            [
              -87.5443818049866,
              41.760676666345
            ],
            [
              -87.5443709600188,
              41.7606739889094
            ],
            [
              -87.5443562537761,
              41.76066873194
            ],
            [
              -87.5443499032955,
              41.7606664618841
            ],
            [
              -87.5443302631567,
              41.7606570235778
            ],
            [
              -87.5443123307489,
              41.7606458134797
            ],
            [
              -87.5442964335651,
              41.7606330259404
            ],
            [
              -87.5442942954413,
              41.7606310359137
            ],
            [
              -87.5436757959847,
              41.7600649464429
            ],
            [
              -87.5436383114733,
              41.7600306768447
            ],
            [
              -87.5434603757619,
              41.7598680010945
            ],
            [
              -87.5432859727135,
              41.7597085544194
            ],
            [
              -87.5432858346845,
              41.7597085721315
            ],
            [
              -87.5432518695659,
              41.7597128757056
            ],
            [
              -87.5432187096044,
              41.7597150349268
            ],
            [
              -87.5432042513731,
              41.7597130103727
            ],
            [
              -87.5431906822621,
              41.7597111102106
            ],
            [
              -87.5431699330137,
              41.7597024876401
            ],
            [
              -87.5431549794526,
              41.7596921112562
            ],
            [
              -87.5431429304003,
              41.7596837504976
            ],
            [
              -87.543109860364,
              41.7596576989631
            ],
            [
              -87.5430467237764,
              41.7596086912322
            ],
            [
              -87.542940766129,
              41.759509826385
            ],
            [
              -87.5427447900158,
              41.7593139352563
            ],
            [
              -87.5425720638697,
              41.759141282506
            ],
            [
              -87.5425691437145,
              41.7591383658048
            ],
            [
              -87.5425666689174,
              41.7591358937256
            ],
            [
              -87.5425655984443,
              41.7591340624999
            ],
            [
              -87.5425532792938,
              41.7591129967561
            ],
            [
              -87.5425425744062,
              41.7590892947013
            ],
            [
              -87.5425347365995,
              41.759064981192
            ],
            [
              -87.5425301413423,
              41.7590421628636
            ],
            [
              -87.5425297613463,
              41.7590402754667
            ],
            [
              -87.5425276854262,
              41.7590153160915
            ],
            [
              -87.5425285424432,
              41.7589903211947
            ],
            [
              -87.5425323298024,
              41.7589654570627
            ],
            [
              -87.5425364540969,
              41.7589501667994
            ],
            [
              -87.5425385510887,
              41.7589423926512
            ],
            [
              -87.5425754451693,
              41.7588658609568
            ],
            [
              -87.5425843439447,
              41.758847399589
            ],
            [
              -87.542600526505,
              41.7588138294176
            ],
            [
              -87.5426330243419,
              41.7587464130814
            ],
            [
              -87.5425926237707,
              41.7587086433023
            ],
            [
              -87.5425775483092,
              41.7586945491306
            ],
            [
              -87.5416548215371,
              41.7578318651851
            ],
            [
              -87.5416429637946,
              41.7578329124795
            ],
            [
              -87.5415556828914,
              41.7578406221093
            ],
            [
              -87.5414596934902,
              41.7578448596691
            ],
            [
              -87.5414524542836,
              41.75784517943
            ],
            [
              -87.541452267766,
              41.7578451764979
            ],
            [
              -87.5414497855104,
              41.7578451371603
            ],
            [
              -87.5413817315913,
              41.7578440607684
            ],
            [
              -87.541366161935,
              41.7578427742213
            ],
            [
              -87.5413154236241,
              41.7578385813507
            ],
            [
              -87.541287743853,
              41.7578347823344
            ],
            [
              -87.5412860779467,
              41.7578345535017
            ],
            [
              -87.5412600640886,
              41.757830983037
            ],
            [
              -87.5412171084166,
              41.7578220689786
            ],
            [
              -87.5412043968134,
              41.7578189346219
            ],
            [
              -87.5411861961476,
              41.7578144465286
            ],
            [
              -87.5411541715038,
              41.7578018492269
            ],
            [
              -87.5411287882017,
              41.7577834863916
            ],
            [
              -87.5411104325117,
              41.7577702077901
            ],
            [
              -87.54110030021,
              41.7577602365076
            ],
            [
              -87.5410936660476,
              41.7577537081883
            ],
            [
              -87.5410647963422,
              41.7577229656595
            ],
            [
              -87.5410277311456,
              41.7576911509428
            ],
            [
              -87.5409755432978,
              41.7576491592606
            ],
            [
              -87.5408318683867,
              41.7575124629229
            ],
            [
              -87.5407469219684,
              41.7574341313447
            ],
            [
              -87.5406879481224,
              41.7573837514323
            ],
            [
              -87.5406604489873,
              41.757360437732
            ],
            [
              -87.540652146983,
              41.7573533992416
            ],
            [
              -87.5406520227168,
              41.7573532817516
            ],
            [
              -87.5406306641885,
              41.7573330258418
            ],
            [
              -87.5406254983037,
              41.7573273347562
            ],
            [
              -87.5406124389469,
              41.7573129482461
            ],
            [
              -87.5406073087798,
              41.7573033127565
            ],
            [
              -87.540604593425,
              41.7572982124101
            ],
            [
              -87.5406033674458,
              41.7572860330028
            ],
            [
              -87.5406024706845,
              41.7572771218525
            ],
            [
              -87.5406035428877,
              41.7572741596489
            ],
            [
              -87.5406107423771,
              41.7572542646111
            ],
            [
              -87.5406293345966,
              41.7572356304208
            ],
            [
              -87.5406293705938,
              41.75723559417
            ],
            [
              -87.5406759059463,
              41.7572037246549
            ],
            [
              -87.5407060751152,
              41.7571833955873
            ],
            [
              -87.5407380303934,
              41.7571618633851
            ],
            [
              -87.5407469072552,
              41.7571558696104
            ],
            [
              -87.540786186961,
              41.7571293466524
            ],
            [
              -87.5408470467231,
              41.7570949408071
            ],
            [
              -87.5408945708518,
              41.7570660975704
            ],
            [
              -87.5408977034445,
              41.7570639767055
            ],
            [
              -87.5409216612956,
              41.757047760151
            ],
            [
              -87.5409344715975,
              41.7570381800774
            ],
            [
              -87.5409344974904,
              41.7570381607714
            ],
            [
              -87.5409347847075,
              41.7570380516084
            ],
            [
              -87.5409419357063,
              41.7570353313855
            ],
            [
              -87.54094935937,
              41.7570343702148
            ],
            [
              -87.5409536088064,
              41.7570338199271
            ],
            [
              -87.5409647181009,
              41.7570335397863
            ],
            [
              -87.5409748120337,
              41.7570351780395
            ],
            [
              -87.5409811406761,
              41.7570362052406
            ],
            [
              -87.5409869408545,
              41.7570378849579
            ],
            [
              -87.540991622044,
              41.7570392408151
            ],
            [
              -87.5409949010756,
              41.7570403806312
            ],
            [
              -87.5410020963403,
              41.7570428811824
            ],
            [
              -87.5410589743269,
              41.7570103416022
            ],
            [
              -87.5410588780449,
              41.7570102731542
            ],
            [
              -87.5410493105506,
              41.7570034688355
            ],
            [
              -87.541049412455,
              41.7570033781532
            ],
            [
              -87.5410585148798,
              41.7569953109481
            ],
            [
              -87.541061539259,
              41.7569926308684
            ],
            [
              -87.5410894341199,
              41.7569802817941
            ],
            [
              -87.541104111497,
              41.7569759652359
            ],
            [
              -87.5411284725284,
              41.756956044424
            ],
            [
              -87.5411355991026,
              41.7569526266951
            ],
            [
              -87.541146242868,
              41.7569475229724
            ],
            [
              -87.5412089270685,
              41.7569167253632
            ],
            [
              -87.5412175011306,
              41.756910313429
            ],
            [
              -87.541221799443,
              41.7569070990321
            ],
            [
              -87.5412306830653,
              41.7569004595336
            ],
            [
              -87.5412395182288,
              41.7568938561995
            ],
            [
              -87.5412644763199,
              41.7568770273557
            ],
            [
              -87.5412667920409,
              41.756875465625
            ],
            [
              -87.5413011552387,
              41.7568588251052
            ],
            [
              -87.5413534819688,
              41.7568303443744
            ],
            [
              -87.5413848015333,
              41.7568132975497
            ],
            [
              -87.5414255425224,
              41.7567859584104
            ],
            [
              -87.5414408257426,
              41.7567757026644
            ],
            [
              -87.5415708126173,
              41.7566932262868
            ],
            [
              -87.5416306833602,
              41.7566599611452
            ],
            [
              -87.5417020000273,
              41.756620336172
            ],
            [
              -87.5417450266395,
              41.7565898951469
            ],
            [
              -87.5417738730882,
              41.7565694861539
            ],
            [
              -87.5418059261634,
              41.7565439377742
            ],
            [
              -87.5418334204922,
              41.75652848443
            ],
            [
              -87.5418551957231,
              41.7565161478953
            ],
            [
              -87.5419446811544,
              41.7564726086028
            ],
            [
              -87.5420357849462,
              41.7564196405585
            ],
            [
              -87.5420366216762,
              41.7564191328637
            ],
            [
              -87.5421077517222,
              41.7563759804798
            ],
            [
              -87.5421967281667,
              41.7563290622749
            ],
            [
              -87.542224675053,
              41.7563126745011
            ],
            [
              -87.5422420606344,
              41.7563024797765
            ],
            [
              -87.5422610616273,
              41.7562908921902
            ],
            [
              -87.5422642081485,
              41.7562889733637
            ],
            [
              -87.5422885151309,
              41.7562741494593
            ],
            [
              -87.5423221597058,
              41.7562528578655
            ],
            [
              -87.542329182937,
              41.7562484129838
            ],
            [
              -87.5423656297499,
              41.7562302853582
            ],
            [
              -87.5423765300889,
              41.7562248635764
            ],
            [
              -87.542450279907,
              41.7561839118264
            ],
            [
              -87.542500962444,
              41.7561557685984
            ],
            [
              -87.5426095765764,
              41.7560854937952
            ],
            [
              -87.5426119875387,
              41.756083931046
            ],
            [
              -87.5426155249225,
              41.756081638108
            ],
            [
              -87.5426528728017,
              41.7560586718121
            ],
            [
              -87.5427150478085,
              41.7560204388652
            ],
            [
              -87.5428131520514,
              41.7559583518741
            ],
            [
              -87.5428451450375,
              41.7559392842648
            ],
            [
              -87.5429251302006,
              41.7558916126137
            ],
            [
              -87.5429766557972,
              41.7558590632436
            ],
            [
              -87.5429943337453,
              41.7558499920088
            ],
            [
              -87.5430361838216,
              41.7558285167971
            ],
            [
              -87.5430695649313,
              41.7558050908518
            ],
            [
              -87.5431066183158,
              41.7557812776868
            ],
            [
              -87.543121989494,
              41.7557735500903
            ],
            [
              -87.5431500221032,
              41.75575945691
            ],
            [
              -87.5431799002191,
              41.7557378178007
            ],
            [
              -87.5432096613234,
              41.7557198006239
            ],
            [
              -87.5432146237611,
              41.7557171069208
            ],
            [
              -87.5432469999021,
              41.7556995303395
            ],
            [
              -87.5432765177818,
              41.7556863406101
            ],
            [
              -87.5433081087805,
              41.755668500923
            ],
            [
              -87.543342956587,
              41.7556466162997
            ],
            [
              -87.5433431220496,
              41.7556465126053
            ],
            [
              -87.5433717651854,
              41.7556300247792
            ],
            [
              -87.5434033799779,
              41.755610180521
            ],
            [
              -87.5434301806849,
              41.7555884932932
            ],
            [
              -87.5434410544125,
              41.7555825355399
            ],
            [
              -87.543457189734,
              41.7555736951256
            ],
            [
              -87.5434807203944,
              41.75556334679
            ],
            [
              -87.5434819518671,
              41.7555628052991
            ],
            [
              -87.5434834060868,
              41.7555623303793
            ],
            [
              -87.5434878758281,
              41.7555608704058
            ],
            [
              -87.5435728957335,
              41.7555106856554
            ],
            [
              -87.5436365526794,
              41.7554681036255
            ],
            [
              -87.543681684443,
              41.7554379137172
            ],
            [
              -87.543767365957,
              41.7553904773901
            ],
            [
              -87.5438103477538,
              41.7553582528536
            ],
            [
              -87.5438567100821,
              41.7553283295702
            ],
            [
              -87.5438979667397,
              41.7552998399337
            ],
            [
              -87.5439206923001,
              41.7552841466726
            ],
            [
              -87.5439280242667,
              41.7552791936487
            ],
            [
              -87.5439512544813,
              41.7552635000068
            ],
            [
              -87.5439566691515,
              41.7552562865039
            ],
            [
              -87.5439670145055,
              41.7552425046492
            ],
            [
              -87.5439735267799,
              41.7552254247087
            ],
            [
              -87.543975879592,
              41.7552099087058
            ],
            [
              -87.5439789259521,
              41.7551885787364
            ],
            [
              -87.54398288079,
              41.7551739236483
            ],
            [
              -87.5439838294572,
              41.7551600607672
            ]
          ]
        ]
      },
      "properties": {
        "COMMUNITY": "SOUTH SHORE",
        "AREA_NUMBER": "43",
        "tier": 5,
        "tier_label": "2,000 - 2,500"
      }
    },
    {
      "type": "Feature",
      "geometry": {
        "type": "Polygon",
        "coordinates": [
          [
            [
              -87.5953531346568,
              41.7367902044355
            ],
            [
              -87.5953929256542,
              41.7367896413678
            ],
            [
              -87.5959635945083,
              41.7367815637486
            ],
            [
              -87.5968911584808,
              41.7367679181944
            ],
            [
              -87.5975581851538,
              41.7367580442671
            ],
            [
              -87.59780530229,
              41.7367552039687
            ],
            [
              -87.5979532593103,
              41.7367531454348
            ],
            [
              -87.5986527199939,
              41.7367426977352
            ],
            [
              -87.5987899600632,
              41.7367406368345
            ],
            [
              -87.5991598337138,
              41.7367347705864
            ],
            [
              -87.5995215352705,
              41.7367307115986
            ],
            [
              -87.5999275085816,
              41.7367248730868
            ],
            [
              -87.6001418821173,
              41.736721789394
            ],
            [
              -87.6002367044733,
              41.7367204253781
            ],
            [
              -87.6003993190604,
              41.7367180859061
            ],
            [
              -87.6004962795566,
              41.7360845965834
            ],
            [
              -87.6006105256082,
              41.7355827737781
            ],
            [
              -87.6007579044407,
              41.7349460042492
            ],
            [
              -87.6008833215791,
              41.7343876506178
            ],
            [
              -87.6009098487736,
              41.7342698140987
            ],
            [
              -87.6010231995964,
              41.7337655840122
            ],
            [
              -87.6011297051501,
              41.7332993866352
            ],
            [
              -87.6011663228282,
              41.7331397638678
            ],
            [
              -87.6018525207605,
              41.7330409726287
            ],
            [
              -87.6020244912536,
              41.7330383657473
            ],
            [
              -87.6020898879686,
              41.7327488726626
            ],
            [
              -87.6021640251503,
              41.7324239789177
            ],
            [
              -87.6022297655782,
              41.7321351742602
            ],
            [
              -87.6023425821988,
              41.7316396381836
            ],
            [
              -87.6024345148752,
              41.7312398649714
            ],
            [
              -87.6024396778824,
              41.7312174125686
            ],
            [
              -87.6024917924254,
              41.7309907891868
            ],
            [
              -87.6026089432144,
              41.7304745058686
            ],
            [
              -87.6026482258754,
              41.7303031810026
            ],
            [
              -87.6027471472884,
              41.7298717457441
            ],
            [
              -87.6027571693384,
              41.7298279553525
            ],
            [
              -87.6028151640782,
              41.7295723897607
            ],
            [
              -87.6028557693799,
              41.7293917381501
            ],
            [
              -87.6028812506269,
              41.7292783725855
            ],
            [
              -87.6029502770658,
              41.7289834955891
            ],
            [
              -87.6030464484852,
              41.7285528106215
            ],
            [
              -87.6031329093556,
              41.7281772245287
            ],
            [
              -87.6031918055994,
              41.7279258903665
            ],
            [
              -87.6032787870992,
              41.7275593021911
            ],
            [
              -87.6031201009788,
              41.7275613740857
            ],
            [
              -87.6031192044049,
              41.727561386775
            ],
            [
              -87.6029358766628,
              41.7275639631971
            ],
            [
              -87.6029610686169,
              41.727435661733
            ],
            [
              -87.6030073883838,
              41.72724676316
            ],
            [
              -87.603060940839,
              41.7270143857114
            ],
            [
              -87.6031216653606,
              41.7267568061171
            ],
            [
              -87.6031702606594,
              41.7265545022198
            ],
            [
              -87.6032343432283,
              41.7262849786728
            ],
            [
              -87.6032842808335,
              41.7260675895098
            ],
            [
              -87.6033595829391,
              41.7257321223924
            ],
            [
              -87.6031803056791,
              41.7257352244109
            ],
            [
              -87.603100797631,
              41.7257366003914
            ],
            [
              -87.6030673680358,
              41.7257371788526
            ],
            [
              -87.6031251726696,
              41.7254846192027
            ],
            [
              -87.6032094757129,
              41.7251163873447
            ],
            [
              -87.6032740575921,
              41.7248317322569
            ],
            [
              -87.6033444128694,
              41.724522414686
            ],
            [
              -87.6034244252261,
              41.7241689063158
            ],
            [
              -87.6035477955197,
              41.7236256291274
            ],
            [
              -87.6035772039179,
              41.7234951181473
            ],
            [
              -87.6035911611215,
              41.7234351748835
            ],
            [
              -87.603775787706,
              41.7234672207907
            ],
            [
              -87.6040778172293,
              41.7235236812751
            ],
            [
              -87.6043806467031,
              41.7235904372239
            ],
            [
              -87.6045123626438,
              41.7236217096596
            ],
            [
              -87.6045127520947,
              41.7236218018689
            ],
            [
              -87.60451404052,
              41.7235803354746
            ],
            [
              -87.6045188062546,
              41.7234269837082
            ],
            [
              -87.6045197399595,
              41.7233896120514
            ],
            [
              -87.6045218193205,
              41.7232625955328
            ],
            [
              -87.6045238653009,
              41.7231375593723
            ],
            [
              -87.6045202593334,
              41.7230456927593
            ],
            [
              -87.6045193377991,
              41.7230222145069
            ],
            [
              -87.6045094738596,
              41.7227903395819
            ],
            [
              -87.6044974203314,
              41.722555922695
            ],
            [
              -87.6050999589022,
              41.7227034413081
            ],
            [
              -87.6051846704144,
              41.7227241809703
            ],
            [
              -87.6052405644495,
              41.7227378648377
            ],
            [
              -87.6055213757243,
              41.7228160183915
            ],
            [
              -87.6058987728597,
              41.7229308976686
            ],
            [
              -87.6062060009371,
              41.7230328999522
            ],
            [
              -87.6063129266219,
              41.723070522147
            ],
            [
              -87.6064295013222,
              41.723111539077
            ],
            [
              -87.6067421001113,
              41.7232297379222
            ],
            [
              -87.6068755234998,
              41.7232845545242
            ],
            [
              -87.6070242479722,
              41.723345657766
            ],
            [
              -87.6071156822329,
              41.7233845369861
            ],
            [
              -87.6072393952907,
              41.7234390892647
            ],
            [
              -87.607319942035,
              41.7234754115273
            ],
            [
              -87.6074116293753,
              41.7235178416086
            ],
            [
              -87.607532933748,
              41.7235748940684
            ],
            [
              -87.6075793200344,
              41.7235967296568
            ],
            [
              -87.6076954942318,
              41.7236539962564
            ],
            [
              -87.6077667851022,
              41.7236892718007
            ],
            [
              -87.6078540667503,
              41.7237326342197
            ],
            [
              -87.6079701259381,
              41.7237903663486
            ],
            [
              -87.6081525075567,
              41.7238822316812
            ],
            [
              -87.6082528965491,
              41.7239327971921
            ],
            [
              -87.6083365797111,
              41.7239737215391
            ],
            [
              -87.6084271762678,
              41.7240188059126
            ],
            [
              -87.6085239662561,
              41.7240668928678
            ],
            [
              -87.6085781321266,
              41.7240941290882
            ],
            [
              -87.6087600882767,
              41.7241848913979
            ],
            [
              -87.6089390217523,
              41.7242741815229
            ],
            [
              -87.6090840775099,
              41.7243465578626
            ],
            [
              -87.6093773973851,
              41.7244927572494
            ],
            [
              -87.609382703541,
              41.7246923024108
            ],
            [
              -87.609386188081,
              41.724786536436
            ],
            [
              -87.6093896413733,
              41.7248705345155
            ],
            [
              -87.6093967849542,
              41.724952058242
            ],
            [
              -87.6094343938512,
              41.7249956004736
            ],
            [
              -87.6095007520386,
              41.7250398177733
            ],
            [
              -87.6096143302788,
              41.7251067535054
            ],
            [
              -87.6097861436573,
              41.725188427265
            ],
            [
              -87.6099611490146,
              41.7252715929123
            ],
            [
              -87.609983223878,
              41.7252816114124
            ],
            [
              -87.6100129037937,
              41.7252950807318
            ],
            [
              -87.6100727896299,
              41.7253222874847
            ],
            [
              -87.6101193651092,
              41.7253434470362
            ],
            [
              -87.6102123073221,
              41.7253887091445
            ],
            [
              -87.6102651331456,
              41.7254150969217
            ],
            [
              -87.6102702287797,
              41.7254176422304
            ],
            [
              -87.61036071293,
              41.725463218343
            ],
            [
              -87.6104097016951,
              41.7254852189994
            ],
            [
              -87.6104153141416,
              41.7254877392867
            ],
            [
              -87.6104630685565,
              41.7255086495222
            ],
            [
              -87.6106125371252,
              41.7255720410008
            ],
            [
              -87.6106621473144,
              41.7255921488618
            ],
            [
              -87.6107470139538,
              41.7256062117721
            ],
            [
              -87.6108332254319,
              41.725608208364
            ],
            [
              -87.610923989229,
              41.7256066439472
            ],
            [
              -87.6110011823735,
              41.7256053127661
            ],
            [
              -87.6111135193505,
              41.7256034392328
            ],
            [
              -87.6112164029272,
              41.7256016919715
            ],
            [
              -87.6112668565418,
              41.7256008350117
            ],
            [
              -87.6114201570872,
              41.7255982309047
            ],
            [
              -87.6115899968297,
              41.7255957672527
            ],
            [
              -87.6120311664714,
              41.7258231500292
            ],
            [
              -87.6122302026945,
              41.7259238257971
            ],
            [
              -87.612381456549,
              41.7259995025966
            ],
            [
              -87.6125585751395,
              41.726088157392
            ],
            [
              -87.6127195924645,
              41.7261687524259
            ],
            [
              -87.6128934733332,
              41.7262554651043
            ],
            [
              -87.6130448420111,
              41.7263308401484
            ],
            [
              -87.6131706763931,
              41.7263932112945
            ],
            [
              -87.6133419419012,
              41.7264780410417
            ],
            [
              -87.613442057106,
              41.7265275719991
            ],
            [
              -87.6135196944375,
              41.7265659299166
            ],
            [
              -87.6136037073282,
              41.7266074562346
            ],
            [
              -87.6137009090107,
              41.7266554867868
            ],
            [
              -87.6137653207095,
              41.7266873948979
            ],
            [
              -87.6138912303644,
              41.7267497108383
            ],
            [
              -87.6142784959878,
              41.7269415985467
            ],
            [
              -87.614282183559,
              41.7270977769662
            ],
            [
              -87.6142856198615,
              41.7272232685308
            ],
            [
              -87.614289653043,
              41.7273478307609
            ],
            [
              -87.6142911613521,
              41.727504924757
            ],
            [
              -87.6142914028131,
              41.7275096187712
            ],
            [
              -87.6142921054046,
              41.7275233225107
            ],
            [
              -87.6142964948396,
              41.7276088419569
            ],
            [
              -87.6142975719196,
              41.7276298311753
            ],
            [
              -87.6143027949468,
              41.7277418162398
            ],
            [
              -87.6143030411617,
              41.7277471025066
            ],
            [
              -87.614305398948,
              41.7278411923531
            ],
            [
              -87.6143067858281,
              41.7278967220758
            ],
            [
              -87.6146303554299,
              41.7280520813545
            ],
            [
              -87.6149785439021,
              41.7282017655327
            ],
            [
              -87.6153268253061,
              41.7283432160187
            ],
            [
              -87.6157074403086,
              41.7285009907809
            ],
            [
              -87.6161212964585,
              41.7286346157079
            ],
            [
              -87.6163717715181,
              41.7287181654935
            ],
            [
              -87.6169706273649,
              41.7289349276362
            ],
            [
              -87.6173520693183,
              41.7290601131002
            ],
            [
              -87.6179187808723,
              41.7292029168416
            ],
            [
              -87.6181437244273,
              41.7292766984254
            ],
            [
              -87.6182191075415,
              41.7293014086706
            ],
            [
              -87.6185288225559,
              41.7294029318565
            ],
            [
              -87.6189431430772,
              41.7294957278386
            ],
            [
              -87.6191957892241,
              41.7295490733634
            ],
            [
              -87.6191958930263,
              41.7295490951398
            ],
            [
              -87.6191900547726,
              41.729380643061
            ],
            [
              -87.6191824564637,
              41.7291272956635
            ],
            [
              -87.6196844322723,
              41.7291200957881
            ],
            [
              -87.6199891429645,
              41.7291150236217
            ],
            [
              -87.620563388041,
              41.7291054630257
            ],
            [
              -87.6207936041984,
              41.729101903059
            ],
            [
              -87.6215792234505,
              41.7290897504683
            ],
            [
              -87.6216011341524,
              41.7290894004433
            ],
            [
              -87.6219861978831,
              41.729083250642
            ],
            [
              -87.6221569458114,
              41.7290805231584
            ],
            [
              -87.6224103184985,
              41.7290764750972
            ],
            [
              -87.6225933049186,
              41.729073551546
            ],
            [
              -87.622865654743,
              41.7290695002088
            ],
            [
              -87.623146379313,
              41.7290636121734
            ],
            [
              -87.6233303284635,
              41.7290597537454
            ],
            [
              -87.6235159089521,
              41.7290558606424
            ],
            [
              -87.6236215673562,
              41.7290536441079
            ],
            [
              -87.6237829231964,
              41.7290518735144
            ],
            [
              -87.6239438287303,
              41.7290501081472
            ],
            [
              -87.6240248026866,
              41.7290492196774
            ],
            [
              -87.62437668226,
              41.729044035148
            ],
            [
              -87.6245862652525,
              41.7290408498934
            ],
            [
              -87.6247996423861,
              41.7290376066948
            ],
            [
              -87.6250972201187,
              41.7290330829404
            ],
            [
              -87.6251601111613,
              41.7290323602115
            ],
            [
              -87.6252430248628,
              41.7290314073691
            ],
            [
              -87.6253694503281,
              41.7290299544294
            ],
            [
              -87.625483644385,
              41.7290296186814
            ],
            [
              -87.6256771395692,
              41.729027129828
            ],
            [
              -87.6257886125291,
              41.7291846297101
            ],
            [
              -87.6259178512612,
              41.7293223392851
            ],
            [
              -87.6260141018651,
              41.729424883089
            ],
            [
              -87.6261694868783,
              41.7295904160093
            ],
            [
              -87.6263469259779,
              41.7297794659686
            ],
            [
              -87.6264605587447,
              41.7299039336371
            ],
            [
              -87.626625108723,
              41.7300771366856
            ],
            [
              -87.6268200885853,
              41.730282368328
            ],
            [
              -87.628874448626,
              41.732444645735
            ],
            [
              -87.6290465304996,
              41.7326257591081
            ],
            [
              -87.6290422778632,
              41.7326306747265
            ],
            [
              -87.6290397809508,
              41.732637795459
            ],
            [
              -87.6290367186863,
              41.7326465302242
            ],
            [
              -87.6290384845141,
              41.7326559265981
            ],
            [
              -87.6290433649214,
              41.732668635238
            ],
            [
              -87.6290516718042,
              41.7326829016949
            ],
            [
              -87.6290782617777,
              41.7327138833045
            ],
            [
              -87.629156256374,
              41.7327915039497
            ],
            [
              -87.6292487350923,
              41.7328747019208
            ],
            [
              -87.629395653287,
              41.7330118846594
            ],
            [
              -87.6295415871653,
              41.7331486769752
            ],
            [
              -87.6296577759491,
              41.7332582829095
            ],
            [
              -87.6297077818156,
              41.7333056266571
            ],
            [
              -87.6298289344279,
              41.7334203672343
            ],
            [
              -87.6299306145718,
              41.7335166564714
            ],
            [
              -87.6301189306181,
              41.7336946251882
            ],
            [
              -87.6302232983716,
              41.7337931535045
            ],
            [
              -87.630335316838,
              41.7338990284045
            ],
            [
              -87.6305570538968,
              41.7341067571103
            ],
            [
              -87.6306892919779,
              41.7342332010034
            ],
            [
              -87.6308247196523,
              41.7343344840802
            ],
            [
              -87.6309373983404,
              41.7344189792907
            ],
            [
              -87.6308892663605,
              41.7344244118837
            ],
            [
              -87.6309753477211,
              41.734506718877
            ],
            [
              -87.6311668063142,
              41.7347146040709
            ],
            [
              -87.631259565558,
              41.7347640879698
            ],
            [
              -87.6313551225942,
              41.7348510904601
            ],
            [
              -87.6314501672907,
              41.7349380620229
            ],
            [
              -87.6315219221662,
              41.7350037600547
            ],
            [
              -87.6317396808849,
              41.7351838543732
            ],
            [
              -87.6318452086447,
              41.7352368327034
            ],
            [
              -87.6319322423496,
              41.735289066853
            ],
            [
              -87.6319809827634,
              41.7353183168596
            ],
            [
              -87.6321086822291,
              41.7354213493118
            ],
            [
              -87.6322354665834,
              41.7355344476616
            ],
            [
              -87.6327260804307,
              41.7359799909091
            ],
            [
              -87.6327262553055,
              41.7359801494989
            ],
            [
              -87.6326663465203,
              41.7363878402712
            ],
            [
              -87.6325906397553,
              41.7363163692575
            ],
            [
              -87.6325682141684,
              41.736357054124
            ],
            [
              -87.6325182250711,
              41.7364476545567
            ],
            [
              -87.6325934400286,
              41.7365222096932
            ],
            [
              -87.6326536175044,
              41.7365898123029
            ],
            [
              -87.6327118998967,
              41.7366632349869
            ],
            [
              -87.6327651228793,
              41.7367386850264
            ],
            [
              -87.6327808897456,
              41.7367627936067
            ],
            [
              -87.6328686899036,
              41.7369015738404
            ],
            [
              -87.6329910039621,
              41.7371095149194
            ],
            [
              -87.6330646562952,
              41.7372437489829
            ],
            [
              -87.6331780393214,
              41.7374729038323
            ],
            [
              -87.6334035757648,
              41.7379181702057
            ],
            [
              -87.6335290913232,
              41.7381690100379
            ],
            [
              -87.6335779073048,
              41.738270846834
            ],
            [
              -87.6336165073372,
              41.7383856568713
            ],
            [
              -87.633636133002,
              41.7384763386328
            ],
            [
              -87.6336480696491,
              41.7385580545589
            ],
            [
              -87.6336527651423,
              41.7386318367704
            ],
            [
              -87.6336575347521,
              41.7386987581072
            ],
            [
              -87.6336682617374,
              41.7387653729549
            ],
            [
              -87.6336849498428,
              41.7388313380214
            ],
            [
              -87.6336942433636,
              41.7388612389857
            ],
            [
              -87.6337582295973,
              41.7390424100256
            ],
            [
              -87.6338990896166,
              41.7393568050068
            ],
            [
              -87.6339687216846,
              41.7394820949656
            ],
            [
              -87.6340140876307,
              41.7395643573477
            ],
            [
              -87.6340377635788,
              41.7408049294548
            ],
            [
              -87.6340458796641,
              41.7408775383917
            ],
            [
              -87.6340500225251,
              41.7410326719723
            ],
            [
              -87.6340566444107,
              41.7413037951452
            ],
            [
              -87.6340626426175,
              41.741550642742
            ],
            [
              -87.6340632305901,
              41.7415748357585
            ],
            [
              -87.6340720212844,
              41.741923004857
            ],
            [
              -87.6340837153079,
              41.7423751185756
            ],
            [
              -87.6341018876887,
              41.7430642701614
            ],
            [
              -87.6341135573656,
              41.7435059234355
            ],
            [
              -87.6342314637134,
              41.7435195709774
            ],
            [
              -87.6343705986083,
              41.743559998614
            ],
            [
              -87.634373849588,
              41.7435609432224
            ],
            [
              -87.6345316210038,
              41.7436184968226
            ],
            [
              -87.6346452898719,
              41.7436599621932
            ],
            [
              -87.6349525691565,
              41.7437791223163
            ],
            [
              -87.6350203282048,
              41.743805659689
            ],
            [
              -87.6352509969356,
              41.7438969649084
            ],
            [
              -87.6354809424228,
              41.7439874419791
            ],
            [
              -87.6359512672205,
              41.7441699968009
            ],
            [
              -87.6359674899456,
              41.7441414507259
            ],
            [
              -87.6359715821374,
              41.7441342500743
            ],
            [
              -87.6360051884848,
              41.7440864286474
            ],
            [
              -87.6360869615587,
              41.7439861813541
            ],
            [
              -87.6361800278936,
              41.7438790149657
            ],
            [
              -87.6362931276309,
              41.743747098095
            ],
            [
              -87.6363369949475,
              41.7436959323054
            ],
            [
              -87.6363539603233,
              41.7436761441981
            ],
            [
              -87.6364474773408,
              41.7435670672625
            ],
            [
              -87.6364829699434,
              41.7435256694815
            ],
            [
              -87.6372979516164,
              41.7434894458318
            ],
            [
              -87.6376381567072,
              41.7434809255376
            ],
            [
              -87.6378979424734,
              41.7434744189579
            ],
            [
              -87.6386028811076,
              41.7434567592026
            ],
            [
              -87.6391958813932,
              41.7434419006303
            ],
            [
              -87.6391367736479,
              41.7444912636892
            ],
            [
              -87.6390979079587,
              41.7451812417858
            ],
            [
              -87.6390816481421,
              41.7462068136479
            ],
            [
              -87.6390681100855,
              41.7470606784199
            ],
            [
              -87.6390718778023,
              41.7479437496327
            ],
            [
              -87.6391023990198,
              41.7488787764751
            ],
            [
              -87.6391678958023,
              41.7488757720065
            ],
            [
              -87.6391992212576,
              41.7488743349836
            ],
            [
              -87.6393314316846,
              41.7488682698554
            ],
            [
              -87.6394911286509,
              41.7488654156466
            ],
            [
              -87.6394580056825,
              41.750495008242
            ],
            [
              -87.6393745134593,
              41.7507183742534
            ],
            [
              -87.6393213702114,
              41.7507191814459
            ],
            [
              -87.639268720788,
              41.750719902956
            ],
            [
              -87.6392306583138,
              41.750720424138
            ],
            [
              -87.6390652641345,
              41.7507224142218
            ],
            [
              -87.6389631009026,
              41.7507236434903
            ],
            [
              -87.6387435723659,
              41.7507262842839
            ],
            [
              -87.6386243081303,
              41.7507277186022
            ],
            [
              -87.6384562955188,
              41.7507297394535
            ],
            [
              -87.6381044762791,
              41.7507338681712
            ],
            [
              -87.6379504985168,
              41.7507360442834
            ],
            [
              -87.6376721220227,
              41.7507399780985
            ],
            [
              -87.6371596421737,
              41.7507474121738
            ],
            [
              -87.6368563825521,
              41.7507512824283
            ],
            [
              -87.6367333145115,
              41.7507532704992
            ],
            [
              -87.6364388629101,
              41.7507580264984
            ],
            [
              -87.6359758547001,
              41.7507656455768
            ],
            [
              -87.6355230794461,
              41.7507724097126
            ],
            [
              -87.6351738869894,
              41.7507776252922
            ],
            [
              -87.6347128881805,
              41.7507823422524
            ],
            [
              -87.6344092119529,
              41.7507841181162
            ],
            [
              -87.6342921987596,
              41.7507874099193
            ],
            [
              -87.6342350849116,
              41.7507905605827
            ],
            [
              -87.6339167542352,
              41.7507970932424
            ],
            [
              -87.6336840084718,
              41.7508004787253
            ],
            [
              -87.6334864478289,
              41.7508035017554
            ],
            [
              -87.6332757645027,
              41.7508068015244
            ],
            [
              -87.6330962683863,
              41.7508100840621
            ],
            [
              -87.6329088541715,
              41.7508135115231
            ],
            [
              -87.6326340202516,
              41.7508184769786
            ],
            [
              -87.6323445644787,
              41.7508234074545
            ],
            [
              -87.632070062683,
              41.7508281540427
            ],
            [
              -87.6318836055788,
              41.7508311784178
            ],
            [
              -87.6317037468363,
              41.7508340956897
            ],
            [
              -87.6314592971852,
              41.7508386950159
            ],
            [
              -87.6311994534553,
              41.7508435016225
            ],
            [
              -87.6309403077384,
              41.7508481472503
            ],
            [
              -87.6306686676166,
              41.7508525822349
            ],
            [
              -87.6304829436102,
              41.750855614034
            ],
            [
              -87.6302383124023,
              41.7508600447186
            ],
            [
              -87.6299939418684,
              41.7508640928242
            ],
            [
              -87.6297645223406,
              41.7508682316894
            ],
            [
              -87.6295004702315,
              41.7508724974187
            ],
            [
              -87.6294023848465,
              41.7508740818116
            ],
            [
              -87.6293100145217,
              41.7508758389039
            ],
            [
              -87.6291710200945,
              41.7508784820041
            ],
            [
              -87.6288946511565,
              41.7508830174596
            ],
            [
              -87.6286209185043,
              41.7508877605211
            ],
            [
              -87.6283893739848,
              41.7508918012772
            ],
            [
              -87.6282515816068,
              41.7508950387445
            ],
            [
              -87.6280754108923,
              41.7508991777171
            ],
            [
              -87.6277509480805,
              41.7509048696804
            ],
            [
              -87.6274616430385,
              41.7509093222461
            ],
            [
              -87.6272634244839,
              41.7509121658733
            ],
            [
              -87.627040712212,
              41.7509188400287
            ],
            [
              -87.626820398146,
              41.7509254417794
            ],
            [
              -87.6265288164693,
              41.7509436544031
            ],
            [
              -87.6258301792752,
              41.7509342497903
            ],
            [
              -87.6254005641032,
              41.750943438321
            ],
            [
              -87.6251286507914,
              41.7509492210685
            ],
            [
              -87.6249796335027,
              41.7509523895376
            ],
            [
              -87.6248324731501,
              41.7509554545523
            ],
            [
              -87.6247314504375,
              41.7509575563739
            ],
            [
              -87.6247071705766,
              41.7509589568864
            ],
            [
              -87.6245513131631,
              41.750967944995
            ],
            [
              -87.6238557399774,
              41.7509832454635
            ],
            [
              -87.6238188757077,
              41.7509829914764
            ],
            [
              -87.6234988234921,
              41.7509807873862
            ],
            [
              -87.6232050996753,
              41.7509838089233
            ],
            [
              -87.6230022253674,
              41.7509873897667
            ],
            [
              -87.6227203096636,
              41.7509923651097
            ],
            [
              -87.6222789894776,
              41.7510003101027
            ],
            [
              -87.6221987170078,
              41.7510017463803
            ],
            [
              -87.6219120423172,
              41.7510068752503
            ],
            [
              -87.6216331379506,
              41.7510118989537
            ],
            [
              -87.6215724635648,
              41.7510127119336
            ],
            [
              -87.6213912903761,
              41.7510151392076
            ],
            [
              -87.6210742957308,
              41.7510193857198
            ],
            [
              -87.6207375553288,
              41.7510250092043
            ],
            [
              -87.6203540811833,
              41.7510314668716
            ],
            [
              -87.6201049803195,
              41.7510356289696
            ],
            [
              -87.6197745222556,
              41.7510419412246
            ],
            [
              -87.6195021531028,
              41.7510471435934
            ],
            [
              -87.6191479996235,
              41.7510532854214
            ],
            [
              -87.6187089550654,
              41.7510608740843
            ],
            [
              -87.6184144745044,
              41.7510659574751
            ],
            [
              -87.6181592463038,
              41.7510707174731
            ],
            [
              -87.6179775491086,
              41.7510741056637
            ],
            [
              -87.6175346258495,
              41.7510811717141
            ],
            [
              -87.6172103136748,
              41.7510863408679
            ],
            [
              -87.6168864775367,
              41.7510915395176
            ],
            [
              -87.6165439485979,
              41.7510980970738
            ],
            [
              -87.6162993736409,
              41.7511027783432
            ],
            [
              -87.6159650959073,
              41.7511077058786
            ],
            [
              -87.6157354626871,
              41.7511111043415
            ],
            [
              -87.6153490623951,
              41.7511202254981
            ],
            [
              -87.6149641259935,
              41.7511218911004
            ],
            [
              -87.6148042384049,
              41.7511225826266
            ],
            [
              -87.6144089400324,
              41.7511343253349
            ],
            [
              -87.614055819216,
              41.7511397990177
            ],
            [
              -87.6137190534536,
              41.7511467997167
            ],
            [
              -87.6134186688638,
              41.7511530432851
            ],
            [
              -87.6130127326401,
              41.751159033551
            ],
            [
              -87.6127005930513,
              41.7511636625395
            ],
            [
              -87.6125659697617,
              41.7511657163517
            ],
            [
              -87.6125075777542,
              41.7511666069202
            ],
            [
              -87.6121881762758,
              41.7511714795784
            ],
            [
              -87.6119031499634,
              41.7511766086349
            ],
            [
              -87.6118297673221,
              41.7511779286189
            ],
            [
              -87.6115487358217,
              41.751182997083
            ],
            [
              -87.611298205953,
              41.7511874648131
            ],
            [
              -87.6110514426887,
              41.7511918645644
            ],
            [
              -87.610694509398,
              41.7511973577356
            ],
            [
              -87.6106134319554,
              41.7511986054933
            ],
            [
              -87.6103182240469,
              41.7512031149671
            ],
            [
              -87.6100882084309,
              41.7512071597392
            ],
            [
              -87.6098504751814,
              41.7512113395967
            ],
            [
              -87.6094619725461,
              41.7512183058165
            ],
            [
              -87.6091819304839,
              41.7512233470063
            ],
            [
              -87.6088770377559,
              41.7512288845167
            ],
            [
              -87.6086065235171,
              41.7512337974927
            ],
            [
              -87.6083264397103,
              41.7512392477046
            ],
            [
              -87.6079841882593,
              41.7512459516339
            ],
            [
              -87.6076633930658,
              41.7512513169199
            ],
            [
              -87.6074207765397,
              41.751255373912
            ],
            [
              -87.6070633605276,
              41.7512614032573
            ],
            [
              -87.6068015021464,
              41.7512658268927
            ],
            [
              -87.6066288042358,
              41.7512679985195
            ],
            [
              -87.606452026524,
              41.7512702211908
            ],
            [
              -87.6061116268784,
              41.7512746205534
            ],
            [
              -87.6058502394137,
              41.7512794887547
            ],
            [
              -87.6058356144145,
              41.7512797614193
            ],
            [
              -87.6055269269958,
              41.7512900734793
            ],
            [
              -87.6052202779278,
              41.7512939863876
            ],
            [
              -87.604832799887,
              41.7512989294001
            ],
            [
              -87.6045776345439,
              41.7513021167726
            ],
            [
              -87.6042795678039,
              41.7513057388418
            ],
            [
              -87.6039725194553,
              41.7513092677207
            ],
            [
              -87.6036334638889,
              41.7513131633204
            ],
            [
              -87.603367313052,
              41.7513158632964
            ],
            [
              -87.6032475232713,
              41.7513170783431
            ],
            [
              -87.6027626179072,
              41.7513224463106
            ],
            [
              -87.6023404606463,
              41.7513271181379
            ],
            [
              -87.6021556137425,
              41.751328975497
            ],
            [
              -87.6021397934722,
              41.7513291344288
            ],
            [
              -87.6018481566674,
              41.7513321080522
            ],
            [
              -87.6015528341757,
              41.7513344073355
            ],
            [
              -87.6013246394543,
              41.7513361834796
            ],
            [
              -87.601109604767,
              41.7513383808633
            ],
            [
              -87.6009463228387,
              41.7513400539963
            ],
            [
              -87.6008470687469,
              41.7513410708687
            ],
            [
              -87.6005075281895,
              41.7513445315274
            ],
            [
              -87.600343686894,
              41.7513459557187
            ],
            [
              -87.5999849579643,
              41.7513490734209
            ],
            [
              -87.5997335897705,
              41.7513521183932
            ],
            [
              -87.5996926915263,
              41.7513526138567
            ],
            [
              -87.5993700400407,
              41.7513565357532
            ],
            [
              -87.5991340732168,
              41.7513590984762
            ],
            [
              -87.5988148006172,
              41.7513625650915
            ],
            [
              -87.5985303117824,
              41.7513648160909
            ],
            [
              -87.598507887428,
              41.7513649934843
            ],
            [
              -87.5981390222413,
              41.7513690554368
            ],
            [
              -87.5979208999703,
              41.75137133522
            ],
            [
              -87.5976384326036,
              41.7513742868669
            ],
            [
              -87.5975841158765,
              41.7513747516415
            ],
            [
              -87.5973547440876,
              41.7513762790963
            ],
            [
              -87.5972732124862,
              41.7513768218673
            ],
            [
              -87.5972137483042,
              41.7513772189121
            ],
            [
              -87.5973888429139,
              41.7506061255318
            ],
            [
              -87.5970859492762,
              41.7505345483239
            ],
            [
              -87.5971124747893,
              41.7504180857204
            ],
            [
              -87.5971452758864,
              41.7502735336701
            ],
            [
              -87.5971867692262,
              41.7500899312624
            ],
            [
              -87.5972034180803,
              41.7498756392924
            ],
            [
              -87.5972179872054,
              41.7497632165001
            ],
            [
              -87.5972292707733,
              41.7496977682897
            ],
            [
              -87.5972645224734,
              41.7495391673349
            ],
            [
              -87.5972649997684,
              41.7495370361483
            ],
            [
              -87.597365405772,
              41.7490887190723
            ],
            [
              -87.5975303254846,
              41.7483656223415
            ],
            [
              -87.5976237822535,
              41.7479634942712
            ],
            [
              -87.5976452480606,
              41.7477684428507
            ],
            [
              -87.5976504507005,
              41.7477139334022
            ],
            [
              -87.5976562534478,
              41.7476470781542
            ],
            [
              -87.597669708627,
              41.7475517997511
            ],
            [
              -87.5976828778963,
              41.7474815612864
            ],
            [
              -87.5977913189515,
              41.7470105783156
            ],
            [
              -87.5978395295143,
              41.7467999185611
            ],
            [
              -87.5976801132425,
              41.7468009562031
            ],
            [
              -87.5976513383707,
              41.7468011742772
            ],
            [
              -87.5972864673486,
              41.746803937182
            ],
            [
              -87.5973074138204,
              41.7467066353974
            ],
            [
              -87.5973192484042,
              41.7466329577599
            ],
            [
              -87.5973305978742,
              41.7465616785534
            ],
            [
              -87.5973372299579,
              41.7465023754579
            ],
            [
              -87.5973444767557,
              41.7464293550521
            ],
            [
              -87.5973453582307,
              41.7463521768659
            ],
            [
              -87.5973557602353,
              41.7462836356141
            ],
            [
              -87.5973611674271,
              41.7462112894968
            ],
            [
              -87.5973698975511,
              41.7461286732472
            ],
            [
              -87.5973786244666,
              41.7460464000131
            ],
            [
              -87.5973837566651,
              41.7459980642457
            ],
            [
              -87.5973958392581,
              41.7458871199754
            ],
            [
              -87.5974067845366,
              41.7457865575309
            ],
            [
              -87.5974180165226,
              41.7456854332397
            ],
            [
              -87.5974291462571,
              41.7455932275553
            ],
            [
              -87.5974403276182,
              41.745496562155
            ],
            [
              -87.5974495002458,
              41.7454153208753
            ],
            [
              -87.5974571068726,
              41.745350878431
            ],
            [
              -87.5974737287564,
              41.7452590506754
            ],
            [
              -87.5974888754451,
              41.7451761324592
            ],
            [
              -87.5975025928517,
              41.7450980076199
            ],
            [
              -87.5975120275186,
              41.7450339201879
            ],
            [
              -87.5975131788269,
              41.7449727550825
            ],
            [
              -87.597520656247,
              41.7448799510558
            ],
            [
              -87.5975292218372,
              41.7448117413223
            ],
            [
              -87.5975382372206,
              41.7447442205441
            ],
            [
              -87.5975467992221,
              41.7446763538228
            ],
            [
              -87.5975568484424,
              41.7445985485177
            ],
            [
              -87.5975665065722,
              41.7445149087832
            ],
            [
              -87.5975711060679,
              41.7444730878568
            ],
            [
              -87.597581202217,
              41.7443911663894
            ],
            [
              -87.5975897637516,
              41.7443232999321
            ],
            [
              -87.5976013591899,
              41.7442304105655
            ],
            [
              -87.5976192642735,
              41.7440660005421
            ],
            [
              -87.5976218710889,
              41.7440659670132
            ],
            [
              -87.5976949003844,
              41.7440650289745
            ],
            [
              -87.5978804470424,
              41.7440626505654
            ],
            [
              -87.5978682134,
              41.7438451722207
            ],
            [
              -87.5978512907101,
              41.743562057383
            ],
            [
              -87.5978486010486,
              41.7435167588481
            ],
            [
              -87.5978378599142,
              41.7433341937613
            ],
            [
              -87.5978453245928,
              41.7431616933167
            ],
            [
              -87.5978570019786,
              41.7429411942041
            ],
            [
              -87.5978733445821,
              41.7426329076979
            ],
            [
              -87.5978836559856,
              41.7424518494946
            ],
            [
              -87.5978880165819,
              41.7422704101567
            ],
            [
              -87.5978875346362,
              41.7421520588627
            ],
            [
              -87.5978828410652,
              41.7420014350085
            ],
            [
              -87.5978726519841,
              41.7418507759739
            ],
            [
              -87.5978560464379,
              41.7417004189011
            ],
            [
              -87.5978420960637,
              41.7415984472221
            ],
            [
              -87.597814995694,
              41.741444592574
            ],
            [
              -87.5977823925065,
              41.7412913887652
            ],
            [
              -87.5977547877647,
              41.7411817825389
            ],
            [
              -87.5977438313661,
              41.7411384901134
            ],
            [
              -87.5977042964478,
              41.740990730237
            ],
            [
              -87.5976853163739,
              41.7409281757367
            ],
            [
              -87.5976649573661,
              41.7408659557167
            ],
            [
              -87.5976436785206,
              41.7408040722923
            ],
            [
              -87.5976210222102,
              41.7407425236307
            ],
            [
              -87.597597449983,
              41.7406809685502
            ],
            [
              -87.5975729579166,
              41.740619750887
            ],
            [
              -87.5975198442561,
              41.7404979751747
            ],
            [
              -87.597492134349,
              41.7404377660008
            ],
            [
              -87.5974042699453,
              41.7402708293718
            ],
            [
              -87.5973832187991,
              41.7402291871665
            ],
            [
              -87.5973617054206,
              41.7401878847603
            ],
            [
              -87.5973397348231,
              41.7401465794211
            ],
            [
              -87.5973177596069,
              41.7401056168119
            ],
            [
              -87.5972953314499,
              41.7400643088072
            ],
            [
              -87.5972728979418,
              41.7400233435275
            ],
            [
              -87.5972500075832,
              41.7399823753165
            ],
            [
              -87.5972271133361,
              41.7399417501142
            ],
            [
              -87.5972033063478,
              41.7399007760211
            ],
            [
              -87.5971799538121,
              41.7398601481472
            ],
            [
              -87.5971556857249,
              41.7398195138535
            ],
            [
              -87.5971318709874,
              41.7397792260465
            ],
            [
              -87.597107144618,
              41.7397385888057
            ],
            [
              -87.5970091318754,
              41.7395781048363
            ],
            [
              -87.5969633001557,
              41.7395006274721
            ],
            [
              -87.5968666894804,
              41.7393377510922
            ],
            [
              -87.5967700753659,
              41.7391752179182
            ],
            [
              -87.5966734656635,
              41.7390123408257
            ],
            [
              -87.5965768564383,
              41.7388494642002
            ],
            [
              -87.5964523987138,
              41.7386387268203
            ],
            [
              -87.5962052273293,
              41.7382251521628
            ],
            [
              -87.5959172517434,
              41.7377355035667
            ],
            [
              -87.5957352238021,
              41.7374331473586
            ],
            [
              -87.5956516445424,
              41.737292651069
            ],
            [
              -87.5955676198299,
              41.7371511227399
            ],
            [
              -87.5954826792035,
              41.7370095884649
            ],
            [
              -87.5953982015614,
              41.7368677140591
            ],
            [
              -87.5953531346568,
              41.7367902044355
            ]
          ]
        ]
      },
      "properties": {
        "COMMUNITY": "CHATHAM",
        "AREA_NUMBER": "44",
        "tier": 4,
        "tier_label": "2,500 - 3,000"
      }
    },
    {
      "type": "Feature",
      "geometry": {
        "type": "Polygon",
        "coordinates": [
          [
            [
              -87.6182870029395,
              41.65911467761
            ],
            [
              -87.6182911416903,
              41.6591146910084
            ],
            [
              -87.618291216339,
              41.6591146914728
            ],
            [
              -87.6184520569862,
              41.6591152246149
            ],
            [
              -87.6184591353055,
              41.6591152480576
            ],
            [
              -87.6184837563814,
              41.6591126068967
            ],
            [
              -87.6185639144504,
              41.6591040087246
            ],
            [
              -87.6186457443149,
              41.659095230983
            ],
            [
              -87.6186509502775,
              41.6590946724961
            ],
            [
              -87.6186684645718,
              41.6590927936688
            ],
            [
              -87.6187437907223,
              41.6590911345957
            ],
            [
              -87.6187688801603,
              41.6590905819894
            ],
            [
              -87.6188483608518,
              41.659088831493
            ],
            [
              -87.6188696028484,
              41.6590883636238
            ],
            [
              -87.6189100077372,
              41.6590874736796
            ],
            [
              -87.6189452177933,
              41.6590866982554
            ],
            [
              -87.6189819311733,
              41.6590858896264
            ],
            [
              -87.6190319800964,
              41.6590847873387
            ],
            [
              -87.6191491536775,
              41.6590822060723
            ],
            [
              -87.6193716217368,
              41.6590773055738
            ],
            [
              -87.6193945731308,
              41.6590767999255
            ],
            [
              -87.6195586787717,
              41.6590731845083
            ],
            [
              -87.6196898658805,
              41.6590702943466
            ],
            [
              -87.6196621822855,
              41.6591285368888
            ],
            [
              -87.6196439157708,
              41.6591669595869
            ],
            [
              -87.6196394862671,
              41.6591762763093
            ],
            [
              -87.6195654020724,
              41.6593321046278
            ],
            [
              -87.6195650105673,
              41.6593329274216
            ],
            [
              -87.619481522535,
              41.6595085342442
            ],
            [
              -87.6194641980745,
              41.6595449739337
            ],
            [
              -87.6194333290166,
              41.6597664598306
            ],
            [
              -87.6193912504286,
              41.6600683734613
            ],
            [
              -87.619412008511,
              41.6601877116684
            ],
            [
              -87.6195175677593,
              41.660794504491
            ],
            [
              -87.6197267453387,
              41.6610093607424
            ],
            [
              -87.6197497131711,
              41.6610329518577
            ],
            [
              -87.6198629423368,
              41.6611492510372
            ],
            [
              -87.6202586278586,
              41.6613735073836
            ],
            [
              -87.6202634247518,
              41.6613755778396
            ],
            [
              -87.6215167098557,
              41.6619165775527
            ],
            [
              -87.6220298360479,
              41.6621380697402
            ],
            [
              -87.6220308103707,
              41.6621627995809
            ],
            [
              -87.622032100497,
              41.6621955459633
            ],
            [
              -87.6220336544709,
              41.6622350110389
            ],
            [
              -87.6220346683001,
              41.66226074034
            ],
            [
              -87.6220356362755,
              41.6622853156343
            ],
            [
              -87.622036860858,
              41.6623164029278
            ],
            [
              -87.6220380662476,
              41.6623470062742
            ],
            [
              -87.622039470533,
              41.6623826483721
            ],
            [
              -87.6220410211075,
              41.6624220239597
            ],
            [
              -87.6220678353634,
              41.6624210872218
            ],
            [
              -87.6220900476161,
              41.6624203113595
            ],
            [
              -87.622098959096,
              41.662420000135
            ],
            [
              -87.6221365538238,
              41.6624186866051
            ],
            [
              -87.6222158751818,
              41.6624159160213
            ],
            [
              -87.6223678447035,
              41.6624149079606
            ],
            [
              -87.6224948946626,
              41.6624140652985
            ],
            [
              -87.6225399084869,
              41.662413766824
            ],
            [
              -87.6227077581946,
              41.6624126531641
            ],
            [
              -87.6228924554163,
              41.6624114276928
            ],
            [
              -87.6229671849516,
              41.6624109351043
            ],
            [
              -87.6230514439158,
              41.6624103795089
            ],
            [
              -87.6232569135543,
              41.6624055045025
            ],
            [
              -87.623291875094,
              41.6624046748953
            ],
            [
              -87.6233228924599,
              41.6623995424775
            ],
            [
              -87.6234636956953,
              41.6623681935795
            ],
            [
              -87.6234780856597,
              41.6623575246191
            ],
            [
              -87.6234802496079,
              41.6623545946731
            ],
            [
              -87.6234925735059,
              41.6623379096942
            ],
            [
              -87.6235115628053,
              41.6623416495068
            ],
            [
              -87.6235258940525,
              41.6623363590954
            ],
            [
              -87.6235521745906,
              41.6623293312072
            ],
            [
              -87.6235683449166,
              41.6623294310654
            ],
            [
              -87.6235902327491,
              41.6623295662279
            ],
            [
              -87.6236188495571,
              41.6623297429371
            ],
            [
              -87.6236356791577,
              41.6623101973409
            ],
            [
              -87.6236571429783,
              41.6623085188787
            ],
            [
              -87.6236857062411,
              41.6623069385849
            ],
            [
              -87.6238145600647,
              41.6622772718573
            ],
            [
              -87.6238598690087,
              41.6622704162497
            ],
            [
              -87.6238955850966,
              41.6622706367122
            ],
            [
              -87.6239241482052,
              41.6622690017456
            ],
            [
              -87.6239600559134,
              41.662258465535
            ],
            [
              -87.6239945973171,
              41.6622472078998
            ],
            [
              -87.6240030279073,
              41.6622444601483
            ],
            [
              -87.6240316844331,
              41.6622410144632
            ],
            [
              -87.6240744404211,
              41.6622466569586
            ],
            [
              -87.6241028659645,
              41.6622575902027
            ],
            [
              -87.6241456175959,
              41.6622703684928
            ],
            [
              -87.6241734575184,
              41.6622749397311
            ],
            [
              -87.6241907699345,
              41.6622777823869
            ],
            [
              -87.624207324761,
              41.6622832634453
            ],
            [
              -87.6242240897042,
              41.6622762315807
            ],
            [
              -87.62425265354,
              41.662274596537
            ],
            [
              -87.6242763609992,
              41.6622819327065
            ],
            [
              -87.6242954632562,
              41.6622820505499
            ],
            [
              -87.6243300465446,
              41.6622680048168
            ],
            [
              -87.6243432520612,
              41.6622626412203
            ],
            [
              -87.624369453251,
              41.6622628028416
            ],
            [
              -87.6244003001198,
              41.6622665607616
            ],
            [
              -87.6244289169049,
              41.6622667372689
            ],
            [
              -87.624435700295,
              41.6622583471049
            ],
            [
              -87.6244361143314,
              41.6622578350937
            ],
            [
              -87.6244361532117,
              41.6622578271005
            ],
            [
              -87.624446307748,
              41.6622557236187
            ],
            [
              -87.6244528401163,
              41.6622543706038
            ],
            [
              -87.624453600918,
              41.6622511048591
            ],
            [
              -87.6244578331117,
              41.6622329406138
            ],
            [
              -87.624474618245,
              41.6622240975687
            ],
            [
              -87.6245295983385,
              41.6622029758571
            ],
            [
              -87.6245964555446,
              41.6621801160901
            ],
            [
              -87.6245977632048,
              41.6621793099062
            ],
            [
              -87.6246108254245,
              41.6621712578572
            ],
            [
              -87.6246561928199,
              41.6621590236521
            ],
            [
              -87.6246778336187,
              41.6621412639486
            ],
            [
              -87.6247018945359,
              41.6621163289757
            ],
            [
              -87.6247616523091,
              41.6620934250661
            ],
            [
              -87.624866678291,
              41.6620672882291
            ],
            [
              -87.624961109488,
              41.6620453378137
            ],
            [
              -87.6250766928607,
              41.6620184705396
            ],
            [
              -87.6251745474721,
              41.661992233793
            ],
            [
              -87.625193693717,
              41.6619816488084
            ],
            [
              -87.6252939739357,
              41.6619620523047
            ],
            [
              -87.6253400203409,
              41.6619530540281
            ],
            [
              -87.6253535241385,
              41.661950414818
            ],
            [
              -87.6253549677693,
              41.6619462149813
            ],
            [
              -87.6253579430963,
              41.6619375600772
            ],
            [
              -87.6253584382912,
              41.6619361196015
            ],
            [
              -87.625359875398,
              41.6619358896956
            ],
            [
              -87.6253799215533,
              41.6619326842809
            ],
            [
              -87.6254467129873,
              41.6619223927174
            ],
            [
              -87.6255565168343,
              41.6618944179706
            ],
            [
              -87.6255699996585,
              41.661883432226
            ],
            [
              -87.6255805184245,
              41.6618748613651
            ],
            [
              -87.6256664962913,
              41.6618503623314
            ],
            [
              -87.625685564297,
              41.6618469120827
            ],
            [
              -87.6256998167779,
              41.6618487562143
            ],
            [
              -87.6257085040908,
              41.661860454235
            ],
            [
              -87.6257091936488,
              41.6618613830506
            ],
            [
              -87.6257330191308,
              41.6618579069229
            ],
            [
              -87.6257993815612,
              41.6618389530029
            ],
            [
              -87.6258739177378,
              41.6618176642451
            ],
            [
              -87.6258901545452,
              41.6618177641856
            ],
            [
              -87.6258906046528,
              41.661817766956
            ],
            [
              -87.6259071793332,
              41.6618214366239
            ],
            [
              -87.62597420603,
              41.661789630527
            ],
            [
              -87.6260697956275,
              41.661756243776
            ],
            [
              -87.6261152216838,
              41.661738630161
            ],
            [
              -87.6261505258342,
              41.6617196465689
            ],
            [
              -87.6262205811431,
              41.6616819764557
            ],
            [
              -87.6262634544071,
              41.6616769161824
            ],
            [
              -87.626280219573,
              41.6616698291309
            ],
            [
              -87.6263212999016,
              41.6616145911558
            ],
            [
              -87.6263669016844,
              41.6615808966522
            ],
            [
              -87.6264463915688,
              41.6614936765285
            ],
            [
              -87.6265422790413,
              41.6614262610437
            ],
            [
              -87.6265925601297,
              41.6613997305247
            ],
            [
              -87.6266429584268,
              41.6613624428661
            ],
            [
              -87.6267282281281,
              41.661315351885
            ],
            [
              -87.62684170511,
              41.6612526833263
            ],
            [
              -87.6268774596537,
              41.6612493351727
            ],
            [
              -87.6268920245666,
              41.6612225852604
            ],
            [
              -87.6269140036183,
              41.6612072422355
            ],
            [
              -87.626973096291,
              41.6611661202259
            ],
            [
              -87.627008264444,
              41.6611416468385
            ],
            [
              -87.6270106097956,
              41.661140014918
            ],
            [
              -87.6271770835142,
              41.6610241668166
            ],
            [
              -87.6274130869684,
              41.6608599326602
            ],
            [
              -87.6275493111755,
              41.6607651342501
            ],
            [
              -87.6276591181567,
              41.6606695362483
            ],
            [
              -87.6277781530328,
              41.6605800880602
            ],
            [
              -87.6278861897115,
              41.6604722397315
            ],
            [
              -87.6279379307428,
              41.6604257933445
            ],
            [
              -87.6279496309005,
              41.6604085798813
            ],
            [
              -87.6279718506912,
              41.6603758900133
            ],
            [
              -87.6280477426497,
              41.6603028072339
            ],
            [
              -87.6282406305652,
              41.6601251805594
            ],
            [
              -87.6284729062228,
              41.659911281295
            ],
            [
              -87.6285504183469,
              41.6598399005509
            ],
            [
              -87.6285625624479,
              41.6598270216976
            ],
            [
              -87.6286061339514,
              41.6597846417041
            ],
            [
              -87.6286359805131,
              41.6597591924982
            ],
            [
              -87.6286612348873,
              41.6597320136346
            ],
            [
              -87.6286888130066,
              41.6597065505069
            ],
            [
              -87.6286913298689,
              41.6597056259981
            ],
            [
              -87.6287161490683,
              41.6596965091209
            ],
            [
              -87.6287598878593,
              41.6596455128425
            ],
            [
              -87.6287735931494,
              41.6596370891049
            ],
            [
              -87.6288032545258,
              41.6596219025789
            ],
            [
              -87.6288286190462,
              41.6595913216365
            ],
            [
              -87.6288606791794,
              41.6595641844437
            ],
            [
              -87.6289457037215,
              41.6594943917955
            ],
            [
              -87.6290081706593,
              41.6594431155565
            ],
            [
              -87.6291522430335,
              41.6593248527559
            ],
            [
              -87.6292874986442,
              41.6592572993353
            ],
            [
              -87.6295266128162,
              41.6591378733418
            ],
            [
              -87.629544701668,
              41.6591288402137
            ],
            [
              -87.6295846611309,
              41.6591084844423
            ],
            [
              -87.6296274261324,
              41.6590866995627
            ],
            [
              -87.6297388259101,
              41.6590190472977
            ],
            [
              -87.6298197340424,
              41.6589551052667
            ],
            [
              -87.6299012359361,
              41.6588906936861
            ],
            [
              -87.6299606508087,
              41.6588437376057
            ],
            [
              -87.6299984377096,
              41.6588146693597
            ],
            [
              -87.6300021970949,
              41.6588117775925
            ],
            [
              -87.6301042248229,
              41.6587332916618
            ],
            [
              -87.6301995424835,
              41.6586739294697
            ],
            [
              -87.6302448234996,
              41.658645728919
            ],
            [
              -87.6303059819769,
              41.6586022744083
            ],
            [
              -87.6303641457338,
              41.6585609481775
            ],
            [
              -87.6304104869065,
              41.6585280216911
            ],
            [
              -87.6305630473902,
              41.6584240110076
            ],
            [
              -87.630668470648,
              41.6583537959383
            ],
            [
              -87.6307660113737,
              41.6582816123681
            ],
            [
              -87.6308136756735,
              41.6582193325718
            ],
            [
              -87.6308334533424,
              41.6581583713982
            ],
            [
              -87.630846162375,
              41.6581191977597
            ],
            [
              -87.630841256952,
              41.658085686729
            ],
            [
              -87.6308155575391,
              41.6580461756982
            ],
            [
              -87.6308148033859,
              41.6580276170986
            ],
            [
              -87.6308134788238,
              41.6579950083399
            ],
            [
              -87.6308242647967,
              41.657965599964
            ],
            [
              -87.6309059238423,
              41.6579148401034
            ],
            [
              -87.6309761609766,
              41.657885058717
            ],
            [
              -87.631033339949,
              41.6578608140828
            ],
            [
              -87.6310811217195,
              41.6578405536068
            ],
            [
              -87.6311695329709,
              41.657833774575
            ],
            [
              -87.6312608906723,
              41.6578267695003
            ],
            [
              -87.6313953020694,
              41.6580043262082
            ],
            [
              -87.6315050512956,
              41.6579535673186
            ],
            [
              -87.631520594038,
              41.6579443314395
            ],
            [
              -87.6315507273242,
              41.657932769619
            ],
            [
              -87.6315837912935,
              41.6579275925722
            ],
            [
              -87.6316135269666,
              41.657925688414
            ],
            [
              -87.6316509485993,
              41.6579236116225
            ],
            [
              -87.631673312125,
              41.6579244235314
            ],
            [
              -87.6316745796222,
              41.6579244694155
            ],
            [
              -87.6316764293074,
              41.6579246527779
            ],
            [
              -87.6316999488222,
              41.6579269844234
            ],
            [
              -87.6317047759817,
              41.6579272883254
            ],
            [
              -87.6317164035178,
              41.6579281277217
            ],
            [
              -87.6317316207762,
              41.6579287145945
            ],
            [
              -87.6317581915315,
              41.6579283828017
            ],
            [
              -87.6317833959841,
              41.6579258471845
            ],
            [
              -87.6318092529041,
              41.6579239193007
            ],
            [
              -87.63184369639,
              41.6579197937257
            ],
            [
              -87.6318452016813,
              41.6579195762297
            ],
            [
              -87.6318456876857,
              41.6579195059217
            ],
            [
              -87.631857550783,
              41.657917792302
            ],
            [
              -87.6318636348057,
              41.6579168963547
            ],
            [
              -87.6318666404762,
              41.6579164756027
            ],
            [
              -87.6318840097112,
              41.657914276079
            ],
            [
              -87.6318884614287,
              41.6579139714554
            ],
            [
              -87.6318951664712,
              41.657913512629
            ],
            [
              -87.6319252459586,
              41.657911454335
            ],
            [
              -87.6320093253812,
              41.6579060396067
            ],
            [
              -87.6320152586354,
              41.6579055818272
            ],
            [
              -87.6320210455217,
              41.6579051231543
            ],
            [
              -87.6320291088492,
              41.6579039648405
            ],
            [
              -87.632039746346,
              41.6579016147191
            ],
            [
              -87.6320545536207,
              41.657897490569
            ],
            [
              -87.6320754238633,
              41.657891678311
            ],
            [
              -87.6321218020593,
              41.6578803801136
            ],
            [
              -87.632155460725,
              41.6578743832257
            ],
            [
              -87.6321591948877,
              41.657874241345
            ],
            [
              -87.6321801379724,
              41.6578732164794
            ],
            [
              -87.6322296715386,
              41.6578746163771
            ],
            [
              -87.6322811685717,
              41.6578771808558
            ],
            [
              -87.6323329862952,
              41.6578839186771
            ],
            [
              -87.6323020332447,
              41.6578415105598
            ],
            [
              -87.6322795475013,
              41.6578107028473
            ],
            [
              -87.6322920173152,
              41.6578081443307
            ],
            [
              -87.6322982720215,
              41.6578072664164
            ],
            [
              -87.6323379721255,
              41.6578016954717
            ],
            [
              -87.6323842289201,
              41.6577952045263
            ],
            [
              -87.6324099570874,
              41.657790463588
            ],
            [
              -87.6324473701042,
              41.6577835693294
            ],
            [
              -87.6324955250239,
              41.6577771118687
            ],
            [
              -87.6325316293774,
              41.6577683305475
            ],
            [
              -87.632546697494,
              41.6577623848533
            ],
            [
              -87.6325687662572,
              41.6577587870925
            ],
            [
              -87.6326078546941,
              41.6577515058892
            ],
            [
              -87.6326276341759,
              41.6577468219432
            ],
            [
              -87.6326419749583,
              41.6577434259677
            ],
            [
              -87.6326517934745,
              41.6577423880842
            ],
            [
              -87.6326475932751,
              41.6576302281202
            ],
            [
              -87.6326994925881,
              41.6576196324188
            ],
            [
              -87.6328292829729,
              41.657593134537
            ],
            [
              -87.6330101018513,
              41.6575350682615
            ],
            [
              -87.6330579308602,
              41.6575335072411
            ],
            [
              -87.63319291734,
              41.6575291016017
            ],
            [
              -87.6332809312451,
              41.6575196213777
            ],
            [
              -87.6332825421689,
              41.6575194478668
            ],
            [
              -87.6333172299728,
              41.6575157113885
            ],
            [
              -87.6333203942998,
              41.6575153706019
            ],
            [
              -87.6333752228562,
              41.6575094646885
            ],
            [
              -87.6335343531768,
              41.6574923311152
            ],
            [
              -87.633557601083,
              41.6574898279287
            ],
            [
              -87.6336602353702,
              41.6574880190618
            ],
            [
              -87.6337404602558,
              41.6574866050122
            ],
            [
              -87.6338128168655,
              41.6574831775173
            ],
            [
              -87.6339232318354,
              41.6574779474611
            ],
            [
              -87.6339906971492,
              41.6574706567836
            ],
            [
              -87.6341054636795,
              41.6574582540536
            ],
            [
              -87.6341314423183,
              41.6574550637123
            ],
            [
              -87.6342877252302,
              41.6574358710756
            ],
            [
              -87.6344344055538,
              41.6574289161659
            ],
            [
              -87.6344703502382,
              41.6574272117626
            ],
            [
              -87.6345365085306,
              41.6574210673648
            ],
            [
              -87.6346528452238,
              41.6574102634352
            ],
            [
              -87.634702369974,
              41.6574056795326
            ],
            [
              -87.634835192792,
              41.657393368809
            ],
            [
              -87.6348693807029,
              41.6573896872785
            ],
            [
              -87.6349779161896,
              41.6573779999582
            ],
            [
              -87.6350175706449,
              41.6573737297283
            ],
            [
              -87.6351532820334,
              41.6573672503641
            ],
            [
              -87.6351536060593,
              41.6573672347686
            ],
            [
              -87.6352001228048,
              41.6573650139254
            ],
            [
              -87.6352401720693,
              41.6573631174087
            ],
            [
              -87.6352402969179,
              41.6573631115806
            ],
            [
              -87.6352403701457,
              41.6573631079088
            ],
            [
              -87.63538296706,
              41.6573563544932
            ],
            [
              -87.6355159142532,
              41.6573541286712
            ],
            [
              -87.6355658236607,
              41.6573532933169
            ],
            [
              -87.6357489861195,
              41.6573558321778
            ],
            [
              -87.6357923998234,
              41.657360310977
            ],
            [
              -87.6358653088196,
              41.6573678326126
            ],
            [
              -87.6359327033892,
              41.6573747853202
            ],
            [
              -87.6361082569365,
              41.6573974758489
            ],
            [
              -87.6361165891867,
              41.6573985143585
            ],
            [
              -87.6362367927618,
              41.6574006128835
            ],
            [
              -87.636299817889,
              41.6574017113873
            ],
            [
              -87.6364242604498,
              41.6574199749397
            ],
            [
              -87.6365426379574,
              41.6574373233976
            ],
            [
              -87.6366534120862,
              41.6574537134255
            ],
            [
              -87.6366534931927,
              41.6574537257178
            ],
            [
              -87.6367271443774,
              41.6574646228755
            ],
            [
              -87.6369115679472,
              41.657492799747
            ],
            [
              -87.6369699296187,
              41.6575005224779
            ],
            [
              -87.6370954475922,
              41.6575171309392
            ],
            [
              -87.6372793279705,
              41.6575414069548
            ],
            [
              -87.6373375276696,
              41.657549974601
            ],
            [
              -87.6374632515428,
              41.6575684821738
            ],
            [
              -87.6375747199002,
              41.6575865435325
            ],
            [
              -87.6376472917415,
              41.6575983021535
            ],
            [
              -87.6377284798853,
              41.6576102489947
            ],
            [
              -87.6378312891872,
              41.6576253772309
            ],
            [
              -87.638015052359,
              41.6576469618986
            ],
            [
              -87.6381988163892,
              41.6576685462778
            ],
            [
              -87.6383827413179,
              41.6576955651471
            ],
            [
              -87.6385672042794,
              41.6577201719473
            ],
            [
              -87.6386444801525,
              41.657725830242
            ],
            [
              -87.6387518604252,
              41.657733692449
            ],
            [
              -87.6388264852348,
              41.6577372752412
            ],
            [
              -87.6389585115215,
              41.6577436132197
            ],
            [
              -87.6391408710584,
              41.6577596989101
            ],
            [
              -87.6393233962661,
              41.65776036207
            ],
            [
              -87.6395063223799,
              41.6577577341413
            ],
            [
              -87.6396895695771,
              41.6577661401423
            ],
            [
              -87.6398726567404,
              41.6577690013005
            ],
            [
              -87.640055743924,
              41.6577718621672
            ],
            [
              -87.640239299638,
              41.6577857029639
            ],
            [
              -87.6403438040434,
              41.6577904962723
            ],
            [
              -87.6404225462938,
              41.6577941077932
            ],
            [
              -87.64060197652,
              41.6577967810826
            ],
            [
              -87.6406599594125,
              41.6577814877412
            ],
            [
              -87.6407865530892,
              41.6577816180158
            ],
            [
              -87.6408483539719,
              41.6577816813604
            ],
            [
              -87.6410553654099,
              41.6577818966968
            ],
            [
              -87.641057313869,
              41.657834388438
            ],
            [
              -87.6410578855613,
              41.6578498593074
            ],
            [
              -87.6410587183749,
              41.6578723844522
            ],
            [
              -87.6410609499655,
              41.6579327573814
            ],
            [
              -87.6410635087659,
              41.6580013263581
            ],
            [
              -87.6410660682996,
              41.6580698956128
            ],
            [
              -87.6410673430193,
              41.6581040536949
            ],
            [
              -87.6412507126187,
              41.6581029841781
            ],
            [
              -87.6412508622981,
              41.6581029834328
            ],
            [
              -87.6414333451594,
              41.6581019184393
            ],
            [
              -87.6414320434543,
              41.6580670496865
            ],
            [
              -87.6414294838983,
              41.6579984804391
            ],
            [
              -87.6414285171822,
              41.6579727263134
            ],
            [
              -87.6414278341218,
              41.6579545233249
            ],
            [
              -87.6414263517069,
              41.6579150333717
            ],
            [
              -87.6414241332409,
              41.6578555562834
            ],
            [
              -87.6414238494833,
              41.6578479464161
            ],
            [
              -87.6414212758765,
              41.6577789475908
            ],
            [
              -87.6414272476079,
              41.657778853732
            ],
            [
              -87.6418111450975,
              41.6577752453481
            ],
            [
              -87.6418590580803,
              41.657774794827
            ],
            [
              -87.6422324654659,
              41.6577712832938
            ],
            [
              -87.6423892746356,
              41.6577698085545
            ],
            [
              -87.6427410434345,
              41.6577664987257
            ],
            [
              -87.6428956270676,
              41.6577650442279
            ],
            [
              -87.6431995201939,
              41.6577621836243
            ],
            [
              -87.643269611169,
              41.6577615240071
            ],
            [
              -87.6435891897971,
              41.6577585150417
            ],
            [
              -87.6436692778706,
              41.6577577609405
            ],
            [
              -87.6438476879447,
              41.6577275619277
            ],
            [
              -87.6440307640895,
              41.6577247045813
            ],
            [
              -87.6440870043191,
              41.6577263566675
            ],
            [
              -87.6441911896338,
              41.6577294169963
            ],
            [
              -87.6442137974526,
              41.6577300811071
            ],
            [
              -87.6443088426176,
              41.6577300523757
            ],
            [
              -87.6443968419001,
              41.6577300255171
            ],
            [
              -87.6445799334312,
              41.6577299128352
            ],
            [
              -87.6447575603217,
              41.6577326187775
            ],
            [
              -87.6449996970878,
              41.6577481094924
            ],
            [
              -87.6450792865108,
              41.6577480624831
            ],
            [
              -87.6451824076779,
              41.6577480012535
            ],
            [
              -87.6452739544121,
              41.6577534087405
            ],
            [
              -87.645366173712,
              41.6577588555824
            ],
            [
              -87.6455495957655,
              41.6577697152434
            ],
            [
              -87.6457328085551,
              41.6577746238846
            ],
            [
              -87.6458180448249,
              41.6577809472597
            ],
            [
              -87.6459162940308,
              41.6577882359223
            ],
            [
              -87.6460411844691,
              41.6577648754683
            ],
            [
              -87.6460925900733,
              41.6577552602384
            ],
            [
              -87.6462753394901,
              41.6577348370935
            ],
            [
              -87.6464142433333,
              41.6577184459844
            ],
            [
              -87.6464577345394,
              41.6577133138003
            ],
            [
              -87.6464667455377,
              41.6577123816053
            ],
            [
              -87.6466403210375,
              41.6576944259366
            ],
            [
              -87.6467594390618,
              41.6576785729213
            ],
            [
              -87.6468226718184,
              41.6576701574496
            ],
            [
              -87.646994197912,
              41.6576383042426
            ],
            [
              -87.6469947167097,
              41.6576514804932
            ],
            [
              -87.6469982721947,
              41.6577369577517
            ],
            [
              -87.6470040457228,
              41.6578757495588
            ],
            [
              -87.6470118513991,
              41.6580623430489
            ],
            [
              -87.6470170110162,
              41.6581856846114
            ],
            [
              -87.6470183469204,
              41.6582176162322
            ],
            [
              -87.6470222498958,
              41.6583113854127
            ],
            [
              -87.6470245145451,
              41.6583657924871
            ],
            [
              -87.6470425480691,
              41.6587990139019
            ],
            [
              -87.6470467669467,
              41.6588999496305
            ],
            [
              -87.647049959729,
              41.6589763425552
            ],
            [
              -87.6470534036054,
              41.6590586941362
            ],
            [
              -87.6470533982982,
              41.6590588148559
            ],
            [
              -87.647053391035,
              41.6590589819434
            ],
            [
              -87.6470517151938,
              41.6590971869961
            ],
            [
              -87.6470636647366,
              41.6593056373048
            ],
            [
              -87.6470705531468,
              41.6594702847493
            ],
            [
              -87.6470774412264,
              41.6596349316379
            ],
            [
              -87.6470800209114,
              41.6596970373801
            ],
            [
              -87.6470825700296,
              41.6597584033371
            ],
            [
              -87.6470839734566,
              41.6597917012141
            ],
            [
              -87.6470877742456,
              41.6598818741116
            ],
            [
              -87.6470902444121,
              41.6599418880035
            ],
            [
              -87.6470916134552,
              41.6599751505464
            ],
            [
              -87.647095527699,
              41.6600684266042
            ],
            [
              -87.6470989718925,
              41.6601507230091
            ],
            [
              -87.6471009096812,
              41.6601956323934
            ],
            [
              -87.647101376465,
              41.6602068861856
            ],
            [
              -87.6471153669187,
              41.6605437023531
            ],
            [
              -87.6471163114578,
              41.6605663148355
            ],
            [
              -87.6471184370948,
              41.6606172135057
            ],
            [
              -87.647118439587,
              41.6606172889901
            ],
            [
              -87.6471212215307,
              41.660683893092
            ],
            [
              -87.647127096951,
              41.6608245732687
            ],
            [
              -87.6471411010335,
              41.6611601268046
            ],
            [
              -87.6471433589325,
              41.661216288546
            ],
            [
              -87.647218683579,
              41.6630218059065
            ],
            [
              -87.6472225203475,
              41.6631672248662
            ],
            [
              -87.6471857412356,
              41.663167005032
            ],
            [
              -87.6471842266764,
              41.6631670201406
            ],
            [
              -87.6471840579442,
              41.6631670218776
            ],
            [
              -87.6469066771189,
              41.6631713208511
            ],
            [
              -87.646898514307,
              41.6631714370355
            ],
            [
              -87.6466743190985,
              41.6631749281708
            ],
            [
              -87.6462994974991,
              41.6631810036357
            ],
            [
              -87.6460955780124,
              41.6631843124123
            ],
            [
              -87.6458784065079,
              41.6631880081035
            ],
            [
              -87.6456983148887,
              41.6631911019274
            ],
            [
              -87.6456511680612,
              41.663191917587
            ],
            [
              -87.645434994287,
              41.6631947410421
            ],
            [
              -87.6450903519589,
              41.663198633046
            ],
            [
              -87.6448945328973,
              41.6632008355714
            ],
            [
              -87.6447346185138,
              41.6632038187641
            ],
            [
              -87.6446673644135,
              41.6632050733988
            ],
            [
              -87.6446052125197,
              41.6632062435801
            ],
            [
              -87.644481595434,
              41.6632085706682
            ],
            [
              -87.6444597416167,
              41.6632089880085
            ],
            [
              -87.6444547881358,
              41.6632090590369
            ],
            [
              -87.6444392110015,
              41.6632092829191
            ],
            [
              -87.644389611393,
              41.6632099952661
            ],
            [
              -87.6442675353474,
              41.6632118132285
            ],
            [
              -87.6442371945933,
              41.6632122649941
            ],
            [
              -87.6438702064866,
              41.6632182145653
            ],
            [
              -87.6436508029335,
              41.6632217834321
            ],
            [
              -87.6433207941283,
              41.6632261964846
            ],
            [
              -87.6432639888763,
              41.6632267336324
            ],
            [
              -87.6430500192233,
              41.6632287968685
            ],
            [
              -87.642838319116,
              41.66323070868
            ],
            [
              -87.6427973926778,
              41.6632314908323
            ],
            [
              -87.6426569419927,
              41.6632341747719
            ],
            [
              -87.6424367386966,
              41.6632383575605
            ],
            [
              -87.6423869451462,
              41.6632393033423
            ],
            [
              -87.6421662968045,
              41.6632429716654
            ],
            [
              -87.6420604050341,
              41.663244420263
            ],
            [
              -87.6419435139918,
              41.6632460322996
            ],
            [
              -87.6418941185143,
              41.6632467132375
            ],
            [
              -87.6418247013365,
              41.6632476329304
            ],
            [
              -87.6415109259851,
              41.6632517893717
            ],
            [
              -87.6414658530501,
              41.6632523989939
            ],
            [
              -87.6414266700357,
              41.6632529292048
            ],
            [
              -87.6414810071018,
              41.6648770531546
            ],
            [
              -87.6414875813408,
              41.665073533685
            ],
            [
              -87.6415126478924,
              41.6658223021072
            ],
            [
              -87.6415155677733,
              41.6659095122002
            ],
            [
              -87.6415487562012,
              41.6669008682882
            ],
            [
              -87.6416009619756,
              41.6684614665362
            ],
            [
              -87.6416097006177,
              41.6687226860064
            ],
            [
              -87.6416707640162,
              41.6705473552152
            ],
            [
              -87.6416828631723,
              41.6705472042263
            ],
            [
              -87.6416912925512,
              41.6705470974279
            ],
            [
              -87.641741303979,
              41.6705464644773
            ],
            [
              -87.6419259096914,
              41.6705441719147
            ],
            [
              -87.6421466511049,
              41.6705409445757
            ],
            [
              -87.6422793159533,
              41.6705390254284
            ],
            [
              -87.6424158974949,
              41.6705370747863
            ],
            [
              -87.6426875984279,
              41.6705328897946
            ],
            [
              -87.6427208734482,
              41.6705322200623
            ],
            [
              -87.6428892049452,
              41.6705288321019
            ],
            [
              -87.6430942562339,
              41.6705246846955
            ],
            [
              -87.6432159818431,
              41.6705229789667
            ],
            [
              -87.6432971318854,
              41.6705218412829
            ],
            [
              -87.6434951344157,
              41.6705195443008
            ],
            [
              -87.6435501528608,
              41.6705189145444
            ],
            [
              -87.6438549654639,
              41.6705159411939
            ],
            [
              -87.643994266408,
              41.6705134758801
            ],
            [
              -87.64410401226,
              41.6705115335206
            ],
            [
              -87.6443118026752,
              41.6705078670431
            ],
            [
              -87.6443977980559,
              41.6705061052995
            ],
            [
              -87.6446991145464,
              41.6705014344292
            ],
            [
              -87.6447162827771,
              41.6705012354163
            ],
            [
              -87.6451019981025,
              41.6704969593611
            ],
            [
              -87.6453246104496,
              41.6704934069761
            ],
            [
              -87.6455606933928,
              41.6704896326186
            ],
            [
              -87.6459260401802,
              41.6704836410111
            ],
            [
              -87.6459384848804,
              41.670483468451
            ],
            [
              -87.6463324149596,
              41.6704778932173
            ],
            [
              -87.6464505768833,
              41.6704761185763
            ],
            [
              -87.6465389902099,
              41.6704747906632
            ],
            [
              -87.6466874148134,
              41.6704725489486
            ],
            [
              -87.6467368896796,
              41.6704718016679
            ],
            [
              -87.647150742168,
              41.6704649701958
            ],
            [
              -87.6472070809642,
              41.6704640446937
            ],
            [
              -87.647495254414,
              41.6704596996803
            ],
            [
              -87.6477620849006,
              41.6704554454968
            ],
            [
              -87.6479398917154,
              41.6704526094211
            ],
            [
              -87.6483461521292,
              41.6704471548783
            ],
            [
              -87.6483566455979,
              41.6704469989683
            ],
            [
              -87.6483698739959,
              41.6704468022744
            ],
            [
              -87.6485999568058,
              41.6704433124903
            ],
            [
              -87.6487374848277,
              41.6704412263237
            ],
            [
              -87.6489773782936,
              41.6704371114281
            ],
            [
              -87.6492986510817,
              41.670431614521
            ],
            [
              -87.6495889546302,
              41.6704265623073
            ],
            [
              -87.6495938666657,
              41.6704264820301
            ],
            [
              -87.6495987281884,
              41.6704264020011
            ],
            [
              -87.6499658894426,
              41.6704218894656
            ],
            [
              -87.6500042434328,
              41.6704213666529
            ],
            [
              -87.650195779831,
              41.6704187551256
            ],
            [
              -87.6504216466017,
              41.6704156551469
            ],
            [
              -87.6504776516785,
              41.6704148866024
            ],
            [
              -87.650800964931,
              41.6704102755336
            ],
            [
              -87.6508407204059,
              41.6704097154828
            ],
            [
              -87.6512206346197,
              41.6704036003431
            ],
            [
              -87.6513213503133,
              41.6704020577234
            ],
            [
              -87.6514169233963,
              41.6704005940028
            ],
            [
              -87.6515302126839,
              41.6703988524643
            ],
            [
              -87.6515998136014,
              41.6703977822873
            ],
            [
              -87.6517762420445,
              41.6703949824581
            ],
            [
              -87.6520202883442,
              41.6703911092259
            ],
            [
              -87.6520338507411,
              41.6703908921355
            ],
            [
              -87.6520440467029,
              41.6703907286365
            ],
            [
              -87.6524223166678,
              41.6703843258915
            ],
            [
              -87.6525017046751,
              41.6703831619375
            ],
            [
              -87.6526329177327,
              41.6703812376049
            ],
            [
              -87.652716290165,
              41.670380004342
            ],
            [
              -87.6527495118919,
              41.6703795127912
            ],
            [
              -87.6532439659269,
              41.670372010906
            ],
            [
              -87.6532856619849,
              41.6703713797109
            ],
            [
              -87.6533652490002,
              41.6703702923562
            ],
            [
              -87.6534636441809,
              41.6703689473656
            ],
            [
              -87.6534960820131,
              41.6703686532201
            ],
            [
              -87.6535112306035,
              41.6703685155929
            ],
            [
              -87.6535674044347,
              41.6703678771715
            ],
            [
              -87.6538495050062,
              41.6703646699777
            ],
            [
              -87.6540222329859,
              41.6703626941972
            ],
            [
              -87.6540709334028,
              41.6703621370485
            ],
            [
              -87.6543585260579,
              41.6703572499652
            ],
            [
              -87.6544588699651,
              41.6703553725291
            ],
            [
              -87.6546158845155,
              41.6703524583311
            ],
            [
              -87.6547114486748,
              41.6703505414708
            ],
            [
              -87.6548547950896,
              41.670347665895
            ],
            [
              -87.6548659577429,
              41.6703474966005
            ],
            [
              -87.6550723890085,
              41.6703443677016
            ],
            [
              -87.6552486173033,
              41.6703416747012
            ],
            [
              -87.6556435333043,
              41.6703359081547
            ],
            [
              -87.6556632008203,
              41.6703356190557
            ],
            [
              -87.6556768453745,
              41.6703354184857
            ],
            [
              -87.6559635524771,
              41.6703311536376
            ],
            [
              -87.6560241768306,
              41.6703302858441
            ],
            [
              -87.6560867442808,
              41.6703293899499
            ],
            [
              -87.6562866817594,
              41.6703265263243
            ],
            [
              -87.6565642722427,
              41.6703225627629
            ],
            [
              -87.6568827894737,
              41.6703179886715
            ],
            [
              -87.6571209953894,
              41.6703141212766
            ],
            [
              -87.6571300732663,
              41.6703139820335
            ],
            [
              -87.6572600342578,
              41.6703115362494
            ],
            [
              -87.6574999249318,
              41.6703075951001
            ],
            [
              -87.6577543843839,
              41.6703034108634
            ],
            [
              -87.6578387100389,
              41.6703023230163
            ],
            [
              -87.6580759715078,
              41.6702992631612
            ],
            [
              -87.658293014115,
              41.6702961194673
            ],
            [
              -87.6584171424099,
              41.6702948478238
            ],
            [
              -87.6585041536341,
              41.6702939563855
            ],
            [
              -87.6586580354301,
              41.6702930488105
            ],
            [
              -87.6587297394998,
              41.6703178962908
            ],
            [
              -87.6588005945065,
              41.6703424599179
            ],
            [
              -87.6588921803454,
              41.6703345450876
            ],
            [
              -87.6590754769552,
              41.6703313945375
            ],
            [
              -87.6593695503887,
              41.6703262033369
            ],
            [
              -87.6595394569904,
              41.6703277972613
            ],
            [
              -87.6597132953093,
              41.6703294279745
            ],
            [
              -87.6606046331918,
              41.6703377846166
            ],
            [
              -87.6611557817093,
              41.6703429484588
            ],
            [
              -87.6611623784139,
              41.6705392356646
            ],
            [
              -87.661167596729,
              41.6707483300671
            ],
            [
              -87.6611762947522,
              41.6709855060069
            ],
            [
              -87.6611769485672,
              41.6710033340722
            ],
            [
              -87.661186010723,
              41.6712510937726
            ],
            [
              -87.6611937425392,
              41.6714614084384
            ],
            [
              -87.6612011880633,
              41.6716744951302
            ],
            [
              -87.6612139866532,
              41.6720732959687
            ],
            [
              -87.6612213947168,
              41.6723041388702
            ],
            [
              -87.661231747699,
              41.6725544563792
            ],
            [
              -87.6612403435989,
              41.6728048999954
            ],
            [
              -87.6612481356752,
              41.6730656605122
            ],
            [
              -87.6612567357531,
              41.6732910467672
            ],
            [
              -87.6612644810287,
              41.6734894254624
            ],
            [
              -87.6612713874765,
              41.6737404362925
            ],
            [
              -87.6612765939977,
              41.673897964304
            ],
            [
              -87.6612847963754,
              41.6741457641285
            ],
            [
              -87.6612853500707,
              41.6741624894701
            ],
            [
              -87.6612856456565,
              41.6741714083914
            ],
            [
              -87.6612933487545,
              41.6743809296628
            ],
            [
              -87.661300640898,
              41.6745807327272
            ],
            [
              -87.6613064417556,
              41.6747362764628
            ],
            [
              -87.6613076810774,
              41.6747695026031
            ],
            [
              -87.6613140702714,
              41.6749540689989
            ],
            [
              -87.6613187514575,
              41.6750918077449
            ],
            [
              -87.6613232747124,
              41.6752275935134
            ],
            [
              -87.6613241902173,
              41.6752550727512
            ],
            [
              -87.6613245970848,
              41.6752687425035
            ],
            [
              -87.6613266467928,
              41.6753426867936
            ],
            [
              -87.6613285192108,
              41.6754054885658
            ],
            [
              -87.6613377788919,
              41.6757187544726
            ],
            [
              -87.6613439616356,
              41.6759283192127
            ],
            [
              -87.6613439814416,
              41.6759289840081
            ],
            [
              -87.6613574537785,
              41.6763856073699
            ],
            [
              -87.6613670683586,
              41.6767105936355
            ],
            [
              -87.6613793912106,
              41.6770320824108
            ],
            [
              -87.6613893292892,
              41.6773153570915
            ],
            [
              -87.6613879469976,
              41.677455282147
            ],
            [
              -87.6613708059198,
              41.6775520379626
            ],
            [
              -87.6613707982701,
              41.6775520812785
            ],
            [
              -87.6613559422467,
              41.6776358930436
            ],
            [
              -87.6613775267441,
              41.6778975275043
            ],
            [
              -87.6613849107078,
              41.6781483759955
            ],
            [
              -87.661392894176,
              41.6783991681539
            ],
            [
              -87.6614080308732,
              41.6788746911671
            ],
            [
              -87.6614157104779,
              41.6790936521069
            ],
            [
              -87.6614224719043,
              41.6793696350622
            ],
            [
              -87.661429946485,
              41.6796746847359
            ],
            [
              -87.6614398958206,
              41.6799639963494
            ],
            [
              -87.6614482984236,
              41.6802401260737
            ],
            [
              -87.66145513604,
              41.680466080104
            ],
            [
              -87.6614610442029,
              41.6806653262663
            ],
            [
              -87.6614703333528,
              41.680979415355
            ],
            [
              -87.6614759348566,
              41.6811902712811
            ],
            [
              -87.6614759616638,
              41.6811912838246
            ],
            [
              -87.6614834867229,
              41.6814745161973
            ],
            [
              -87.6614907843559,
              41.6817090900922
            ],
            [
              -87.6614982021247,
              41.6819532698664
            ],
            [
              -87.6615053337696,
              41.6822045835132
            ],
            [
              -87.6615113922994,
              41.682423781562
            ],
            [
              -87.6615161070124,
              41.6825969769032
            ],
            [
              -87.6615203116974,
              41.6827488183024
            ],
            [
              -87.661524802112,
              41.6829013474524
            ],
            [
              -87.6615286093075,
              41.6830109511489
            ],
            [
              -87.6615336764809,
              41.6831568149206
            ],
            [
              -87.6615424429324,
              41.6834332210482
            ],
            [
              -87.6615495552352,
              41.6836398564137
            ],
            [
              -87.6615580950245,
              41.6838887903672
            ],
            [
              -87.6615681429808,
              41.6840948391207
            ],
            [
              -87.6615812417911,
              41.684296157994
            ],
            [
              -87.6615837479421,
              41.6843796551295
            ],
            [
              -87.6615868421052,
              41.6844827508224
            ],
            [
              -87.6615903820319,
              41.6846000096277
            ],
            [
              -87.6615953012891,
              41.6846794798258
            ],
            [
              -87.6616045051958,
              41.6848281614677
            ],
            [
              -87.6612549135233,
              41.684833677166
            ],
            [
              -87.6608869646084,
              41.6848392638712
            ],
            [
              -87.6606572030981,
              41.6848427490374
            ],
            [
              -87.6603950072086,
              41.6848459560134
            ],
            [
              -87.6602171355559,
              41.684848131277
            ],
            [
              -87.6599888842503,
              41.6848507271025
            ],
            [
              -87.6598030312144,
              41.6848528404173
            ],
            [
              -87.65965525295,
              41.6848548832566
            ],
            [
              -87.6594352708902,
              41.6848578747116
            ],
            [
              -87.6591763637464,
              41.6848617625953
            ],
            [
              -87.6589671067684,
              41.684864898397
            ],
            [
              -87.6588282633345,
              41.6848667730536
            ],
            [
              -87.6585797941751,
              41.6848701445426
            ],
            [
              -87.6583683457461,
              41.68487288959
            ],
            [
              -87.6581562367743,
              41.6848756429915
            ],
            [
              -87.6579627706466,
              41.6848776150215
            ],
            [
              -87.6577241599693,
              41.6848800469485
            ],
            [
              -87.6574570542663,
              41.6848836906578
            ],
            [
              -87.6572453470635,
              41.6848865619239
            ],
            [
              -87.6571161696441,
              41.6848883267143
            ],
            [
              -87.6569049752106,
              41.684891172927
            ],
            [
              -87.6567475087662,
              41.6848933896447
            ],
            [
              -87.6565255697417,
              41.6848965138489
            ],
            [
              -87.6562768016723,
              41.6849005095208
            ],
            [
              -87.6560380666006,
              41.6849043170665
            ],
            [
              -87.6558171990218,
              41.6849078998558
            ],
            [
              -87.655529245008,
              41.6849110882275
            ],
            [
              -87.6552737752357,
              41.6849139162011
            ],
            [
              -87.6550621393757,
              41.6849169485259
            ],
            [
              -87.6548593642272,
              41.6849198681108
            ],
            [
              -87.6546205598624,
              41.684923288095
            ],
            [
              -87.6544913811832,
              41.6849251597007
            ],
            [
              -87.654313946676,
              41.6849268078075
            ],
            [
              -87.6541500722529,
              41.6849283299527
            ],
            [
              -87.6539215908434,
              41.6849318369332
            ],
            [
              -87.6536917594838,
              41.6849348689388
            ],
            [
              -87.6534611961147,
              41.6849379510411
            ],
            [
              -87.6533102704569,
              41.684939894376
            ],
            [
              -87.6530984533164,
              41.6849426039426
            ],
            [
              -87.6528223437841,
              41.6849461352845
            ],
            [
              -87.6525127222102,
              41.6849508332989
            ],
            [
              -87.6522117061107,
              41.6849553888283
            ],
            [
              -87.6520485468835,
              41.6849578521504
            ],
            [
              -87.6518812191585,
              41.6849600130714
            ],
            [
              -87.6516204115124,
              41.6849633814243
            ],
            [
              -87.651405412159,
              41.6849659482428
            ],
            [
              -87.6511745222765,
              41.6849686944988
            ],
            [
              -87.650968310423,
              41.6849711477241
            ],
            [
              -87.6506669339682,
              41.6849749687199
            ],
            [
              -87.6504361530618,
              41.6849778938937
            ],
            [
              -87.6502641273525,
              41.6849810704107
            ],
            [
              -87.6500663990023,
              41.6849844231838
            ],
            [
              -87.649869257087,
              41.6849877791041
            ],
            [
              -87.6496801735795,
              41.6849906609247
            ],
            [
              -87.6494513380747,
              41.6849933734017
            ],
            [
              -87.6491714544956,
              41.6849966901909
            ],
            [
              -87.6489658973118,
              41.6849995004836
            ],
            [
              -87.6487258496726,
              41.6850027635963
            ],
            [
              -87.6485535774135,
              41.6850049755659
            ],
            [
              -87.6482360862359,
              41.6850095493012
            ],
            [
              -87.6480900272993,
              41.6850116531054
            ],
            [
              -87.6477832342832,
              41.6850154218919
            ],
            [
              -87.6470212283601,
              41.6850251161608
            ],
            [
              -87.6467701057296,
              41.685028309873
            ],
            [
              -87.646435829601,
              41.6850344905515
            ],
            [
              -87.6459808145423,
              41.6850406617274
            ],
            [
              -87.6454411577961,
              41.6850468184866
            ],
            [
              -87.6454080951339,
              41.6850471988155
            ],
            [
              -87.6452531432861,
              41.6850489809533
            ],
            [
              -87.6451932061339,
              41.6850496701453
            ],
            [
              -87.6448757850181,
              41.6850544652651
            ],
            [
              -87.6446513851913,
              41.6850572737914
            ],
            [
              -87.6445747759922,
              41.6850582326903
            ],
            [
              -87.6442238244614,
              41.68506263295
            ],
            [
              -87.6441565259767,
              41.6850635453087
            ],
            [
              -87.6436050684078,
              41.6850708041145
            ],
            [
              -87.6431515204971,
              41.6850766710145
            ],
            [
              -87.642721443828,
              41.6850821557465
            ],
            [
              -87.6424982766095,
              41.6850849858619
            ],
            [
              -87.642157780856,
              41.6850899402103
            ],
            [
              -87.64185366145,
              41.6850943643173
            ],
            [
              -87.6414961006949,
              41.6850996594333
            ],
            [
              -87.6413290725617,
              41.6851018822605
            ],
            [
              -87.6411144258221,
              41.6851021813164
            ],
            [
              -87.6409426302562,
              41.6851042757961
            ],
            [
              -87.6407438134923,
              41.6851066995148
            ],
            [
              -87.6406235289756,
              41.6851086914595
            ],
            [
              -87.6404247153401,
              41.6851107872457
            ],
            [
              -87.6402028345556,
              41.6851131255808
            ],
            [
              -87.6400135356031,
              41.6851155788186
            ],
            [
              -87.6397267597943,
              41.68512014309
            ],
            [
              -87.6395596800108,
              41.6851228018528
            ],
            [
              -87.6393572247881,
              41.685124925951
            ],
            [
              -87.6392857346365,
              41.6851256759474
            ],
            [
              -87.6390103063396,
              41.6851268663848
            ],
            [
              -87.6387271027983,
              41.6851259509169
            ],
            [
              -87.638575866444,
              41.685130222172
            ],
            [
              -87.6382300469508,
              41.6851399879769
            ],
            [
              -87.6380317731618,
              41.6851429325342
            ],
            [
              -87.6377491531325,
              41.6851455858231
            ],
            [
              -87.6374398428029,
              41.6851484335692
            ],
            [
              -87.6373180367658,
              41.6851501735342
            ],
            [
              -87.6370714917838,
              41.6851536945861
            ],
            [
              -87.6367793745359,
              41.6851578247797
            ],
            [
              -87.6365218971446,
              41.6851612037453
            ],
            [
              -87.636114241914,
              41.6851631884179
            ],
            [
              -87.6358291301952,
              41.685164575665
            ],
            [
              -87.6355790286179,
              41.6851698085445
            ],
            [
              -87.6353136251069,
              41.6851749479417
            ],
            [
              -87.6350819830967,
              41.6851794136678
            ],
            [
              -87.6350028266188,
              41.6851799722644
            ],
            [
              -87.634900412153,
              41.6851813554699
            ],
            [
              -87.6346074559798,
              41.6851853114809
            ],
            [
              -87.6343243411996,
              41.685189709713
            ],
            [
              -87.6339757568735,
              41.6851951359174
            ],
            [
              -87.6336919612276,
              41.6851974243658
            ],
            [
              -87.6333357607361,
              41.685200295861
            ],
            [
              -87.6330752079862,
              41.685203758145
            ],
            [
              -87.6327185037615,
              41.6852084449752
            ],
            [
              -87.6324870396664,
              41.6852117720462
            ],
            [
              -87.6323404851844,
              41.6852138788795
            ],
            [
              -87.6321861839954,
              41.6852163954706
            ],
            [
              -87.6319919705835,
              41.6852196010934
            ],
            [
              -87.6317336420582,
              41.6852238428715
            ],
            [
              -87.6314897877611,
              41.6852268543589
            ],
            [
              -87.6312838591663,
              41.6852283732963
            ],
            [
              -87.6310277706885,
              41.6852302615542
            ],
            [
              -87.630857439863,
              41.6852322667528
            ],
            [
              -87.6306149061377,
              41.6852350651829
            ],
            [
              -87.6303475470598,
              41.6852381503434
            ],
            [
              -87.6300945410029,
              41.6852413224358
            ],
            [
              -87.629712059307,
              41.6852461169031
            ],
            [
              -87.6294201748316,
              41.6852489674182
            ],
            [
              -87.6291525295348,
              41.6852514991779
            ],
            [
              -87.6288951239925,
              41.6852548367945
            ],
            [
              -87.6276953320944,
              41.6852703860754
            ],
            [
              -87.6273459432067,
              41.6852749117837
            ],
            [
              -87.6270942798555,
              41.685278909093
            ],
            [
              -87.6268677411735,
              41.6852819625657
            ],
            [
              -87.6267056477361,
              41.685283929916
            ],
            [
              -87.6265239007978,
              41.6852853145699
            ],
            [
              -87.6262633267052,
              41.6852872883913
            ],
            [
              -87.6261938730522,
              41.6852877526955
            ],
            [
              -87.6258491300789,
              41.6852933197638
            ],
            [
              -87.6257457251822,
              41.6852949837284
            ],
            [
              -87.6256084903194,
              41.6852969697554
            ],
            [
              -87.6254370919136,
              41.685299449934
            ],
            [
              -87.6253662688173,
              41.6852998671564
            ],
            [
              -87.6253442428903,
              41.6852999968464
            ],
            [
              -87.6250860385977,
              41.6853016250101
            ],
            [
              -87.6250837908295,
              41.6853016512251
            ],
            [
              -87.6247452123607,
              41.6853056568659
            ],
            [
              -87.6245887879588,
              41.6853076141948
            ],
            [
              -87.6244177910028,
              41.685310236662
            ],
            [
              -87.624125936911,
              41.6853135766779
            ],
            [
              -87.6238833659089,
              41.6853163518875
            ],
            [
              -87.6236794398554,
              41.6853204991803
            ],
            [
              -87.6234909823169,
              41.68532290295
            ],
            [
              -87.6232924440898,
              41.6853264516371
            ],
            [
              -87.6231450427476,
              41.685327352115
            ],
            [
              -87.6228953280244,
              41.685329756164
            ],
            [
              -87.6226155347087,
              41.6853324489816
            ],
            [
              -87.6223399681605,
              41.6853361233935
            ],
            [
              -87.6221722729367,
              41.6853380771359
            ],
            [
              -87.6218945883276,
              41.6853412982794
            ],
            [
              -87.6215221082019,
              41.685345482754
            ],
            [
              -87.6214097002235,
              41.6853470280506
            ],
            [
              -87.6212448204645,
              41.6853492942684
            ],
            [
              -87.6210369143499,
              41.6853525065798
            ],
            [
              -87.6208101615529,
              41.6853538831666
            ],
            [
              -87.6205023738776,
              41.6853557512567
            ],
            [
              -87.6202105792507,
              41.6853569872203
            ],
            [
              -87.6202049794147,
              41.6853570520919
            ],
            [
              -87.6200191215435,
              41.6853592042146
            ],
            [
              -87.6197137192063,
              41.6853627398313
            ],
            [
              -87.6189901284155,
              41.6853722954554
            ],
            [
              -87.6187332117841,
              41.6853745403113
            ],
            [
              -87.6185099980416,
              41.6853780919605
            ],
            [
              -87.6181987426969,
              41.6853812325771
            ],
            [
              -87.6180556481713,
              41.6853830402948
            ],
            [
              -87.6177810382476,
              41.6853865088417
            ],
            [
              -87.617543575292,
              41.6853874999924
            ],
            [
              -87.6173372966658,
              41.6853891514755
            ],
            [
              -87.6170283178529,
              41.6853916444643
            ],
            [
              -87.6168052762618,
              41.6853929978585
            ],
            [
              -87.6166955421657,
              41.6853941734771
            ],
            [
              -87.6165263161549,
              41.685395485098
            ],
            [
              -87.6159073960788,
              41.6854047410369
            ],
            [
              -87.6155999881697,
              41.6854074894515
            ],
            [
              -87.6149440929741,
              41.6854133508229
            ],
            [
              -87.6147018743205,
              41.6854172976976
            ],
            [
              -87.6143800422358,
              41.6854200572114
            ],
            [
              -87.6141318760025,
              41.6854221846042
            ],
            [
              -87.6135965427215,
              41.6854308259754
            ],
            [
              -87.6131567483877,
              41.6854340244051
            ],
            [
              -87.6128646867905,
              41.6854361473182
            ],
            [
              -87.6125189058052,
              41.685439462537
            ],
            [
              -87.6123892209533,
              41.6854407054036
            ],
            [
              -87.6123279329979,
              41.6854412929601
            ],
            [
              -87.6122848882705,
              41.6854417054178
            ],
            [
              -87.6125865387838,
              41.6839954018856
            ],
            [
              -87.6125865654664,
              41.6839952744414
            ],
            [
              -87.6126194726284,
              41.683836995475
            ],
            [
              -87.6128260600797,
              41.6829573592632
            ],
            [
              -87.612900209099,
              41.6825866527413
            ],
            [
              -87.6130179170216,
              41.6822491511936
            ],
            [
              -87.6131715597938,
              41.6816024508159
            ],
            [
              -87.6132717739703,
              41.6811509493735
            ],
            [
              -87.6133855967187,
              41.6806278372676
            ],
            [
              -87.6134813113323,
              41.6802102685408
            ],
            [
              -87.6135323160059,
              41.6799858954326
            ],
            [
              -87.6136798066742,
              41.6793154856677
            ],
            [
              -87.6137737326281,
              41.6788937888907
            ],
            [
              -87.6138732318875,
              41.6784645799657
            ],
            [
              -87.6139344457016,
              41.6781860698488
            ],
            [
              -87.6139359560672,
              41.6781791995231
            ],
            [
              -87.6139537252897,
              41.6780983717241
            ],
            [
              -87.614060707323,
              41.6776132935267
            ],
            [
              -87.6141536592614,
              41.6772375578748
            ],
            [
              -87.6141624829851,
              41.6771847845815
            ],
            [
              -87.6142080996219,
              41.6769096070754
            ],
            [
              -87.614340222761,
              41.6764675663837
            ],
            [
              -87.6143599126063,
              41.676383986963
            ],
            [
              -87.6143703475619,
              41.6763406035997
            ],
            [
              -87.6143704347049,
              41.6763402396967
            ],
            [
              -87.614376224824,
              41.6763161666294
            ],
            [
              -87.6143920600255,
              41.6762500585203
            ],
            [
              -87.6143983090967,
              41.6762229972679
            ],
            [
              -87.614425197237,
              41.6761916055688
            ],
            [
              -87.6144365028977,
              41.6761213526106
            ],
            [
              -87.6144595674846,
              41.6759811925658
            ],
            [
              -87.6144930637945,
              41.6758493305018
            ],
            [
              -87.6145657137256,
              41.6756117137585
            ],
            [
              -87.6146190098384,
              41.6753863251818
            ],
            [
              -87.6146439957388,
              41.6752791091648
            ],
            [
              -87.6146789325298,
              41.6751410815486
            ],
            [
              -87.614779124796,
              41.6746895781191
            ],
            [
              -87.6148589903319,
              41.6743377728463
            ],
            [
              -87.614978876774,
              41.6738431689397
            ],
            [
              -87.6150732777461,
              41.6733772211636
            ],
            [
              -87.6151590683992,
              41.6730683329411
            ],
            [
              -87.6152180676182,
              41.6727410959861
            ],
            [
              -87.6152268436934,
              41.6726924385062
            ],
            [
              -87.6153077491931,
              41.672370141225
            ],
            [
              -87.6153869678889,
              41.6719936323286
            ],
            [
              -87.6154404984632,
              41.6717466327276
            ],
            [
              -87.6154737612598,
              41.6715941868087
            ],
            [
              -87.6155072039239,
              41.6714667838358
            ],
            [
              -87.6155736115694,
              41.6712136900816
            ],
            [
              -87.615650517265,
              41.6708392247347
            ],
            [
              -87.6156674399815,
              41.670757343212
            ],
            [
              -87.6156980679386,
              41.6706360973559
            ],
            [
              -87.6157669861247,
              41.6703627796088
            ],
            [
              -87.6159010418855,
              41.6697444244223
            ],
            [
              -87.6160951929665,
              41.6689051811947
            ],
            [
              -87.6161336986903,
              41.6687747227361
            ],
            [
              -87.6161880721568,
              41.6684512293576
            ],
            [
              -87.6162608137531,
              41.6682040063151
            ],
            [
              -87.6163075638769,
              41.6679902392633
            ],
            [
              -87.6163875002526,
              41.6676717080936
            ],
            [
              -87.616480845953,
              41.6672578942943
            ],
            [
              -87.6165744344522,
              41.6668632925785
            ],
            [
              -87.6166600490797,
              41.6665688098424
            ],
            [
              -87.6167586446275,
              41.6661762974055
            ],
            [
              -87.6169730922504,
              41.6652373534481
            ],
            [
              -87.6171545003796,
              41.6643482873432
            ],
            [
              -87.6172166945723,
              41.6638962013465
            ],
            [
              -87.6172259685793,
              41.6637610998816
            ],
            [
              -87.6172396013771,
              41.6635629059153
            ],
            [
              -87.6172798376079,
              41.663358359866
            ],
            [
              -87.6174922704778,
              41.6625171692058
            ],
            [
              -87.6176789126282,
              41.6617324195668
            ],
            [
              -87.6182870029395,
              41.65911467761
            ]
          ]
        ]
      },
      "properties": {
        "COMMUNITY": "WEST PULLMAN",
        "AREA_NUMBER": "53",
        "tier": 5,
        "tier_label": "2,000 - 2,500"
      }
    },
    {
      "type": "Feature",
      "geometry": {
        "type": "Polygon",
        "coordinates": [
          [
            [
              -87.6548799955339,
              41.7941797181291
            ],
            [
              -87.6548765722616,
              41.7940739704649
            ],
            [
              -87.6548733236375,
              41.7939579223303
            ],
            [
              -87.6548703905898,
              41.7938098304831
            ],
            [
              -87.6548683353729,
              41.793697076497
            ],
            [
              -87.6548629783593,
              41.7934400424825
            ],
            [
              -87.6548588814839,
              41.793288325956
            ],
            [
              -87.6548571237807,
              41.7932232367519
            ],
            [
              -87.6548507311984,
              41.7929879039037
            ],
            [
              -87.6548449522149,
              41.7927639360149
            ],
            [
              -87.6548392031889,
              41.7925440847238
            ],
            [
              -87.6548343794656,
              41.7923538870628
            ],
            [
              -87.6548320547992,
              41.7922622042839
            ],
            [
              -87.6548275798481,
              41.7920954075588
            ],
            [
              -87.6548233893929,
              41.7919378333123
            ],
            [
              -87.6548217500501,
              41.7918762692792
            ],
            [
              -87.6548164654488,
              41.7916784573197
            ],
            [
              -87.6548110242425,
              41.79147463444
            ],
            [
              -87.6548066249388,
              41.7913111038398
            ],
            [
              -87.6548018928022,
              41.7911339321624
            ],
            [
              -87.6547969717282,
              41.790950338006
            ],
            [
              -87.6547920608101,
              41.7907657828542
            ],
            [
              -87.6547882471621,
              41.7906232220478
            ],
            [
              -87.6547857596576,
              41.7905308552259
            ],
            [
              -87.6547835827741,
              41.7904500299657
            ],
            [
              -87.6547783398679,
              41.7902344077768
            ],
            [
              -87.6547730114304,
              41.7900163975442
            ],
            [
              -87.6547674948031,
              41.7897919645585
            ],
            [
              -87.6547623502356,
              41.7895808984432
            ],
            [
              -87.6547555086098,
              41.7893012699837
            ],
            [
              -87.6547504318194,
              41.7890837826165
            ],
            [
              -87.6547468782061,
              41.7889130669078
            ],
            [
              -87.6547446532303,
              41.7888041604119
            ],
            [
              -87.6547432059748,
              41.7887143450323
            ],
            [
              -87.6547419937939,
              41.788639130379
            ],
            [
              -87.6547351520469,
              41.788449926448
            ],
            [
              -87.6547289577321,
              41.788279304893
            ],
            [
              -87.65472096999,
              41.7880596597462
            ],
            [
              -87.6547161567323,
              41.7879346133281
            ],
            [
              -87.6547154025535,
              41.7879150302951
            ],
            [
              -87.6547138998093,
              41.7878759926947
            ],
            [
              -87.6547070794111,
              41.7876175002391
            ],
            [
              -87.6547020774029,
              41.7873506646239
            ],
            [
              -87.6546996559818,
              41.7872226355557
            ],
            [
              -87.6546953586632,
              41.7870112999207
            ],
            [
              -87.6546901730915,
              41.7868937859998
            ],
            [
              -87.6546861843429,
              41.7868033932717
            ],
            [
              -87.654681926707,
              41.7865604162008
            ],
            [
              -87.6546791992309,
              41.7864391255558
            ],
            [
              -87.6546751871376,
              41.7862607274399
            ],
            [
              -87.6546686255484,
              41.7859685041821
            ],
            [
              -87.6546627773877,
              41.7857094635854
            ],
            [
              -87.6546560379441,
              41.7854097747805
            ],
            [
              -87.6546500790963,
              41.785143817894
            ],
            [
              -87.6546472423212,
              41.78507183817
            ],
            [
              -87.6546444742494,
              41.7849834359221
            ],
            [
              -87.6546221895677,
              41.7840960478141
            ],
            [
              -87.6546119014369,
              41.7837062151828
            ],
            [
              -87.6546034851658,
              41.7833873066048
            ],
            [
              -87.6546001019043,
              41.7832531563875
            ],
            [
              -87.6545974353591,
              41.783147419849
            ],
            [
              -87.6545772439352,
              41.7823501937874
            ],
            [
              -87.6545603294923,
              41.7815552372944
            ],
            [
              -87.6545557720459,
              41.7814352321337
            ],
            [
              -87.6545517207292,
              41.7813285628276
            ],
            [
              -87.654528945233,
              41.7804844487331
            ],
            [
              -87.6545184878434,
              41.780073130886
            ],
            [
              -87.6545102871445,
              41.7797505696259
            ],
            [
              -87.6545077215472,
              41.7796162660827
            ],
            [
              -87.6545048069261,
              41.7794636763504
            ],
            [
              -87.6544970203635,
              41.7791672127076
            ],
            [
              -87.6544950340554,
              41.7790915921388
            ],
            [
              -87.6544939864698,
              41.7790516949094
            ],
            [
              -87.654480295866,
              41.7785304445289
            ],
            [
              -87.6544721445842,
              41.7782533874208
            ],
            [
              -87.6544709946023,
              41.7782143018912
            ],
            [
              -87.6544621683016,
              41.7779132007694
            ],
            [
              -87.6544573754337,
              41.7778000120615
            ],
            [
              -87.6544507794394,
              41.7776442476077
            ],
            [
              -87.6544117452829,
              41.7761415161005
            ],
            [
              -87.654407779927,
              41.775981445706
            ],
            [
              -87.6544038770468,
              41.775823899878
            ],
            [
              -87.6543977848122,
              41.7755947427418
            ],
            [
              -87.6543810935816,
              41.7749669141707
            ],
            [
              -87.6543634614651,
              41.7742750281242
            ],
            [
              -87.6543603312251,
              41.7741615879112
            ],
            [
              -87.6543511017901,
              41.7738271135602
            ],
            [
              -87.6543403284589,
              41.7734234189351
            ],
            [
              -87.6543306417702,
              41.7730627612582
            ],
            [
              -87.6543248530347,
              41.7727882151529
            ],
            [
              -87.6543154196221,
              41.7723407812776
            ],
            [
              -87.654311923799,
              41.7721749807165
            ],
            [
              -87.6543051829978,
              41.7718865441752
            ],
            [
              -87.6543047500704,
              41.7718680162454
            ],
            [
              -87.6542926422451,
              41.7714344830921
            ],
            [
              -87.6542904844017,
              41.7713524982059
            ],
            [
              -87.6542797684143,
              41.7709735572982
            ],
            [
              -87.6542711433603,
              41.7706401291635
            ],
            [
              -87.6542671670261,
              41.7705221964023
            ],
            [
              -87.6542631011771,
              41.7704016296823
            ],
            [
              -87.6542310393499,
              41.7691842346284
            ],
            [
              -87.6542223201302,
              41.7688531659273
            ],
            [
              -87.6542168454497,
              41.768700611269
            ],
            [
              -87.6542125743395,
              41.7685815875127
            ],
            [
              -87.6541897361066,
              41.7676954010508
            ],
            [
              -87.6541713376192,
              41.7669791127713
            ],
            [
              -87.6541691934076,
              41.7668799044093
            ],
            [
              -87.6541668541353,
              41.7667716996307
            ],
            [
              -87.6541492520249,
              41.7661259444228
            ],
            [
              -87.6541214432559,
              41.7650649363595
            ],
            [
              -87.6541176256358,
              41.7649192812322
            ],
            [
              -87.6541092502157,
              41.7646051872575
            ],
            [
              -87.6541048381113,
              41.7644774285725
            ],
            [
              -87.6541014828361,
              41.7643229043913
            ],
            [
              -87.6540991137212,
              41.7642138593575
            ],
            [
              -87.6540970988527,
              41.7641527590586
            ],
            [
              -87.6540944758661,
              41.7640732414609
            ],
            [
              -87.6540885993484,
              41.7639110185978
            ],
            [
              -87.6540864226465,
              41.7637629507484
            ],
            [
              -87.6540839346859,
              41.7635956709548
            ],
            [
              -87.6540815989961,
              41.7634348411619
            ],
            [
              -87.6540745587357,
              41.7632456192867
            ],
            [
              -87.6540721175875,
              41.7631800042785
            ],
            [
              -87.6540661940829,
              41.7629909692976
            ],
            [
              -87.6540597897429,
              41.762784971691
            ],
            [
              -87.6540531253238,
              41.7625723587748
            ],
            [
              -87.6540482692363,
              41.7624176612847
            ],
            [
              -87.6540471107175,
              41.7623354629064
            ],
            [
              -87.6540443695288,
              41.7621410127225
            ],
            [
              -87.6540381432111,
              41.7618833958387
            ],
            [
              -87.6540328611594,
              41.7616648359288
            ],
            [
              -87.6540262478074,
              41.7614246337161
            ],
            [
              -87.6540227642249,
              41.7612981101698
            ],
            [
              -87.6540145588954,
              41.7610404815464
            ],
            [
              -87.6540096063292,
              41.7608845210652
            ],
            [
              -87.6540032785603,
              41.7606851924864
            ],
            [
              -87.6539975955755,
              41.760517344851
            ],
            [
              -87.6539926028277,
              41.7603698914524
            ],
            [
              -87.65398684895,
              41.7601578601319
            ],
            [
              -87.6539869350009,
              41.7599133982447
            ],
            [
              -87.6539855399429,
              41.7597468108764
            ],
            [
              -87.6539790514365,
              41.7596041577281
            ],
            [
              -87.6539741146149,
              41.7594956122519
            ],
            [
              -87.6539721662662,
              41.7593537203182
            ],
            [
              -87.6539669609153,
              41.7591939434411
            ],
            [
              -87.6539589010783,
              41.7590302807633
            ],
            [
              -87.6539551105561,
              41.7588649415838
            ],
            [
              -87.6539544714184,
              41.7587517902213
            ],
            [
              -87.6539535810537,
              41.7586902576983
            ],
            [
              -87.6539520168937,
              41.7585814094173
            ],
            [
              -87.6539492078961,
              41.7583959877347
            ],
            [
              -87.6539444480783,
              41.758221778708
            ],
            [
              -87.6539400265806,
              41.758060634557
            ],
            [
              -87.6539391980137,
              41.7580305304205
            ],
            [
              -87.6539385583615,
              41.7580072914507
            ],
            [
              -87.65393659617,
              41.7579360097583
            ],
            [
              -87.654015356409,
              41.7578979723479
            ],
            [
              -87.6540680499965,
              41.7578972547788
            ],
            [
              -87.6546334848305,
              41.7578885899979
            ],
            [
              -87.6554010045139,
              41.7578756264168
            ],
            [
              -87.6559142075972,
              41.7578673331997
            ],
            [
              -87.6566491761666,
              41.7578565706152
            ],
            [
              -87.6571825898903,
              41.7578432451957
            ],
            [
              -87.6575000785829,
              41.7578433980005
            ],
            [
              -87.6579348972164,
              41.7578390941424
            ],
            [
              -87.6581589748422,
              41.7578345795177
            ],
            [
              -87.658369763272,
              41.7578303294245
            ],
            [
              -87.6586538522459,
              41.7578261663677
            ],
            [
              -87.6587847503451,
              41.7578241936726
            ],
            [
              -87.6619996513747,
              41.7577825246769
            ],
            [
              -87.6636140272009,
              41.7577741426344
            ],
            [
              -87.6636138077235,
              41.7577515931978
            ],
            [
              -87.6637473596142,
              41.7577458485294
            ],
            [
              -87.6639953296924,
              41.7577346010012
            ],
            [
              -87.6645105554478,
              41.7577077571132
            ],
            [
              -87.6645985518138,
              41.7577044959109
            ],
            [
              -87.6648400685394,
              41.7576969824143
            ],
            [
              -87.6650394212769,
              41.7576909380799
            ],
            [
              -87.6654807060042,
              41.7576814979749
            ],
            [
              -87.6659219405041,
              41.7576768581396
            ],
            [
              -87.6660667143856,
              41.7576766699204
            ],
            [
              -87.6662101132047,
              41.7576764735346
            ],
            [
              -87.6663631330752,
              41.7576763328216
            ],
            [
              -87.6670815849657,
              41.757667465833
            ],
            [
              -87.6672781458619,
              41.7576655178793
            ],
            [
              -87.6673716184672,
              41.7576643448012
            ],
            [
              -87.6679993426964,
              41.757657004376
            ],
            [
              -87.6683645239397,
              41.7576526007943
            ],
            [
              -87.6684868610132,
              41.7576512505516
            ],
            [
              -87.6686206504756,
              41.7576499664366
            ],
            [
              -87.6694898414678,
              41.7576398978815
            ],
            [
              -87.6697022517895,
              41.7576385700246
            ],
            [
              -87.6697022472518,
              41.7576387258749
            ],
            [
              -87.6696992418049,
              41.7577497260334
            ],
            [
              -87.6696981051258,
              41.7577917169209
            ],
            [
              -87.6702550052014,
              41.7577862852517
            ],
            [
              -87.6702550950054,
              41.7577862843978
            ],
            [
              -87.6708673982668,
              41.7577796752184
            ],
            [
              -87.6709176958021,
              41.757779055482
            ],
            [
              -87.6715943914143,
              41.7577707161908
            ],
            [
              -87.6721359719962,
              41.7577655107213
            ],
            [
              -87.6723461430891,
              41.7577634899913
            ],
            [
              -87.6731180138173,
              41.7577528343325
            ],
            [
              -87.6733505918393,
              41.7577498126113
            ],
            [
              -87.6737639097199,
              41.7577444416638
            ],
            [
              -87.6739146635519,
              41.7577424822856
            ],
            [
              -87.6742011174508,
              41.7577389977182
            ],
            [
              -87.6745732003491,
              41.7577344704675
            ],
            [
              -87.6747716663932,
              41.7577320551819
            ],
            [
              -87.6751734872038,
              41.7577264831818
            ],
            [
              -87.6754690517416,
              41.7577223837947
            ],
            [
              -87.6759422189044,
              41.7577107020756
            ],
            [
              -87.6763705276619,
              41.7577001263832
            ],
            [
              -87.6771314151399,
              41.7576810659863
            ],
            [
              -87.6778377784716,
              41.7576714586634
            ],
            [
              -87.6780594739268,
              41.7576685107681
            ],
            [
              -87.6781570690912,
              41.7576673521519
            ],
            [
              -87.6783743724058,
              41.7611222971548
            ],
            [
              -87.6784319270526,
              41.7620405944389
            ],
            [
              -87.6784882310612,
              41.7629385249961
            ],
            [
              -87.6784883036751,
              41.7629396747236
            ],
            [
              -87.6785459131869,
              41.7638528264152
            ],
            [
              -87.6785568063613,
              41.7647638686307
            ],
            [
              -87.6783565242459,
              41.7659408462778
            ],
            [
              -87.6784569827782,
              41.7667406961238
            ],
            [
              -87.678456633259,
              41.767541000319
            ],
            [
              -87.6783617866653,
              41.7683961942576
            ],
            [
              -87.6786257568738,
              41.7683931361537
            ],
            [
              -87.6786499233941,
              41.7693509387532
            ],
            [
              -87.6786723583159,
              41.7702090199834
            ],
            [
              -87.6786743191176,
              41.7702865400244
            ],
            [
              -87.6787016786873,
              41.7712461714593
            ],
            [
              -87.6787078630884,
              41.7714942223487
            ],
            [
              -87.6787208177776,
              41.7720224524557
            ],
            [
              -87.6783560173724,
              41.7720270531868
            ],
            [
              -87.6784536939435,
              41.7737317776731
            ],
            [
              -87.6784599264416,
              41.7738398698848
            ],
            [
              -87.678562924605,
              41.7756518511388
            ],
            [
              -87.6785629304789,
              41.7756519584742
            ],
            [
              -87.6788140977146,
              41.775648737552
            ],
            [
              -87.67881476512,
              41.7756730237078
            ],
            [
              -87.6788163828501,
              41.7757392387879
            ],
            [
              -87.6788217912874,
              41.7759735638553
            ],
            [
              -87.6788050349402,
              41.7761792908443
            ],
            [
              -87.6787842589141,
              41.776374703539
            ],
            [
              -87.6787402443066,
              41.7767823236748
            ],
            [
              -87.6785417760248,
              41.7786329056667
            ],
            [
              -87.6784885912444,
              41.7791306919503
            ],
            [
              -87.678489064941,
              41.7791742603213
            ],
            [
              -87.6784909903278,
              41.7792551807732
            ],
            [
              -87.6787567601186,
              41.7803407386697
            ],
            [
              -87.6789516111055,
              41.7810546789583
            ],
            [
              -87.6789809478626,
              41.781054159985
            ],
            [
              -87.6789941181277,
              41.781561928975
            ],
            [
              -87.6790290734529,
              41.782857091513
            ],
            [
              -87.6790669545606,
              41.7842702746921
            ],
            [
              -87.6790783291462,
              41.78472932199
            ],
            [
              -87.6790912371724,
              41.7852178793906
            ],
            [
              -87.6790952683535,
              41.7853623209554
            ],
            [
              -87.6791290804341,
              41.7865719088499
            ],
            [
              -87.6791399614364,
              41.786571772126
            ],
            [
              -87.6791567693925,
              41.786571561301
            ],
            [
              -87.6794863546092,
              41.7865674303624
            ],
            [
              -87.6796776221788,
              41.7865650813078
            ],
            [
              -87.6796486922486,
              41.7883644343386
            ],
            [
              -87.6796692337967,
              41.7897150287704
            ],
            [
              -87.6794888099886,
              41.792062000097
            ],
            [
              -87.6794879728923,
              41.7920728879612
            ],
            [
              -87.6793780779225,
              41.7935023206983
            ],
            [
              -87.6793063917221,
              41.7935031266669
            ],
            [
              -87.6792700137862,
              41.7935035098491
            ],
            [
              -87.6789564352791,
              41.7935068144237
            ],
            [
              -87.6788553651559,
              41.7935078185414
            ],
            [
              -87.678812281021,
              41.7935082462496
            ],
            [
              -87.6788121211148,
              41.7935082480828
            ],
            [
              -87.6788136562763,
              41.7935373270664
            ],
            [
              -87.6788173800188,
              41.7937119535686
            ],
            [
              -87.6788207578129,
              41.7938756009453
            ],
            [
              -87.6788207598279,
              41.7938756912438
            ],
            [
              -87.6787361187771,
              41.7938766936319
            ],
            [
              -87.678315048784,
              41.7938816786662
            ],
            [
              -87.6778903852026,
              41.7938858427914
            ],
            [
              -87.6773783237402,
              41.7938908784788
            ],
            [
              -87.6769658869559,
              41.7938956331595
            ],
            [
              -87.6769039569965,
              41.7938963468261
            ],
            [
              -87.6767411156844,
              41.7938982548999
            ],
            [
              -87.6762411839883,
              41.7939041111712
            ],
            [
              -87.6758610180497,
              41.7939083702746
            ],
            [
              -87.6757790680129,
              41.7939092881883
            ],
            [
              -87.6755256330406,
              41.7939126202765
            ],
            [
              -87.6754039033839,
              41.7939142204111
            ],
            [
              -87.6750030097274,
              41.7939176595395
            ],
            [
              -87.6746412484204,
              41.793920772523
            ],
            [
              -87.674306320319,
              41.7939241521942
            ],
            [
              -87.67405517438,
              41.7939266859769
            ],
            [
              -87.6736297277055,
              41.7939320647844
            ],
            [
              -87.6733421112427,
              41.7939356817699
            ],
            [
              -87.6730833392306,
              41.7939372980288
            ],
            [
              -87.6728180759071,
              41.7939389543193
            ],
            [
              -87.6723922260243,
              41.7939442987818
            ],
            [
              -87.6720054359042,
              41.7939492079027
            ],
            [
              -87.6718796375824,
              41.7939505739603
            ],
            [
              -87.6715049580812,
              41.793954640847
            ],
            [
              -87.6712173840673,
              41.7939576764563
            ],
            [
              -87.6709551162441,
              41.7939604456196
            ],
            [
              -87.6708566227459,
              41.7939617193595
            ],
            [
              -87.67066474772,
              41.7939642008476
            ],
            [
              -87.6705309882074,
              41.7939659303237
            ],
            [
              -87.6704043860727,
              41.7939670384768
            ],
            [
              -87.670204654444,
              41.7939687397608
            ],
            [
              -87.6699784435376,
              41.7939706994402
            ],
            [
              -87.6697656551986,
              41.7939725166649
            ],
            [
              -87.6695654096109,
              41.7939742687543
            ],
            [
              -87.6694484732753,
              41.7939766658086
            ],
            [
              -87.6693074429262,
              41.7939795563083
            ],
            [
              -87.6691824886231,
              41.7939808921825
            ],
            [
              -87.6689659549383,
              41.7939832076867
            ],
            [
              -87.6687717930523,
              41.7939853228904
            ],
            [
              -87.6685721301627,
              41.7939874608191
            ],
            [
              -87.6683910248777,
              41.7939894313901
            ],
            [
              -87.6682360012987,
              41.793990580381
            ],
            [
              -87.6681103914167,
              41.7939915114508
            ],
            [
              -87.6679815128764,
              41.7939928781799
            ],
            [
              -87.6678586495499,
              41.7939941426703
            ],
            [
              -87.6676651491755,
              41.7939961497895
            ],
            [
              -87.6674909393477,
              41.7939979667974
            ],
            [
              -87.6672845283645,
              41.7940001454291
            ],
            [
              -87.667135405099,
              41.794001695976
            ],
            [
              -87.6670213313903,
              41.7940040415716
            ],
            [
              -87.6668512120782,
              41.7940075394328
            ],
            [
              -87.6667347240983,
              41.7940093334056
            ],
            [
              -87.6665351321762,
              41.794011687748
            ],
            [
              -87.6663284277799,
              41.7940138632329
            ],
            [
              -87.6661284702812,
              41.7940161049746
            ],
            [
              -87.6659157460872,
              41.7940188210539
            ],
            [
              -87.6657990076684,
              41.7940199718318
            ],
            [
              -87.6656705338266,
              41.7940212381531
            ],
            [
              -87.6655159478848,
              41.7940226448025
            ],
            [
              -87.6653091365687,
              41.7940245159599
            ],
            [
              -87.6651979380561,
              41.7940254971858
            ],
            [
              -87.6650635601507,
              41.7940266826599
            ],
            [
              -87.664837643146,
              41.7940285241529
            ],
            [
              -87.6645875675151,
              41.7940322010024
            ],
            [
              -87.6643054549364,
              41.7940363482648
            ],
            [
              -87.6641182554804,
              41.7940389352356
            ],
            [
              -87.6639763889605,
              41.7940408801632
            ],
            [
              -87.6637948575524,
              41.7940450089903
            ],
            [
              -87.6635937123175,
              41.7940521245007
            ],
            [
              -87.6634501917243,
              41.7940579562958
            ],
            [
              -87.6633763161964,
              41.7940597096599
            ],
            [
              -87.6632394971128,
              41.7940629570111
            ],
            [
              -87.663091981417,
              41.7940650602682
            ],
            [
              -87.662930932372,
              41.7940673039015
            ],
            [
              -87.6627823907727,
              41.7940693184454
            ],
            [
              -87.6625946781047,
              41.7940718724944
            ],
            [
              -87.6624334090173,
              41.7940741141453
            ],
            [
              -87.6623572264362,
              41.7940751631924
            ],
            [
              -87.662285087126,
              41.794076156772
            ],
            [
              -87.6621643526571,
              41.7940781290463
            ],
            [
              -87.6620202718966,
              41.7940804823388
            ],
            [
              -87.6619045193957,
              41.7940820561678
            ],
            [
              -87.66169777147,
              41.7940848539759
            ],
            [
              -87.6615039340666,
              41.7940874527622
            ],
            [
              -87.6612983962041,
              41.794090257477
            ],
            [
              -87.6610877985106,
              41.7940929770546
            ],
            [
              -87.6609515399341,
              41.7940952092999
            ],
            [
              -87.6606731164882,
              41.7940997704475
            ],
            [
              -87.6604926625368,
              41.7941025282213
            ],
            [
              -87.6602740673072,
              41.7941055013361
            ],
            [
              -87.6602181213785,
              41.7941062569827
            ],
            [
              -87.6598971019043,
              41.7941105919003
            ],
            [
              -87.6597347082985,
              41.7941081035467
            ],
            [
              -87.6595954149518,
              41.7941059688906
            ],
            [
              -87.6593619637277,
              41.7941093471119
            ],
            [
              -87.6590985838294,
              41.7941131529489
            ],
            [
              -87.6588114690746,
              41.7941212371214
            ],
            [
              -87.6585706346527,
              41.7941292631111
            ],
            [
              -87.6582552654241,
              41.794135478472
            ],
            [
              -87.6579904578679,
              41.7941390263924
            ],
            [
              -87.6577336505874,
              41.7941420170098
            ],
            [
              -87.6574854620707,
              41.7941449205451
            ],
            [
              -87.6573068594697,
              41.7941484770296
            ],
            [
              -87.6571290843421,
              41.7941520167016
            ],
            [
              -87.6569029688129,
              41.7941552410048
            ],
            [
              -87.656639406174,
              41.7941589577978
            ],
            [
              -87.6564055149361,
              41.7941622999751
            ],
            [
              -87.6561561479838,
              41.7941656602224
            ],
            [
              -87.6559006566235,
              41.7941690386985
            ],
            [
              -87.65565888196,
              41.7941722779806
            ],
            [
              -87.655320857806,
              41.7941776655663
            ],
            [
              -87.6549933272924,
              41.7941821088899
            ],
            [
              -87.6548799955339,
              41.7941797181291
            ]
          ]
        ]
      },
      "properties": {
        "COMMUNITY": "WEST ENGLEWOOD",
        "AREA_NUMBER": "67",
        "tier": 3,
        "tier_label": "3,000 - 3,500"
      }
    },
    {
      "type": "Feature",
      "geometry": {
        "type": "Polygon",
        "coordinates": [
          [
            [
              -87.6282683318005,
              41.7831681403588
            ],
            [
              -87.6282703088133,
              41.7831681061138
            ],
            [
              -87.6283546229685,
              41.783166635307
            ],
            [
              -87.6287144859493,
              41.7831603582745
            ],
            [
              -87.6289757025986,
              41.7831552805335
            ],
            [
              -87.6289640907251,
              41.7827629790574
            ],
            [
              -87.6289476048955,
              41.7819979347241
            ],
            [
              -87.6289424913371,
              41.7817127713923
            ],
            [
              -87.6289385204411,
              41.7814913105707
            ],
            [
              -87.6289190608686,
              41.7807735319547
            ],
            [
              -87.6289021405157,
              41.7804100841643
            ],
            [
              -87.6288947099535,
              41.7803118204469
            ],
            [
              -87.6287055772332,
              41.7802031667089
            ],
            [
              -87.6286049777651,
              41.7801456879442
            ],
            [
              -87.6285484286123,
              41.780012629344
            ],
            [
              -87.6286438522457,
              41.7800107127404
            ],
            [
              -87.6287711843538,
              41.7800081550181
            ],
            [
              -87.6288478576972,
              41.7800066150272
            ],
            [
              -87.6290883031692,
              41.7800028201977
            ],
            [
              -87.6293569935789,
              41.7800061338669
            ],
            [
              -87.6301554411096,
              41.7799948673317
            ],
            [
              -87.6301540021333,
              41.7799478438844
            ],
            [
              -87.6301500442794,
              41.7798185410613
            ],
            [
              -87.6301475865106,
              41.7796911357636
            ],
            [
              -87.6301383174126,
              41.7794153326778
            ],
            [
              -87.630126105752,
              41.7791336936695
            ],
            [
              -87.6301154469399,
              41.7788911428588
            ],
            [
              -87.6301044594504,
              41.7786484802536
            ],
            [
              -87.6300998225501,
              41.7784926845197
            ],
            [
              -87.6300957847894,
              41.7783570185338
            ],
            [
              -87.6301132778531,
              41.7782217634343
            ],
            [
              -87.6300905945783,
              41.7781826413743
            ],
            [
              -87.6300883952223,
              41.778108744447
            ],
            [
              -87.6300874397513,
              41.7780735466261
            ],
            [
              -87.6300856746791,
              41.7780088602776
            ],
            [
              -87.6300832468477,
              41.7779188628368
            ],
            [
              -87.6300812761299,
              41.7778476641212
            ],
            [
              -87.6300812729479,
              41.7778475526835
            ],
            [
              -87.630066545772,
              41.7773012688713
            ],
            [
              -87.6300631591771,
              41.7771756421699
            ],
            [
              -87.6300631300851,
              41.7771746137056
            ],
            [
              -87.6300610770254,
              41.7771024649514
            ],
            [
              -87.6300502505518,
              41.7770557363801
            ],
            [
              -87.6300424525426,
              41.7770220792978
            ],
            [
              -87.630052243953,
              41.7769728775479
            ],
            [
              -87.630058309407,
              41.7769423992475
            ],
            [
              -87.6300602170312,
              41.7769056450945
            ],
            [
              -87.6300649503431,
              41.7768144469371
            ],
            [
              -87.6300758597549,
              41.7766042471447
            ],
            [
              -87.6300829761439,
              41.7764671307019
            ],
            [
              -87.6300820729464,
              41.7764222834357
            ],
            [
              -87.6300820346498,
              41.7763935729632
            ],
            [
              -87.6300820171934,
              41.7763804051925
            ],
            [
              -87.6300843357245,
              41.7763326135368
            ],
            [
              -87.6300861465847,
              41.7762910214228
            ],
            [
              -87.6300907908185,
              41.7762652535027
            ],
            [
              -87.6300730137105,
              41.775892414869
            ],
            [
              -87.630072237081,
              41.7758715211082
            ],
            [
              -87.6300705769319,
              41.7758268665184
            ],
            [
              -87.630069048235,
              41.7757855827243
            ],
            [
              -87.6300664654756,
              41.7757099067642
            ],
            [
              -87.6300656504045,
              41.7756842097063
            ],
            [
              -87.6300648292475,
              41.7756583314877
            ],
            [
              -87.6300630834933,
              41.7756033251742
            ],
            [
              -87.6300613379572,
              41.7755472252609
            ],
            [
              -87.6300600447264,
              41.7755056646348
            ],
            [
              -87.6300579747289,
              41.775446814325
            ],
            [
              -87.6300464503332,
              41.7753607376389
            ],
            [
              -87.630042202639,
              41.7752126295901
            ],
            [
              -87.6300357374886,
              41.774985582095
            ],
            [
              -87.6300343550567,
              41.7749376582751
            ],
            [
              -87.6300320636938,
              41.7748688722629
            ],
            [
              -87.6300300621707,
              41.7748071134147
            ],
            [
              -87.6300286813443,
              41.7747657210208
            ],
            [
              -87.630026752027,
              41.7747074204229
            ],
            [
              -87.6300248635678,
              41.7746487358734
            ],
            [
              -87.630021986385,
              41.7745419301257
            ],
            [
              -87.6300171432079,
              41.7743621295058
            ],
            [
              -87.6300150480412,
              41.7742552538953
            ],
            [
              -87.630013528762,
              41.7741795569819
            ],
            [
              -87.6299999896271,
              41.7735329731377
            ],
            [
              -87.629997413481,
              41.7734399260822
            ],
            [
              -87.6299944830959,
              41.7733323592679
            ],
            [
              -87.6299918665604,
              41.7732362655213
            ],
            [
              -87.6299847395879,
              41.7730363000765
            ],
            [
              -87.6299816513397,
              41.7729498633519
            ],
            [
              -87.6299788135673,
              41.7728707005386
            ],
            [
              -87.6299771445705,
              41.7728560931462
            ],
            [
              -87.6299612332773,
              41.7727168320307
            ],
            [
              -87.6302722124869,
              41.7727118454304
            ],
            [
              -87.6305247617688,
              41.7727083411599
            ],
            [
              -87.6307507833865,
              41.7727069244295
            ],
            [
              -87.6310445512234,
              41.7727027086555
            ],
            [
              -87.6312585389202,
              41.7714006703911
            ],
            [
              -87.6313646497095,
              41.7690651991894
            ],
            [
              -87.6315814807065,
              41.7690617871751
            ],
            [
              -87.6319951032083,
              41.7690502072166
            ],
            [
              -87.63236223057,
              41.7690398514576
            ],
            [
              -87.6326667695162,
              41.769036308104
            ],
            [
              -87.6327985829931,
              41.7690347740535
            ],
            [
              -87.6330787345461,
              41.769030005412
            ],
            [
              -87.6335520268374,
              41.7690225091818
            ],
            [
              -87.6335464856399,
              41.7688072194258
            ],
            [
              -87.633543792226,
              41.7687008889839
            ],
            [
              -87.6335366352138,
              41.7684217504536
            ],
            [
              -87.6335314935339,
              41.7682202331648
            ],
            [
              -87.6335259069636,
              41.7679990088349
            ],
            [
              -87.6335183783268,
              41.7677001087955
            ],
            [
              -87.6335157322013,
              41.7676130435842
            ],
            [
              -87.6335109026084,
              41.7675278860792
            ],
            [
              -87.6335081641904,
              41.7673616198954
            ],
            [
              -87.6335430791167,
              41.7672015052533
            ],
            [
              -87.6338758251213,
              41.7671966213972
            ],
            [
              -87.6341141324391,
              41.7671928833541
            ],
            [
              -87.6344126034951,
              41.7671881699725
            ],
            [
              -87.6347175076431,
              41.7671789352844
            ],
            [
              -87.6347122662721,
              41.7669553551654
            ],
            [
              -87.6347042235635,
              41.7666627916167
            ],
            [
              -87.634697388841,
              41.7664143088152
            ],
            [
              -87.6346879024639,
              41.766041932286
            ],
            [
              -87.634680987182,
              41.7657671311522
            ],
            [
              -87.6346735962432,
              41.7654955653841
            ],
            [
              -87.6346712439091,
              41.7653636450294
            ],
            [
              -87.6346687193201,
              41.7652220938825
            ],
            [
              -87.6346659337722,
              41.7650801692928
            ],
            [
              -87.6346638613112,
              41.7649738425825
            ],
            [
              -87.6346598466553,
              41.7647966188377
            ],
            [
              -87.6346574578319,
              41.7646991817244
            ],
            [
              -87.6346527574448,
              41.764503978647
            ],
            [
              -87.6346508965969,
              41.7644153813803
            ],
            [
              -87.6346501015682,
              41.764373992526
            ],
            [
              -87.6346485096451,
              41.7642874002306
            ],
            [
              -87.6346832938126,
              41.7641421913844
            ],
            [
              -87.6347375697728,
              41.7639978145641
            ],
            [
              -87.6347910820145,
              41.7638562048123
            ],
            [
              -87.6348484901701,
              41.7637033945357
            ],
            [
              -87.6348486904552,
              41.7636106110132
            ],
            [
              -87.6347158044953,
              41.7635794486316
            ],
            [
              -87.6346936340587,
              41.7635742494879
            ],
            [
              -87.6346694860226,
              41.7635685866024
            ],
            [
              -87.6346226922696,
              41.7635576129899
            ],
            [
              -87.6344870179988,
              41.763525796709
            ],
            [
              -87.6344606869432,
              41.7634872278846
            ],
            [
              -87.6344439428226,
              41.7634629487573
            ],
            [
              -87.6344375356615,
              41.7634284962747
            ],
            [
              -87.6344446203008,
              41.7634005200806
            ],
            [
              -87.6344655743628,
              41.7633509757352
            ],
            [
              -87.6344938763267,
              41.7633099559641
            ],
            [
              -87.6345639829008,
              41.7631726734581
            ],
            [
              -87.6345994763505,
              41.7630769486336
            ],
            [
              -87.6346155219132,
              41.7630034441181
            ],
            [
              -87.6346092449466,
              41.7627542781989
            ],
            [
              -87.6346010090574,
              41.7624694524566
            ],
            [
              -87.6345939973581,
              41.7622204469778
            ],
            [
              -87.6345844656356,
              41.7618996630035
            ],
            [
              -87.6345805909073,
              41.7617248731099
            ],
            [
              -87.6345796271798,
              41.7616814033054
            ],
            [
              -87.6345762952856,
              41.7615311084839
            ],
            [
              -87.6345711356671,
              41.7613174882527
            ],
            [
              -87.6345647426154,
              41.761055396175
            ],
            [
              -87.6345589391091,
              41.7608065351972
            ],
            [
              -87.6345513082078,
              41.7604626005353
            ],
            [
              -87.6345421532477,
              41.7601172569899
            ],
            [
              -87.6345362191612,
              41.759908044007
            ],
            [
              -87.6347884966816,
              41.7599040958466
            ],
            [
              -87.6350572788609,
              41.7598996922713
            ],
            [
              -87.6354384922748,
              41.7598935560852
            ],
            [
              -87.6357526608621,
              41.7598881375692
            ],
            [
              -87.6357465349897,
              41.7596855427231
            ],
            [
              -87.6357384967323,
              41.7593414134896
            ],
            [
              -87.6357269463566,
              41.7588782151322
            ],
            [
              -87.6357197173925,
              41.7585812378583
            ],
            [
              -87.6357137350048,
              41.7582605024884
            ],
            [
              -87.6357074487065,
              41.7580653958085
            ],
            [
              -87.6358405549469,
              41.7580634673318
            ],
            [
              -87.6359341783288,
              41.7580621102621
            ],
            [
              -87.636234914995,
              41.7580574865064
            ],
            [
              -87.6364347644777,
              41.7580550218065
            ],
            [
              -87.6364875481731,
              41.7580543710275
            ],
            [
              -87.6365973004752,
              41.7580523845501
            ],
            [
              -87.6366570885672,
              41.7580511589759
            ],
            [
              -87.6367594850806,
              41.7580490596812
            ],
            [
              -87.6368765875235,
              41.7580476380932
            ],
            [
              -87.6369554705609,
              41.7580466801462
            ],
            [
              -87.6372027297413,
              41.7580436778909
            ],
            [
              -87.6375354876663,
              41.7580367471524
            ],
            [
              -87.6376774423359,
              41.758033001264
            ],
            [
              -87.6378992079403,
              41.7580271487922
            ],
            [
              -87.6381848201225,
              41.758024705605
            ],
            [
              -87.6384451833777,
              41.7580211314811
            ],
            [
              -87.6385983072849,
              41.7580190288831
            ],
            [
              -87.6388479541085,
              41.7580073929738
            ],
            [
              -87.6392792661943,
              41.7579869059902
            ],
            [
              -87.6392796749693,
              41.7574387341683
            ],
            [
              -87.6392808434049,
              41.757202731253
            ],
            [
              -87.6392878416721,
              41.7569358901454
            ],
            [
              -87.639300795174,
              41.7566690849987
            ],
            [
              -87.6393197034731,
              41.7564023155337
            ],
            [
              -87.6393293501979,
              41.7562723627485
            ],
            [
              -87.639340594378,
              41.7561648704734
            ],
            [
              -87.6394444534017,
              41.7561627416636
            ],
            [
              -87.6395060018507,
              41.756161479954
            ],
            [
              -87.6396178149688,
              41.7561591879841
            ],
            [
              -87.6397114400975,
              41.7561572688272
            ],
            [
              -87.6399057984762,
              41.7561536153399
            ],
            [
              -87.640288283397,
              41.7561464245668
            ],
            [
              -87.6405267821379,
              41.756142625181
            ],
            [
              -87.6405860240326,
              41.7561416815936
            ],
            [
              -87.6407356382842,
              41.756139297562
            ],
            [
              -87.6410234648332,
              41.7561346380411
            ],
            [
              -87.6411359047766,
              41.7561327704442
            ],
            [
              -87.6415387479995,
              41.7561260785181
            ],
            [
              -87.6417455871806,
              41.7561232978538
            ],
            [
              -87.6420322398439,
              41.7561194435227
            ],
            [
              -87.6423572333832,
              41.7561142114539
            ],
            [
              -87.6424342878079,
              41.7561129706249
            ],
            [
              -87.6427847634978,
              41.7561070093817
            ],
            [
              -87.6429647556139,
              41.7561039564851
            ],
            [
              -87.6432674232754,
              41.756098822326
            ],
            [
              -87.6433971079676,
              41.756097272614
            ],
            [
              -87.6435598578329,
              41.7560950897459
            ],
            [
              -87.643647334133,
              41.7560934293205
            ],
            [
              -87.644089266253,
              41.7560850393303
            ],
            [
              -87.6441894283504,
              41.7560962488078
            ],
            [
              -87.6441933608605,
              41.756272687985
            ],
            [
              -87.6441983719182,
              41.756486032423
            ],
            [
              -87.644207956923,
              41.7568302531847
            ],
            [
              -87.644215052851,
              41.757067979787
            ],
            [
              -87.644222071937,
              41.7574122122916
            ],
            [
              -87.6442267829849,
              41.7575710807629
            ],
            [
              -87.6442280977104,
              41.7576198274557
            ],
            [
              -87.6442312236896,
              41.7577490205081
            ],
            [
              -87.6442357039012,
              41.7579341294249
            ],
            [
              -87.6442372642172,
              41.7579985656646
            ],
            [
              -87.6442383432242,
              41.7580431728071
            ],
            [
              -87.6442389853742,
              41.7580696882624
            ],
            [
              -87.6442409673046,
              41.7581515860039
            ],
            [
              -87.6443325512364,
              41.7581150866345
            ],
            [
              -87.644436568557,
              41.7581133096533
            ],
            [
              -87.6455106198385,
              41.7580974469072
            ],
            [
              -87.6456856773344,
              41.7580930061764
            ],
            [
              -87.646531075354,
              41.7580809109851
            ],
            [
              -87.6466674467855,
              41.7581153402335
            ],
            [
              -87.6467959927925,
              41.7581133674172
            ],
            [
              -87.6479548130387,
              41.7580962739548
            ],
            [
              -87.6481128830657,
              41.7580951582907
            ],
            [
              -87.6485912609832,
              41.7580877192028
            ],
            [
              -87.6488684804609,
              41.758083539406
            ],
            [
              -87.6489624148343,
              41.7580820407468
            ],
            [
              -87.6490907158629,
              41.7580800696664
            ],
            [
              -87.6490909387379,
              41.7580800663284
            ],
            [
              -87.649603008159,
              41.7580714471291
            ],
            [
              -87.6499746057929,
              41.7580671401948
            ],
            [
              -87.6503173532761,
              41.7580616314402
            ],
            [
              -87.6504616907801,
              41.7580594020671
            ],
            [
              -87.6510316982347,
              41.7580518113081
            ],
            [
              -87.6515144247393,
              41.7580443899875
            ],
            [
              -87.6516108819784,
              41.7580429000176
            ],
            [
              -87.652539222742,
              41.7580288514593
            ],
            [
              -87.6527403808239,
              41.7580255840201
            ],
            [
              -87.653175233733,
              41.7580182107679
            ],
            [
              -87.6537484547006,
              41.7580099394759
            ],
            [
              -87.6539385583615,
              41.7580072914507
            ],
            [
              -87.6539391980137,
              41.7580305304205
            ],
            [
              -87.6539400265806,
              41.758060634557
            ],
            [
              -87.6539444480783,
              41.758221778708
            ],
            [
              -87.6539492078961,
              41.7583959877347
            ],
            [
              -87.6539520168937,
              41.7585814094173
            ],
            [
              -87.6539535810537,
              41.7586902576983
            ],
            [
              -87.6539544714184,
              41.7587517902213
            ],
            [
              -87.6539551105561,
              41.7588649415838
            ],
            [
              -87.6539589010783,
              41.7590302807633
            ],
            [
              -87.6539669609153,
              41.7591939434411
            ],
            [
              -87.6539721662662,
              41.7593537203182
            ],
            [
              -87.6539741146149,
              41.7594956122519
            ],
            [
              -87.6539790514365,
              41.7596041577281
            ],
            [
              -87.6539855399429,
              41.7597468108764
            ],
            [
              -87.6539869350009,
              41.7599133982447
            ],
            [
              -87.65398684895,
              41.7601578601319
            ],
            [
              -87.6539926028277,
              41.7603698914524
            ],
            [
              -87.6539975955755,
              41.760517344851
            ],
            [
              -87.6540032785603,
              41.7606851924864
            ],
            [
              -87.6540096063292,
              41.7608845210652
            ],
            [
              -87.6540145588954,
              41.7610404815464
            ],
            [
              -87.6540227642249,
              41.7612981101698
            ],
            [
              -87.6540262478074,
              41.7614246337161
            ],
            [
              -87.6540328611594,
              41.7616648359288
            ],
            [
              -87.6540381432111,
              41.7618833958387
            ],
            [
              -87.6540443695288,
              41.7621410127225
            ],
            [
              -87.6540471107175,
              41.7623354629064
            ],
            [
              -87.6540482692363,
              41.7624176612847
            ],
            [
              -87.6540531253238,
              41.7625723587748
            ],
            [
              -87.6540597897429,
              41.762784971691
            ],
            [
              -87.6540661940829,
              41.7629909692976
            ],
            [
              -87.6540721175875,
              41.7631800042785
            ],
            [
              -87.6540745587357,
              41.7632456192867
            ],
            [
              -87.6540815989961,
              41.7634348411619
            ],
            [
              -87.6540839346859,
              41.7635956709548
            ],
            [
              -87.6540864226465,
              41.7637629507484
            ],
            [
              -87.6540885993484,
              41.7639110185978
            ],
            [
              -87.6540944758661,
              41.7640732414609
            ],
            [
              -87.6540970988527,
              41.7641527590586
            ],
            [
              -87.6540991137212,
              41.7642138593575
            ],
            [
              -87.6541014828361,
              41.7643229043913
            ],
            [
              -87.6541048381113,
              41.7644774285725
            ],
            [
              -87.6541092502157,
              41.7646051872575
            ],
            [
              -87.6541176256358,
              41.7649192812322
            ],
            [
              -87.6541214432559,
              41.7650649363595
            ],
            [
              -87.6541492520249,
              41.7661259444228
            ],
            [
              -87.6541668541353,
              41.7667716996307
            ],
            [
              -87.6541691934076,
              41.7668799044093
            ],
            [
              -87.6541713376192,
              41.7669791127713
            ],
            [
              -87.6541897361066,
              41.7676954010508
            ],
            [
              -87.6542125743395,
              41.7685815875127
            ],
            [
              -87.6542168454497,
              41.768700611269
            ],
            [
              -87.6542223201302,
              41.7688531659273
            ],
            [
              -87.6542310393499,
              41.7691842346284
            ],
            [
              -87.6542631011771,
              41.7704016296823
            ],
            [
              -87.6542671670261,
              41.7705221964023
            ],
            [
              -87.6542711433603,
              41.7706401291635
            ],
            [
              -87.6542797684143,
              41.7709735572982
            ],
            [
              -87.6542904844017,
              41.7713524982059
            ],
            [
              -87.6542926422451,
              41.7714344830921
            ],
            [
              -87.6543047500704,
              41.7718680162454
            ],
            [
              -87.6543051829978,
              41.7718865441752
            ],
            [
              -87.654311923799,
              41.7721749807165
            ],
            [
              -87.6543154196221,
              41.7723407812776
            ],
            [
              -87.6543248530347,
              41.7727882151529
            ],
            [
              -87.6543306417702,
              41.7730627612582
            ],
            [
              -87.6543403284589,
              41.7734234189351
            ],
            [
              -87.6543511017901,
              41.7738271135602
            ],
            [
              -87.6543603312251,
              41.7741615879112
            ],
            [
              -87.6543634614651,
              41.7742750281242
            ],
            [
              -87.6543810935816,
              41.7749669141707
            ],
            [
              -87.6543977848122,
              41.7755947427418
            ],
            [
              -87.6544038770468,
              41.775823899878
            ],
            [
              -87.654407779927,
              41.775981445706
            ],
            [
              -87.6544117452829,
              41.7761415161005
            ],
            [
              -87.6544507794394,
              41.7776442476077
            ],
            [
              -87.6544573754337,
              41.7778000120615
            ],
            [
              -87.6544621683016,
              41.7779132007694
            ],
            [
              -87.6544709946023,
              41.7782143018912
            ],
            [
              -87.6544721445842,
              41.7782533874208
            ],
            [
              -87.654480295866,
              41.7785304445289
            ],
            [
              -87.6544939864698,
              41.7790516949094
            ],
            [
              -87.6544950340554,
              41.7790915921388
            ],
            [
              -87.6544970203635,
              41.7791672127076
            ],
            [
              -87.6545048069261,
              41.7794636763504
            ],
            [
              -87.6545077215472,
              41.7796162660827
            ],
            [
              -87.6545102871445,
              41.7797505696259
            ],
            [
              -87.6545184878434,
              41.780073130886
            ],
            [
              -87.654528945233,
              41.7804844487331
            ],
            [
              -87.6545517207292,
              41.7813285628276
            ],
            [
              -87.6545557720459,
              41.7814352321337
            ],
            [
              -87.6545603294923,
              41.7815552372944
            ],
            [
              -87.6545772439352,
              41.7823501937874
            ],
            [
              -87.6545974353591,
              41.783147419849
            ],
            [
              -87.6546001019043,
              41.7832531563875
            ],
            [
              -87.6546034851658,
              41.7833873066048
            ],
            [
              -87.6546119014369,
              41.7837062151828
            ],
            [
              -87.6546221895677,
              41.7840960478141
            ],
            [
              -87.6546444742494,
              41.7849834359221
            ],
            [
              -87.6546472423212,
              41.78507183817
            ],
            [
              -87.6546500790963,
              41.785143817894
            ],
            [
              -87.6546560379441,
              41.7854097747805
            ],
            [
              -87.6546627773877,
              41.7857094635854
            ],
            [
              -87.6546686255484,
              41.7859685041821
            ],
            [
              -87.6546751871376,
              41.7862607274399
            ],
            [
              -87.6546791992309,
              41.7864391255558
            ],
            [
              -87.654681926707,
              41.7865604162008
            ],
            [
              -87.6546861843429,
              41.7868033932717
            ],
            [
              -87.6546901730915,
              41.7868937859998
            ],
            [
              -87.6546953586632,
              41.7870112999207
            ],
            [
              -87.6546996559818,
              41.7872226355557
            ],
            [
              -87.6547020774029,
              41.7873506646239
            ],
            [
              -87.6547070794111,
              41.7876175002391
            ],
            [
              -87.6547138998093,
              41.7878759926947
            ],
            [
              -87.6547154025535,
              41.7879150302951
            ],
            [
              -87.6547161567323,
              41.7879346133281
            ],
            [
              -87.65472096999,
              41.7880596597462
            ],
            [
              -87.6547289577321,
              41.788279304893
            ],
            [
              -87.6547351520469,
              41.788449926448
            ],
            [
              -87.6547419937939,
              41.788639130379
            ],
            [
              -87.6547432059748,
              41.7887143450323
            ],
            [
              -87.6547446532303,
              41.7888041604119
            ],
            [
              -87.6547468782061,
              41.7889130669078
            ],
            [
              -87.6547504318194,
              41.7890837826165
            ],
            [
              -87.6547555086098,
              41.7893012699837
            ],
            [
              -87.6547623502356,
              41.7895808984432
            ],
            [
              -87.6547674948031,
              41.7897919645585
            ],
            [
              -87.6547730114304,
              41.7900163975442
            ],
            [
              -87.6547783398679,
              41.7902344077768
            ],
            [
              -87.6547835827741,
              41.7904500299657
            ],
            [
              -87.6547857596576,
              41.7905308552259
            ],
            [
              -87.6547882471621,
              41.7906232220478
            ],
            [
              -87.6547920608101,
              41.7907657828542
            ],
            [
              -87.6547969717282,
              41.790950338006
            ],
            [
              -87.6548018928022,
              41.7911339321624
            ],
            [
              -87.6548066249388,
              41.7913111038398
            ],
            [
              -87.6548110242425,
              41.79147463444
            ],
            [
              -87.6548164654488,
              41.7916784573197
            ],
            [
              -87.6548217500501,
              41.7918762692792
            ],
            [
              -87.6548233893929,
              41.7919378333123
            ],
            [
              -87.6548275798481,
              41.7920954075588
            ],
            [
              -87.6548320547992,
              41.7922622042839
            ],
            [
              -87.6548343794656,
              41.7923538870628
            ],
            [
              -87.6548392031889,
              41.7925440847238
            ],
            [
              -87.6548449522149,
              41.7927639360149
            ],
            [
              -87.6548507311984,
              41.7929879039037
            ],
            [
              -87.6548571237807,
              41.7932232367519
            ],
            [
              -87.6548588814839,
              41.793288325956
            ],
            [
              -87.6548629783593,
              41.7934400424825
            ],
            [
              -87.6548683353729,
              41.793697076497
            ],
            [
              -87.6548703905898,
              41.7938098304831
            ],
            [
              -87.6548733236375,
              41.7939579223303
            ],
            [
              -87.6548765722616,
              41.7940739704649
            ],
            [
              -87.6548799955339,
              41.7941797181291
            ],
            [
              -87.6546800774396,
              41.7941755009809
            ],
            [
              -87.6545067283471,
              41.7941791143339
            ],
            [
              -87.6543040355006,
              41.7941833232038
            ],
            [
              -87.6540094230226,
              41.7941894297786
            ],
            [
              -87.6538499547953,
              41.7941947518595
            ],
            [
              -87.6537893879082,
              41.7941967728939
            ],
            [
              -87.6536662183134,
              41.7941992330906
            ],
            [
              -87.6534448934643,
              41.7942036534839
            ],
            [
              -87.653301555298,
              41.7942059884336
            ],
            [
              -87.6531050722394,
              41.7942090239126
            ],
            [
              -87.652841474929,
              41.7942125122422
            ],
            [
              -87.652661576849,
              41.7942148718653
            ],
            [
              -87.652599333919,
              41.7942156880281
            ],
            [
              -87.6524552328552,
              41.7942180294757
            ],
            [
              -87.6521563353636,
              41.794222884967
            ],
            [
              -87.6518466712188,
              41.7942270599923
            ],
            [
              -87.6514548852691,
              41.7942323033185
            ],
            [
              -87.6513735741122,
              41.794233390655
            ],
            [
              -87.6512902206496,
              41.7942344825486
            ],
            [
              -87.6512442871935,
              41.7942350841547
            ],
            [
              -87.6510087849755,
              41.7942381678472
            ],
            [
              -87.650715874859,
              41.794242766728
            ],
            [
              -87.6501545587996,
              41.7942512583478
            ],
            [
              -87.6500221206512,
              41.7942475960173
            ],
            [
              -87.6498662560897,
              41.7942432861927
            ],
            [
              -87.6493046107302,
              41.7942551466216
            ],
            [
              -87.6486129790511,
              41.7942724316833
            ],
            [
              -87.6481332393138,
              41.7942791762084
            ],
            [
              -87.6478002502711,
              41.7942834190931
            ],
            [
              -87.6476044887463,
              41.794286391838
            ],
            [
              -87.6474253297833,
              41.7942891121126
            ],
            [
              -87.6465477778091,
              41.7943023106657
            ],
            [
              -87.646288394028,
              41.7943060835746
            ],
            [
              -87.6457115213144,
              41.7943083401353
            ],
            [
              -87.6453065206727,
              41.7943079734131
            ],
            [
              -87.6451661065989,
              41.7943096903003
            ],
            [
              -87.6449495102952,
              41.7943123385893
            ],
            [
              -87.6441615622016,
              41.7943275377281
            ],
            [
              -87.6434623846798,
              41.7943404105335
            ],
            [
              -87.6429870263392,
              41.7943488550195
            ],
            [
              -87.6429354926217,
              41.7943497591161
            ],
            [
              -87.6427341163087,
              41.794354158831
            ],
            [
              -87.6426153452058,
              41.794356753544
            ],
            [
              -87.6420869565687,
              41.794365430607
            ],
            [
              -87.6416104667221,
              41.7943733474848
            ],
            [
              -87.641086606747,
              41.7943824390984
            ],
            [
              -87.6408592123423,
              41.7943863848253
            ],
            [
              -87.6404870739889,
              41.7943924287236
            ],
            [
              -87.6403798600153,
              41.7943944327482
            ],
            [
              -87.640326193783,
              41.7943954364238
            ],
            [
              -87.640163218812,
              41.7943984828512
            ],
            [
              -87.6400891647489,
              41.7943998672441
            ],
            [
              -87.6399917334908,
              41.7944016884445
            ],
            [
              -87.6399402819502,
              41.7944026501464
            ],
            [
              -87.6399105929798,
              41.794403205037
            ],
            [
              -87.6398119648701,
              41.7944050482241
            ],
            [
              -87.6394460417089,
              41.794411886712
            ],
            [
              -87.6389456608099,
              41.7944213771225
            ],
            [
              -87.6385966215994,
              41.7944277740615
            ],
            [
              -87.6380958439546,
              41.7944366274592
            ],
            [
              -87.6378639163656,
              41.7944415390146
            ],
            [
              -87.6375990087121,
              41.7944471485717
            ],
            [
              -87.6366446437802,
              41.7944620016541
            ],
            [
              -87.635997406508,
              41.79447346999
            ],
            [
              -87.6354632422907,
              41.7944838875339
            ],
            [
              -87.6354162177789,
              41.7944848046726
            ],
            [
              -87.6354100570493,
              41.7944849250401
            ],
            [
              -87.6353678775629,
              41.7944857475528
            ],
            [
              -87.6351422183621,
              41.7944901475056
            ],
            [
              -87.6342178670102,
              41.7945067723562
            ],
            [
              -87.6340338844038,
              41.7945100804318
            ],
            [
              -87.6338172730907,
              41.7945125599932
            ],
            [
              -87.6336370057065,
              41.7945147874026
            ],
            [
              -87.6335714649191,
              41.7945155523103
            ],
            [
              -87.633200247336,
              41.7945177362092
            ],
            [
              -87.6330041826274,
              41.7945223982215
            ],
            [
              -87.632689494363,
              41.7945298804323
            ],
            [
              -87.6323492253769,
              41.7945355882076
            ],
            [
              -87.6321460261203,
              41.7945389960878
            ],
            [
              -87.6320466391565,
              41.7945394659864
            ],
            [
              -87.6317873775166,
              41.7945406917557
            ],
            [
              -87.6316688398119,
              41.7945412521155
            ],
            [
              -87.6315735291495,
              41.7945417023197
            ],
            [
              -87.6314028173409,
              41.7945425087194
            ],
            [
              -87.6311707574525,
              41.7945436045683
            ],
            [
              -87.6309723234305,
              41.7945487782768
            ],
            [
              -87.6308842422806,
              41.7945510748305
            ],
            [
              -87.6307743288353,
              41.794553940334
            ],
            [
              -87.6306776181306,
              41.7945564613996
            ],
            [
              -87.6305189978807,
              41.7945710536308
            ],
            [
              -87.6303937393947,
              41.7945849565267
            ],
            [
              -87.6302104031097,
              41.7945894880293
            ],
            [
              -87.6298466818554,
              41.794590030763
            ],
            [
              -87.6297274980398,
              41.7945902083724
            ],
            [
              -87.6295716713643,
              41.7945909382876
            ],
            [
              -87.6293466762435,
              41.7945919916772
            ],
            [
              -87.6288916025107,
              41.7945996574394
            ],
            [
              -87.6286340596886,
              41.7946054772685
            ],
            [
              -87.6285611479124,
              41.7946071246868
            ],
            [
              -87.6285512974028,
              41.7942509698321
            ],
            [
              -87.6285483065277,
              41.7941469269321
            ],
            [
              -87.628532562245,
              41.7935756762209
            ],
            [
              -87.6285048899342,
              41.7925868779815
            ],
            [
              -87.6284784130669,
              41.7916982533092
            ],
            [
              -87.6284672259964,
              41.7911712819125
            ],
            [
              -87.628464025822,
              41.7910450251513
            ],
            [
              -87.6284613524204,
              41.7909535955037
            ],
            [
              -87.6284587441343,
              41.7908576955387
            ],
            [
              -87.6284369491065,
              41.7900438808366
            ],
            [
              -87.6284088488386,
              41.7899603177951
            ],
            [
              -87.6284316825744,
              41.7898551788664
            ],
            [
              -87.6283653572911,
              41.7874161302799
            ],
            [
              -87.6283627363857,
              41.7873203306183
            ],
            [
              -87.6283601324125,
              41.787223655357
            ],
            [
              -87.6283513689097,
              41.7868939437987
            ],
            [
              -87.6283497616511,
              41.7868315013986
            ],
            [
              -87.6283160768757,
              41.785597051314
            ],
            [
              -87.6283134444772,
              41.7855027123354
            ],
            [
              -87.6283108255478,
              41.7854069771443
            ],
            [
              -87.6282707159409,
              41.7839224140128
            ],
            [
              -87.6282527215163,
              41.7832640172803
            ],
            [
              -87.6282683318005,
              41.7831681403588
            ]
          ]
        ]
      },
      "properties": {
        "COMMUNITY": "ENGLEWOOD",
        "AREA_NUMBER": "68",
        "tier": 3,
        "tier_label": "3,000 - 3,500"
      }
    },
    {
      "type": "Feature",
      "geometry": {
        "type": "Polygon",
        "coordinates": [
          [
            [
              -87.6156280663563,
              41.7802469760379
            ],
            [
              -87.6156252744859,
              41.7801385970274
            ],
            [
              -87.6156250319625,
              41.7801291762869
            ],
            [
              -87.6156247089703,
              41.7801166476845
            ],
            [
              -87.6156234782001,
              41.7799869997506
            ],
            [
              -87.6156202965886,
              41.7798320647173
            ],
            [
              -87.6156202940859,
              41.7798319274872
            ],
            [
              -87.6156202683802,
              41.7798307146249
            ],
            [
              -87.6156182605729,
              41.7797329400499
            ],
            [
              -87.615614781371,
              41.7795635289423
            ],
            [
              -87.6156100871032,
              41.7793597635282
            ],
            [
              -87.6156081817119,
              41.7792691472423
            ],
            [
              -87.6156066613307,
              41.7791968410684
            ],
            [
              -87.6156044856195,
              41.7790911108342
            ],
            [
              -87.6156031897848,
              41.7790281278657
            ],
            [
              -87.6156011732127,
              41.7789320958465
            ],
            [
              -87.6155989272936,
              41.7788251335313
            ],
            [
              -87.6155972367613,
              41.7787470778239
            ],
            [
              -87.6155947886445,
              41.7786340501836
            ],
            [
              -87.6155879744623,
              41.7784306279753
            ],
            [
              -87.6155863449541,
              41.7783819859491
            ],
            [
              -87.6155849790022,
              41.7783412065892
            ],
            [
              -87.6155785323135,
              41.7781487583399
            ],
            [
              -87.6155744596161,
              41.7779778730863
            ],
            [
              -87.6155731186205,
              41.7779215079548
            ],
            [
              -87.6155683951713,
              41.7777229729178
            ],
            [
              -87.6155633860312,
              41.7775113293557
            ],
            [
              -87.6155633847857,
              41.7775112766576
            ],
            [
              -87.6155542744193,
              41.7771283889514
            ],
            [
              -87.6155456406291,
              41.7767650731891
            ],
            [
              -87.6155432773404,
              41.7766783132979
            ],
            [
              -87.6155414598443,
              41.7766115857511
            ],
            [
              -87.6155404848169,
              41.7765757984913
            ],
            [
              -87.6155400139694,
              41.7765585144726
            ],
            [
              -87.6155283160144,
              41.7761290577456
            ],
            [
              -87.6155220712853,
              41.7758671035383
            ],
            [
              -87.6155176036594,
              41.7756575805116
            ],
            [
              -87.6155147534843,
              41.7755239115769
            ],
            [
              -87.6155086285393,
              41.7752512550772
            ],
            [
              -87.6155010705851,
              41.7749788920315
            ],
            [
              -87.6155001394519,
              41.7749288478894
            ],
            [
              -87.6154994447094,
              41.7748915337996
            ],
            [
              -87.6154994241401,
              41.7748904194884
            ],
            [
              -87.6154976229663,
              41.7747936310464
            ],
            [
              -87.6154950416609,
              41.7746548906728
            ],
            [
              -87.6154879593053,
              41.7743398839925
            ],
            [
              -87.6154809554541,
              41.7740277044067
            ],
            [
              -87.6154753016248,
              41.7737752490475
            ],
            [
              -87.6154691797209,
              41.7735023732142
            ],
            [
              -87.6154675849071,
              41.7734313683946
            ],
            [
              -87.6154633004409,
              41.7732405858272
            ],
            [
              -87.6154574327475,
              41.7730418719587
            ],
            [
              -87.6154555351325,
              41.7729776076949
            ],
            [
              -87.6145642490818,
              41.7723282226691
            ],
            [
              -87.6142769687659,
              41.7721197522524
            ],
            [
              -87.6136305240777,
              41.7716504643668
            ],
            [
              -87.6135040505827,
              41.7715586712337
            ],
            [
              -87.6133555774698,
              41.77145090552
            ],
            [
              -87.6129921853974,
              41.7711882043054
            ],
            [
              -87.6128704752348,
              41.771100217308
            ],
            [
              -87.6128256720719,
              41.7710678280986
            ],
            [
              -87.6126211483532,
              41.7709209055831
            ],
            [
              -87.6124909579377,
              41.7708274139914
            ],
            [
              -87.6121891904453,
              41.7706112811298
            ],
            [
              -87.6118385046098,
              41.7703601090359
            ],
            [
              -87.6115972657918,
              41.770186032584
            ],
            [
              -87.6113560652419,
              41.77001192842
            ],
            [
              -87.6111423910566,
              41.7698577831441
            ],
            [
              -87.6109106829516,
              41.7696905710017
            ],
            [
              -87.6105225623785,
              41.7694138943959
            ],
            [
              -87.6100698509688,
              41.7690911684045
            ],
            [
              -87.6097540353632,
              41.7688638457598
            ],
            [
              -87.609568219705,
              41.7687300984429
            ],
            [
              -87.6093074974213,
              41.7685424199238
            ],
            [
              -87.6089445167948,
              41.7682818388157
            ],
            [
              -87.6087489559222,
              41.7681414149693
            ],
            [
              -87.6086274477819,
              41.7680530465593
            ],
            [
              -87.6083658752053,
              41.7678628124487
            ],
            [
              -87.6080843372256,
              41.7676622662548
            ],
            [
              -87.6080289165374,
              41.7676228101855
            ],
            [
              -87.6076921400561,
              41.7673831922801
            ],
            [
              -87.6075613718714,
              41.7672901579488
            ],
            [
              -87.6074493322832,
              41.7672104144167
            ],
            [
              -87.6072715819379,
              41.7670839318166
            ],
            [
              -87.6071781978667,
              41.7670174785318
            ],
            [
              -87.6070751408736,
              41.766944158172
            ],
            [
              -87.6069160833434,
              41.7668309657997
            ],
            [
              -87.6068317179474,
              41.7667709634627
            ],
            [
              -87.6066539700296,
              41.7666444799166
            ],
            [
              -87.6066282243444,
              41.7666261534021
            ],
            [
              -87.6065322963445,
              41.7665578686954
            ],
            [
              -87.6062991310929,
              41.7663919552389
            ],
            [
              -87.6060936758376,
              41.7662457835399
            ],
            [
              -87.6055928957702,
              41.7658763997339
            ],
            [
              -87.6056145871404,
              41.7661806190812
            ],
            [
              -87.605606107542,
              41.7663990110166
            ],
            [
              -87.6056091269235,
              41.7665405262873
            ],
            [
              -87.6056297062566,
              41.766853808175
            ],
            [
              -87.6056380244236,
              41.767214104485
            ],
            [
              -87.6056445191484,
              41.7674972193757
            ],
            [
              -87.6056466455239,
              41.7675898980776
            ],
            [
              -87.6056473813604,
              41.7676219659818
            ],
            [
              -87.6056566811961,
              41.7680284000546
            ],
            [
              -87.6056636139113,
              41.7683296302973
            ],
            [
              -87.6056676570464,
              41.7685092153682
            ],
            [
              -87.6056755728585,
              41.7688608642238
            ],
            [
              -87.6056784361406,
              41.7689837718554
            ],
            [
              -87.605684178295,
              41.7692314533294
            ],
            [
              -87.605690471578,
              41.7695109443761
            ],
            [
              -87.6056977733874,
              41.7698352292207
            ],
            [
              -87.6057028886602,
              41.7700475327414
            ],
            [
              -87.6057071633507,
              41.7702239630127
            ],
            [
              -87.6057147925994,
              41.7705414712113
            ],
            [
              -87.6057233940034,
              41.7708962256096
            ],
            [
              -87.6057271438814,
              41.7710551988258
            ],
            [
              -87.6057323542992,
              41.7713295513713
            ],
            [
              -87.6057362709279,
              41.7715246679708
            ],
            [
              -87.6057411353622,
              41.771746272993
            ],
            [
              -87.6057466501116,
              41.7719978223597
            ],
            [
              -87.6057529421172,
              41.7722845307526
            ],
            [
              -87.6057597757464,
              41.7725200071682
            ],
            [
              -87.6057655555083,
              41.7727968056695
            ],
            [
              -87.6057744862305,
              41.7731486986185
            ],
            [
              -87.6053968654363,
              41.7731538626976
            ],
            [
              -87.6051784724198,
              41.7731548388024
            ],
            [
              -87.6051633678518,
              41.7731549038829
            ],
            [
              -87.6048977913857,
              41.7731560507569
            ],
            [
              -87.6045630226271,
              41.7731585463011
            ],
            [
              -87.6042433589658,
              41.7731609281647
            ],
            [
              -87.6040872429676,
              41.7731625718314
            ],
            [
              -87.6039440328196,
              41.7731640409067
            ],
            [
              -87.6038063230093,
              41.773165453346
            ],
            [
              -87.603611049946,
              41.7731674517287
            ],
            [
              -87.6033426978045,
              41.7731709023413
            ],
            [
              -87.6031110844819,
              41.7731738800159
            ],
            [
              -87.6028298693361,
              41.7731769221982
            ],
            [
              -87.6027299956874,
              41.7731780116179
            ],
            [
              -87.6025485438905,
              41.7731799904333
            ],
            [
              -87.6022372639269,
              41.7731833613345
            ],
            [
              -87.6021279706041,
              41.7731842500531
            ],
            [
              -87.6017223294703,
              41.7731875477699
            ],
            [
              -87.6014256113937,
              41.7731902133586
            ],
            [
              -87.6011446590521,
              41.7731927316739
            ],
            [
              -87.6009078744067,
              41.7731957992829
            ],
            [
              -87.6006690375955,
              41.7731988928344
            ],
            [
              -87.6003956026312,
              41.773201155386
            ],
            [
              -87.6002901586592,
              41.7732020334334
            ],
            [
              -87.6002164661915,
              41.7732026469253
            ],
            [
              -87.6000060918678,
              41.7732044327669
            ],
            [
              -87.5996941165167,
              41.7732076825657
            ],
            [
              -87.5995303520016,
              41.7732093878289
            ],
            [
              -87.5991334084025,
              41.7732137879595
            ],
            [
              -87.5990821880315,
              41.7732143676018
            ],
            [
              -87.5989691145724,
              41.7732156468365
            ],
            [
              -87.5986402705534,
              41.7732193073603
            ],
            [
              -87.5984803107486,
              41.7732204484534
            ],
            [
              -87.5982711131619,
              41.7732219406142
            ],
            [
              -87.5980526695007,
              41.7732240828922
            ],
            [
              -87.5978684699154,
              41.7732258910062
            ],
            [
              -87.5978106875588,
              41.7732264582605
            ],
            [
              -87.5975917299994,
              41.7732286238147
            ],
            [
              -87.5973886853165,
              41.773233839356
            ],
            [
              -87.5972645379752,
              41.7732321674864
            ],
            [
              -87.597180135151,
              41.7732331772127
            ],
            [
              -87.5968063440809,
              41.7732370384418
            ],
            [
              -87.5966528313297,
              41.7732386170673
            ],
            [
              -87.5964940389351,
              41.7732402499919
            ],
            [
              -87.5962274539627,
              41.7732429581985
            ],
            [
              -87.5960465980078,
              41.7732440954776
            ],
            [
              -87.5957803555212,
              41.7732457696977
            ],
            [
              -87.5955545029387,
              41.7732482161434
            ],
            [
              -87.5952893093754,
              41.7732510957656
            ],
            [
              -87.5952849826116,
              41.7732511426143
            ],
            [
              -87.5950248492544,
              41.7732539520461
            ],
            [
              -87.5947123951235,
              41.773257322452
            ],
            [
              -87.5945060151262,
              41.7732592210484
            ],
            [
              -87.5942365739106,
              41.7732616993463
            ],
            [
              -87.5939869623927,
              41.773264429219
            ],
            [
              -87.5937095966299,
              41.7732673964562
            ],
            [
              -87.5936442241011,
              41.7732680957935
            ],
            [
              -87.5931760565677,
              41.7732731762024
            ],
            [
              -87.5929200706301,
              41.7732755169081
            ],
            [
              -87.5925757247943,
              41.7732786649844
            ],
            [
              -87.5923552113732,
              41.7732808357721
            ],
            [
              -87.5923180135471,
              41.77328120179
            ],
            [
              -87.5922980357037,
              41.7732813981288
            ],
            [
              -87.5921042973069,
              41.7732833006777
            ],
            [
              -87.5921965675843,
              41.7728903997085
            ],
            [
              -87.5922048033765,
              41.7728516897214
            ],
            [
              -87.5922125766325,
              41.7728133197861
            ],
            [
              -87.5922199631096,
              41.7727687726991
            ],
            [
              -87.592225908187,
              41.7727300479325
            ],
            [
              -87.5922304861579,
              41.7726906282735
            ],
            [
              -87.5922318606076,
              41.772650844638
            ],
            [
              -87.5922346136252,
              41.7726107274075
            ],
            [
              -87.5922382826935,
              41.7725706158114
            ],
            [
              -87.5922433231678,
              41.7725308560978
            ],
            [
              -87.5922492832676,
              41.7724907592795
            ],
            [
              -87.5922566144054,
              41.7724510140665
            ],
            [
              -87.5922648576284,
              41.7724116183215
            ],
            [
              -87.5922744762,
              41.7723722311728
            ],
            [
              -87.5925004978472,
              41.7713274273024
            ],
            [
              -87.5925861613873,
              41.7709712216674
            ],
            [
              -87.5926703514495,
              41.7706235826343
            ],
            [
              -87.5926867034618,
              41.7705564528856
            ],
            [
              -87.5927074001414,
              41.7704701413683
            ],
            [
              -87.5927516762732,
              41.7702858728341
            ],
            [
              -87.5927452569513,
              41.7702065900015
            ],
            [
              -87.5927576903702,
              41.7701613893193
            ],
            [
              -87.5927463906079,
              41.7699088415397
            ],
            [
              -87.5923998332182,
              41.7699067991279
            ],
            [
              -87.5923963116392,
              41.7697369335013
            ],
            [
              -87.592356765922,
              41.7678292411478
            ],
            [
              -87.5923537602648,
              41.7677506701932
            ],
            [
              -87.5923522895013,
              41.7677122298903
            ],
            [
              -87.5922875316753,
              41.7660194072995
            ],
            [
              -87.5924909328011,
              41.7660182239705
            ],
            [
              -87.5925353192395,
              41.7660179657136
            ],
            [
              -87.5927566891555,
              41.7660172139177
            ],
            [
              -87.5929284308002,
              41.7660166303584
            ],
            [
              -87.5932908842531,
              41.7660132849464
            ],
            [
              -87.5933051888903,
              41.7660132431658
            ],
            [
              -87.593336504701,
              41.7656321443164
            ],
            [
              -87.5933822996376,
              41.7650748289755
            ],
            [
              -87.593383013263,
              41.7650742591907
            ],
            [
              -87.5933910291222,
              41.7650625103478
            ],
            [
              -87.5933953065937,
              41.7650315822467
            ],
            [
              -87.5933954485154,
              41.7649171460489
            ],
            [
              -87.5933915349285,
              41.7647984026287
            ],
            [
              -87.5933883299653,
              41.764643795829
            ],
            [
              -87.5933879972524,
              41.764627739558
            ],
            [
              -87.5933838939751,
              41.7643627788456
            ],
            [
              -87.5933792970235,
              41.7641846493953
            ],
            [
              -87.5933775148373,
              41.764115586499
            ],
            [
              -87.5933751339133,
              41.7640150201708
            ],
            [
              -87.5933661540503,
              41.7637293357568
            ],
            [
              -87.5933584329935,
              41.7634906697744
            ],
            [
              -87.5933533106097,
              41.7632742196791
            ],
            [
              -87.593349031742,
              41.7630934272573
            ],
            [
              -87.5933404724882,
              41.7628213001336
            ],
            [
              -87.593333801672,
              41.76256872949
            ],
            [
              -87.5933298422786,
              41.7623622763639
            ],
            [
              -87.5936880807876,
              41.7623594804627
            ],
            [
              -87.5941282436381,
              41.7623572089295
            ],
            [
              -87.5942754372283,
              41.7623562230732
            ],
            [
              -87.5944258540204,
              41.7623552152214
            ],
            [
              -87.5945234540068,
              41.7623545610261
            ],
            [
              -87.5945878392163,
              41.7623541297987
            ],
            [
              -87.5948698213331,
              41.7611167531504
            ],
            [
              -87.5950730886531,
              41.7602110691868
            ],
            [
              -87.5951521768248,
              41.759826346294
            ],
            [
              -87.5952191554102,
              41.7594988332921
            ],
            [
              -87.5953617640957,
              41.7588081862565
            ],
            [
              -87.5953854030615,
              41.7587044576184
            ],
            [
              -87.5954958252269,
              41.7587041195808
            ],
            [
              -87.5955512655734,
              41.7587039497989
            ],
            [
              -87.5956360992928,
              41.7587036901768
            ],
            [
              -87.595413234152,
              41.7585416379477
            ],
            [
              -87.5951089416046,
              41.7583203755615
            ],
            [
              -87.5949350707477,
              41.7581939464378
            ],
            [
              -87.5948771742133,
              41.758173678164
            ],
            [
              -87.5945552454181,
              41.7579613950036
            ],
            [
              -87.5944500967386,
              41.7578835203363
            ],
            [
              -87.5942930719767,
              41.7577672240452
            ],
            [
              -87.5939547733336,
              41.7575285986722
            ],
            [
              -87.5936956420786,
              41.7573424469229
            ],
            [
              -87.593585992542,
              41.7572636777562
            ],
            [
              -87.5935287797209,
              41.7572222821022
            ],
            [
              -87.5932901882377,
              41.757049611331
            ],
            [
              -87.5932027242648,
              41.7569867284641
            ],
            [
              -87.5930676616887,
              41.7568896242606
            ],
            [
              -87.5932612503579,
              41.7568875582189
            ],
            [
              -87.5934836861437,
              41.756885183916
            ],
            [
              -87.5939381561929,
              41.7568784770834
            ],
            [
              -87.5941013566281,
              41.7568785950113
            ],
            [
              -87.5941687592901,
              41.7568786436428
            ],
            [
              -87.5943276804003,
              41.7568773890114
            ],
            [
              -87.5944034878511,
              41.7568767903972
            ],
            [
              -87.5946370566801,
              41.7568749456814
            ],
            [
              -87.5947613287593,
              41.7568738820597
            ],
            [
              -87.5950357722024,
              41.756871512218
            ],
            [
              -87.595229624761,
              41.7568701399603
            ],
            [
              -87.5954110803765,
              41.7568688551563
            ],
            [
              -87.5954932112915,
              41.756868273659
            ],
            [
              -87.5956360583303,
              41.7568672616914
            ],
            [
              -87.5956891182721,
              41.7568668858275
            ],
            [
              -87.5956938440064,
              41.7568668522258
            ],
            [
              -87.5958036556237,
              41.756866074584
            ],
            [
              -87.5958890658471,
              41.7564892090802
            ],
            [
              -87.5961161808944,
              41.755498602271
            ],
            [
              -87.5962218246416,
              41.7550341212356
            ],
            [
              -87.595683477028,
              41.755039242083
            ],
            [
              -87.5956012963837,
              41.7550400174232
            ],
            [
              -87.5955357806257,
              41.7531542457979
            ],
            [
              -87.5955366174329,
              41.7531516748218
            ],
            [
              -87.5955372929616,
              41.7530958875206
            ],
            [
              -87.5955345934961,
              41.7529796215944
            ],
            [
              -87.5955312799862,
              41.7528401074921
            ],
            [
              -87.5955268501573,
              41.7526540977557
            ],
            [
              -87.5955224601342,
              41.7524678138387
            ],
            [
              -87.5955185741324,
              41.7523047224989
            ],
            [
              -87.5955147172474,
              41.7521422899737
            ],
            [
              -87.5955103275871,
              41.7519559785993
            ],
            [
              -87.5955056283591,
              41.7517583312651
            ],
            [
              -87.5955009387856,
              41.7515597786409
            ],
            [
              -87.5954963510858,
              41.7513944771735
            ],
            [
              -87.5957219776195,
              41.7513917644293
            ],
            [
              -87.5961322722545,
              41.7513862888726
            ],
            [
              -87.5964828876307,
              41.7513821294975
            ],
            [
              -87.5966061906625,
              41.7513812985963
            ],
            [
              -87.5968939768978,
              41.7513793586304
            ],
            [
              -87.5969527806905,
              41.751378962184
            ],
            [
              -87.5969628221075,
              41.7513788950885
            ],
            [
              -87.5970378670217,
              41.751378393572
            ],
            [
              -87.5970919813811,
              41.7513780320424
            ],
            [
              -87.5971509881688,
              41.7513776381674
            ],
            [
              -87.5972137439069,
              41.7513772188839
            ],
            [
              -87.5972732124862,
              41.7513768218673
            ],
            [
              -87.5973547440876,
              41.7513762790963
            ],
            [
              -87.5975841158765,
              41.7513747516415
            ],
            [
              -87.5976384326036,
              41.7513742868669
            ],
            [
              -87.5979208999703,
              41.75137133522
            ],
            [
              -87.5981390222413,
              41.7513690554368
            ],
            [
              -87.598507887428,
              41.7513649934843
            ],
            [
              -87.5985303117824,
              41.7513648160909
            ],
            [
              -87.5988148006172,
              41.7513625650915
            ],
            [
              -87.5991340732168,
              41.7513590984762
            ],
            [
              -87.5993700400407,
              41.7513565357532
            ],
            [
              -87.5996926915263,
              41.7513526138567
            ],
            [
              -87.5997335897705,
              41.7513521183932
            ],
            [
              -87.5999849579643,
              41.7513490734209
            ],
            [
              -87.600343686894,
              41.7513459557187
            ],
            [
              -87.6005075281895,
              41.7513445315274
            ],
            [
              -87.6008470687469,
              41.7513410708687
            ],
            [
              -87.6009463228387,
              41.7513400539963
            ],
            [
              -87.601109604767,
              41.7513383808633
            ],
            [
              -87.6013246394543,
              41.7513361834796
            ],
            [
              -87.6015528341757,
              41.7513344073355
            ],
            [
              -87.6018481566674,
              41.7513321080522
            ],
            [
              -87.6021397934722,
              41.7513291344288
            ],
            [
              -87.6021556137425,
              41.751328975497
            ],
            [
              -87.6023404606463,
              41.7513271181379
            ],
            [
              -87.6027626179072,
              41.7513224463106
            ],
            [
              -87.6032475232713,
              41.7513170783431
            ],
            [
              -87.603367313052,
              41.7513158632964
            ],
            [
              -87.6036334638889,
              41.7513131633204
            ],
            [
              -87.6039725194553,
              41.7513092677207
            ],
            [
              -87.6042795678039,
              41.7513057388418
            ],
            [
              -87.6045776345439,
              41.7513021167726
            ],
            [
              -87.604832799887,
              41.7512989294001
            ],
            [
              -87.6052202779278,
              41.7512939863876
            ],
            [
              -87.6055269269958,
              41.7512900734793
            ],
            [
              -87.6058356144145,
              41.7512797614193
            ],
            [
              -87.6058502394137,
              41.7512794887547
            ],
            [
              -87.6061116268784,
              41.7512746205534
            ],
            [
              -87.606452026524,
              41.7512702211908
            ],
            [
              -87.6066288042358,
              41.7512679985195
            ],
            [
              -87.6068015021464,
              41.7512658268927
            ],
            [
              -87.6070633605276,
              41.7512614032573
            ],
            [
              -87.6074207765397,
              41.751255373912
            ],
            [
              -87.6076633930658,
              41.7512513169199
            ],
            [
              -87.6079841882593,
              41.7512459516339
            ],
            [
              -87.6083264397103,
              41.7512392477046
            ],
            [
              -87.6086065235171,
              41.7512337974927
            ],
            [
              -87.6088770377559,
              41.7512288845167
            ],
            [
              -87.6091819304839,
              41.7512233470063
            ],
            [
              -87.6094619725461,
              41.7512183058165
            ],
            [
              -87.6098504751814,
              41.7512113395967
            ],
            [
              -87.6100882084309,
              41.7512071597392
            ],
            [
              -87.6103182240469,
              41.7512031149671
            ],
            [
              -87.6106134319554,
              41.7511986054933
            ],
            [
              -87.610694509398,
              41.7511973577356
            ],
            [
              -87.6110514426887,
              41.7511918645644
            ],
            [
              -87.611298205953,
              41.7511874648131
            ],
            [
              -87.6115487358217,
              41.751182997083
            ],
            [
              -87.6118297673221,
              41.7511779286189
            ],
            [
              -87.6119031499634,
              41.7511766086349
            ],
            [
              -87.6121881762758,
              41.7511714795784
            ],
            [
              -87.6125075777542,
              41.7511666069202
            ],
            [
              -87.6125659697617,
              41.7511657163517
            ],
            [
              -87.6127005930513,
              41.7511636625395
            ],
            [
              -87.6130127326401,
              41.751159033551
            ],
            [
              -87.6134186688638,
              41.7511530432851
            ],
            [
              -87.6137190534536,
              41.7511467997167
            ],
            [
              -87.614055819216,
              41.7511397990177
            ],
            [
              -87.6144089400324,
              41.7511343253349
            ],
            [
              -87.6148042384049,
              41.7511225826266
            ],
            [
              -87.6149641259935,
              41.7511218911004
            ],
            [
              -87.6153490623951,
              41.7511202254981
            ],
            [
              -87.6157354626871,
              41.7511111043415
            ],
            [
              -87.6159650959073,
              41.7511077058786
            ],
            [
              -87.6162993736409,
              41.7511027783432
            ],
            [
              -87.6165439485979,
              41.7510980970738
            ],
            [
              -87.6168864775367,
              41.7510915395176
            ],
            [
              -87.6172103136748,
              41.7510863408679
            ],
            [
              -87.6175346258495,
              41.7510811717141
            ],
            [
              -87.6179775491086,
              41.7510741056637
            ],
            [
              -87.6181592463038,
              41.7510707174731
            ],
            [
              -87.6184144745044,
              41.7510659574751
            ],
            [
              -87.6187089550654,
              41.7510608740843
            ],
            [
              -87.6191479996235,
              41.7510532854214
            ],
            [
              -87.6195021531028,
              41.7510471435934
            ],
            [
              -87.6197745222556,
              41.7510419412246
            ],
            [
              -87.6201049803195,
              41.7510356289696
            ],
            [
              -87.6203540811833,
              41.7510314668716
            ],
            [
              -87.6207375553288,
              41.7510250092043
            ],
            [
              -87.6210742957308,
              41.7510193857198
            ],
            [
              -87.6213912903761,
              41.7510151392076
            ],
            [
              -87.6215724635648,
              41.7510127119336
            ],
            [
              -87.6216331379506,
              41.7510118989537
            ],
            [
              -87.6219120423172,
              41.7510068752503
            ],
            [
              -87.6221987170078,
              41.7510017463803
            ],
            [
              -87.6222789894776,
              41.7510003101027
            ],
            [
              -87.6227203096636,
              41.7509923651097
            ],
            [
              -87.6230022253674,
              41.7509873897667
            ],
            [
              -87.6232050996753,
              41.7509838089233
            ],
            [
              -87.6234988234921,
              41.7509807873862
            ],
            [
              -87.6238188757077,
              41.7509829914764
            ],
            [
              -87.6238557399774,
              41.7509832454635
            ],
            [
              -87.6245513131631,
              41.750967944995
            ],
            [
              -87.6247071705766,
              41.7509589568864
            ],
            [
              -87.6247314504375,
              41.7509575563739
            ],
            [
              -87.6248324731501,
              41.7509554545523
            ],
            [
              -87.6249796335027,
              41.7509523895376
            ],
            [
              -87.6251286507914,
              41.7509492210685
            ],
            [
              -87.6254005641032,
              41.750943438321
            ],
            [
              -87.6258301792752,
              41.7509342497903
            ],
            [
              -87.6265288164693,
              41.7509436544031
            ],
            [
              -87.626820398146,
              41.7509254417794
            ],
            [
              -87.627040712212,
              41.7509188400287
            ],
            [
              -87.6272634244839,
              41.7509121658733
            ],
            [
              -87.6274616430385,
              41.7509093222461
            ],
            [
              -87.6277509480805,
              41.7509048696804
            ],
            [
              -87.6280754108923,
              41.7508991777171
            ],
            [
              -87.6282515816068,
              41.7508950387445
            ],
            [
              -87.6283893739848,
              41.7508918012772
            ],
            [
              -87.6286209185043,
              41.7508877605211
            ],
            [
              -87.6288946511565,
              41.7508830174596
            ],
            [
              -87.6291710200945,
              41.7508784820041
            ],
            [
              -87.6293100145217,
              41.7508758389039
            ],
            [
              -87.6294023848465,
              41.7508740818116
            ],
            [
              -87.6295004702315,
              41.7508724974187
            ],
            [
              -87.6297645223406,
              41.7508682316894
            ],
            [
              -87.6299939418684,
              41.7508640928242
            ],
            [
              -87.6302383124023,
              41.7508600447186
            ],
            [
              -87.6304829436102,
              41.750855614034
            ],
            [
              -87.6306686676166,
              41.7508525822349
            ],
            [
              -87.6309403077384,
              41.7508481472503
            ],
            [
              -87.6311994534553,
              41.7508435016225
            ],
            [
              -87.6314592971852,
              41.7508386950159
            ],
            [
              -87.6317037468363,
              41.7508340956897
            ],
            [
              -87.6318836055788,
              41.7508311784178
            ],
            [
              -87.632070062683,
              41.7508281540427
            ],
            [
              -87.6323445644787,
              41.7508234074545
            ],
            [
              -87.6326340202516,
              41.7508184769786
            ],
            [
              -87.6329088541715,
              41.7508135115231
            ],
            [
              -87.6330962683863,
              41.7508100840621
            ],
            [
              -87.6332757645027,
              41.7508068015244
            ],
            [
              -87.6334864478289,
              41.7508035017554
            ],
            [
              -87.6336840084718,
              41.7508004787253
            ],
            [
              -87.6339167542352,
              41.7507970932424
            ],
            [
              -87.6342350849116,
              41.7507905605827
            ],
            [
              -87.6342921987596,
              41.7507874099193
            ],
            [
              -87.6344092119529,
              41.7507841181162
            ],
            [
              -87.6347128881805,
              41.7507823422524
            ],
            [
              -87.6351738869894,
              41.7507776252922
            ],
            [
              -87.6355230794461,
              41.7507724097126
            ],
            [
              -87.6359758547001,
              41.7507656455768
            ],
            [
              -87.6364388629101,
              41.7507580264984
            ],
            [
              -87.6367333145115,
              41.7507532704992
            ],
            [
              -87.6368563825521,
              41.7507512824283
            ],
            [
              -87.6371596421737,
              41.7507474121738
            ],
            [
              -87.6376721220227,
              41.7507399780985
            ],
            [
              -87.6379504985168,
              41.7507360442834
            ],
            [
              -87.6381044762791,
              41.7507338681712
            ],
            [
              -87.6384562955188,
              41.7507297394535
            ],
            [
              -87.6386243081303,
              41.7507277186022
            ],
            [
              -87.6387435723659,
              41.7507262842839
            ],
            [
              -87.6389631009026,
              41.7507236434903
            ],
            [
              -87.6390652641345,
              41.7507224142218
            ],
            [
              -87.6392306583138,
              41.750720424138
            ],
            [
              -87.639268720788,
              41.750719902956
            ],
            [
              -87.6393213702114,
              41.7507191814459
            ],
            [
              -87.6393745134593,
              41.7507183742534
            ],
            [
              -87.6394290429147,
              41.7507175468674
            ],
            [
              -87.6395192936925,
              41.7507161766427
            ],
            [
              -87.6397643423396,
              41.7507124894345
            ],
            [
              -87.6397721304735,
              41.7508468034973
            ],
            [
              -87.6397751606253,
              41.7509908980794
            ],
            [
              -87.639778156994,
              41.7510955422465
            ],
            [
              -87.6397820368272,
              41.751245816363
            ],
            [
              -87.6397852472025,
              41.7513731031557
            ],
            [
              -87.6397897474272,
              41.7515508243319
            ],
            [
              -87.6397936380171,
              41.7517000688381
            ],
            [
              -87.6397971222387,
              41.7518445091776
            ],
            [
              -87.6398001520996,
              41.7519886034583
            ],
            [
              -87.6398039208682,
              41.752149168297
            ],
            [
              -87.6398064923163,
              41.7522932595286
            ],
            [
              -87.6398084439676,
              41.7524524406893
            ],
            [
              -87.6398090595022,
              41.7525262645448
            ],
            [
              -87.6398101881085,
              41.7526308312718
            ],
            [
              -87.6398155232966,
              41.752731030855
            ],
            [
              -87.6398195284422,
              41.7528696421175
            ],
            [
              -87.6398243352829,
              41.7530188926684
            ],
            [
              -87.6398306495135,
              41.753198339658
            ],
            [
              -87.6398351168401,
              41.7533366109351
            ],
            [
              -87.6398424763639,
              41.7535465948783
            ],
            [
              -87.6398467000361,
              41.7537075049077
            ],
            [
              -87.6398512038349,
              41.7538848827199
            ],
            [
              -87.6398553717876,
              41.7540509379726
            ],
            [
              -87.6398576515754,
              41.7541370545321
            ],
            [
              -87.6398595360577,
              41.754217336785
            ],
            [
              -87.6398618255713,
              41.7543374141562
            ],
            [
              -87.6398642364312,
              41.7544616081636
            ],
            [
              -87.6398672884093,
              41.7545611075821
            ],
            [
              -87.6398720363528,
              41.7547158466135
            ],
            [
              -87.6398775570948,
              41.7549265049338
            ],
            [
              -87.6398817582439,
              41.7551320099879
            ],
            [
              -87.6398865251871,
              41.755370106773
            ],
            [
              -87.6398902868729,
              41.7555313572746
            ],
            [
              -87.6398949795259,
              41.7556912415135
            ],
            [
              -87.6398996239609,
              41.7558130477071
            ],
            [
              -87.63990466373,
              41.7559406884761
            ],
            [
              -87.6399057984762,
              41.7561536153399
            ],
            [
              -87.6397114400975,
              41.7561572688272
            ],
            [
              -87.6396178149688,
              41.7561591879841
            ],
            [
              -87.6395060018507,
              41.756161479954
            ],
            [
              -87.6394444534017,
              41.7561627416636
            ],
            [
              -87.639340594378,
              41.7561648704734
            ],
            [
              -87.6393293501979,
              41.7562723627485
            ],
            [
              -87.6393197034731,
              41.7564023155337
            ],
            [
              -87.639300795174,
              41.7566690849987
            ],
            [
              -87.6392878416721,
              41.7569358901454
            ],
            [
              -87.6392808434049,
              41.757202731253
            ],
            [
              -87.6392796749693,
              41.7574387341683
            ],
            [
              -87.6392792661943,
              41.7579869059902
            ],
            [
              -87.6388479541085,
              41.7580073929738
            ],
            [
              -87.6385983072849,
              41.7580190288831
            ],
            [
              -87.6384451833777,
              41.7580211314811
            ],
            [
              -87.6381848201225,
              41.758024705605
            ],
            [
              -87.6378992079403,
              41.7580271487922
            ],
            [
              -87.6376774423359,
              41.758033001264
            ],
            [
              -87.6375354876663,
              41.7580367471524
            ],
            [
              -87.6372027297413,
              41.7580436778909
            ],
            [
              -87.6369554705609,
              41.7580466801462
            ],
            [
              -87.6368765875235,
              41.7580476380932
            ],
            [
              -87.6367594850806,
              41.7580490596812
            ],
            [
              -87.6366570885672,
              41.7580511589759
            ],
            [
              -87.6365973004752,
              41.7580523845501
            ],
            [
              -87.6364875481731,
              41.7580543710275
            ],
            [
              -87.6364347644777,
              41.7580550218065
            ],
            [
              -87.636234914995,
              41.7580574865064
            ],
            [
              -87.6359341783288,
              41.7580621102621
            ],
            [
              -87.6358405549469,
              41.7580634673318
            ],
            [
              -87.6357074487065,
              41.7580653958085
            ],
            [
              -87.6357137350048,
              41.7582605024884
            ],
            [
              -87.6357197173925,
              41.7585812378583
            ],
            [
              -87.6357269463566,
              41.7588782151322
            ],
            [
              -87.6357384967323,
              41.7593414134896
            ],
            [
              -87.6357465349897,
              41.7596855427231
            ],
            [
              -87.6357526608621,
              41.7598881375692
            ],
            [
              -87.6354384922748,
              41.7598935560852
            ],
            [
              -87.6350572788609,
              41.7598996922713
            ],
            [
              -87.6347884966816,
              41.7599040958466
            ],
            [
              -87.6345362191612,
              41.759908044007
            ],
            [
              -87.6345421532477,
              41.7601172569899
            ],
            [
              -87.6345513082078,
              41.7604626005353
            ],
            [
              -87.6345589391091,
              41.7608065351972
            ],
            [
              -87.6345647426154,
              41.761055396175
            ],
            [
              -87.6345711356671,
              41.7613174882527
            ],
            [
              -87.6345762952856,
              41.7615311084839
            ],
            [
              -87.6345796271798,
              41.7616814033054
            ],
            [
              -87.6345805909073,
              41.7617248731099
            ],
            [
              -87.6345844656356,
              41.7618996630035
            ],
            [
              -87.6345939973581,
              41.7622204469778
            ],
            [
              -87.6346010090574,
              41.7624694524566
            ],
            [
              -87.6346092449466,
              41.7627542781989
            ],
            [
              -87.6346155219132,
              41.7630034441181
            ],
            [
              -87.6345994763505,
              41.7630769486336
            ],
            [
              -87.6345639829008,
              41.7631726734581
            ],
            [
              -87.6344938763267,
              41.7633099559641
            ],
            [
              -87.6344655743628,
              41.7633509757352
            ],
            [
              -87.6344446203008,
              41.7634005200806
            ],
            [
              -87.6344375356615,
              41.7634284962747
            ],
            [
              -87.6344439428226,
              41.7634629487573
            ],
            [
              -87.6344606869432,
              41.7634872278846
            ],
            [
              -87.6344870179988,
              41.763525796709
            ],
            [
              -87.6346226922696,
              41.7635576129899
            ],
            [
              -87.6346694860226,
              41.7635685866024
            ],
            [
              -87.6346936340587,
              41.7635742494879
            ],
            [
              -87.6347158044953,
              41.7635794486316
            ],
            [
              -87.6348486904552,
              41.7636106110132
            ],
            [
              -87.6348484901701,
              41.7637033945357
            ],
            [
              -87.6347910820145,
              41.7638562048123
            ],
            [
              -87.6347375697728,
              41.7639978145641
            ],
            [
              -87.6346832938126,
              41.7641421913844
            ],
            [
              -87.6346485096451,
              41.7642874002306
            ],
            [
              -87.6346501015682,
              41.764373992526
            ],
            [
              -87.6346508965969,
              41.7644153813803
            ],
            [
              -87.6346527574448,
              41.764503978647
            ],
            [
              -87.6346574578319,
              41.7646991817244
            ],
            [
              -87.6346598466553,
              41.7647966188377
            ],
            [
              -87.6346638613112,
              41.7649738425825
            ],
            [
              -87.6346659337722,
              41.7650801692928
            ],
            [
              -87.6346687193201,
              41.7652220938825
            ],
            [
              -87.6346712439091,
              41.7653636450294
            ],
            [
              -87.6346735962432,
              41.7654955653841
            ],
            [
              -87.634680987182,
              41.7657671311522
            ],
            [
              -87.6346879024639,
              41.766041932286
            ],
            [
              -87.634697388841,
              41.7664143088152
            ],
            [
              -87.6347042235635,
              41.7666627916167
            ],
            [
              -87.6347122662721,
              41.7669553551654
            ],
            [
              -87.6347175076431,
              41.7671789352844
            ],
            [
              -87.6344126034951,
              41.7671881699725
            ],
            [
              -87.6341141324391,
              41.7671928833541
            ],
            [
              -87.6338758251213,
              41.7671966213972
            ],
            [
              -87.6335430791167,
              41.7672015052533
            ],
            [
              -87.6335081641904,
              41.7673616198954
            ],
            [
              -87.6335109026084,
              41.7675278860792
            ],
            [
              -87.6335157322013,
              41.7676130435842
            ],
            [
              -87.6335183783268,
              41.7677001087955
            ],
            [
              -87.6335259069636,
              41.7679990088349
            ],
            [
              -87.6335314935339,
              41.7682202331648
            ],
            [
              -87.6335366352138,
              41.7684217504536
            ],
            [
              -87.633543792226,
              41.7687008889839
            ],
            [
              -87.6335464856399,
              41.7688072194258
            ],
            [
              -87.6335520268374,
              41.7690225091818
            ],
            [
              -87.6330787345461,
              41.769030005412
            ],
            [
              -87.6327985829931,
              41.7690347740535
            ],
            [
              -87.6326667695162,
              41.769036308104
            ],
            [
              -87.63236223057,
              41.7690398514576
            ],
            [
              -87.6319951032083,
              41.7690502072166
            ],
            [
              -87.6315814807065,
              41.7690617871751
            ],
            [
              -87.6313646497095,
              41.7690651991894
            ],
            [
              -87.6312585389202,
              41.7714006703911
            ],
            [
              -87.6310445512234,
              41.7727027086555
            ],
            [
              -87.6307507833865,
              41.7727069244295
            ],
            [
              -87.6305247617688,
              41.7727083411599
            ],
            [
              -87.6302722124869,
              41.7727118454304
            ],
            [
              -87.6299612332773,
              41.7727168320307
            ],
            [
              -87.6299771445705,
              41.7728560931462
            ],
            [
              -87.6299788135673,
              41.7728707005386
            ],
            [
              -87.6299816513397,
              41.7729498633519
            ],
            [
              -87.6299847395879,
              41.7730363000765
            ],
            [
              -87.6299918665604,
              41.7732362655213
            ],
            [
              -87.6299944830959,
              41.7733323592679
            ],
            [
              -87.629997413481,
              41.7734399260822
            ],
            [
              -87.6299999896271,
              41.7735329731377
            ],
            [
              -87.630013528762,
              41.7741795569819
            ],
            [
              -87.6300150480412,
              41.7742552538953
            ],
            [
              -87.6300171432079,
              41.7743621295058
            ],
            [
              -87.630021986385,
              41.7745419301257
            ],
            [
              -87.6300248635678,
              41.7746487358734
            ],
            [
              -87.630026752027,
              41.7747074204229
            ],
            [
              -87.6300286813443,
              41.7747657210208
            ],
            [
              -87.6300300621707,
              41.7748071134147
            ],
            [
              -87.6300320636938,
              41.7748688722629
            ],
            [
              -87.6300343550567,
              41.7749376582751
            ],
            [
              -87.6300357374886,
              41.774985582095
            ],
            [
              -87.630042202639,
              41.7752126295901
            ],
            [
              -87.6300464503332,
              41.7753607376389
            ],
            [
              -87.6300579747289,
              41.775446814325
            ],
            [
              -87.6300600447264,
              41.7755056646348
            ],
            [
              -87.6300613379572,
              41.7755472252609
            ],
            [
              -87.6300630834933,
              41.7756033251742
            ],
            [
              -87.6300648292475,
              41.7756583314877
            ],
            [
              -87.6300656504045,
              41.7756842097063
            ],
            [
              -87.6300664654756,
              41.7757099067642
            ],
            [
              -87.630069048235,
              41.7757855827243
            ],
            [
              -87.6300705769319,
              41.7758268665184
            ],
            [
              -87.630072237081,
              41.7758715211082
            ],
            [
              -87.6300730137105,
              41.775892414869
            ],
            [
              -87.6300907908185,
              41.7762652535027
            ],
            [
              -87.6300861465847,
              41.7762910214228
            ],
            [
              -87.6300843357245,
              41.7763326135368
            ],
            [
              -87.6300820171934,
              41.7763804051925
            ],
            [
              -87.6300820346498,
              41.7763935729632
            ],
            [
              -87.6300820729464,
              41.7764222834357
            ],
            [
              -87.6300829761439,
              41.7764671307019
            ],
            [
              -87.6300758597549,
              41.7766042471447
            ],
            [
              -87.6300649503431,
              41.7768144469371
            ],
            [
              -87.6300602170312,
              41.7769056450945
            ],
            [
              -87.630058309407,
              41.7769423992475
            ],
            [
              -87.630052243953,
              41.7769728775479
            ],
            [
              -87.6300424525426,
              41.7770220792978
            ],
            [
              -87.6300502505518,
              41.7770557363801
            ],
            [
              -87.6300610770254,
              41.7771024649514
            ],
            [
              -87.6300631300851,
              41.7771746137056
            ],
            [
              -87.6300631591771,
              41.7771756421699
            ],
            [
              -87.630066545772,
              41.7773012688713
            ],
            [
              -87.6300812729479,
              41.7778475526835
            ],
            [
              -87.6300812761299,
              41.7778476641212
            ],
            [
              -87.6300832468477,
              41.7779188628368
            ],
            [
              -87.6300856746791,
              41.7780088602776
            ],
            [
              -87.6300874397513,
              41.7780735466261
            ],
            [
              -87.6300883952223,
              41.778108744447
            ],
            [
              -87.6300905945783,
              41.7781826413743
            ],
            [
              -87.6301132778531,
              41.7782217634343
            ],
            [
              -87.6300957847894,
              41.7783570185338
            ],
            [
              -87.6300998225501,
              41.7784926845197
            ],
            [
              -87.6301044594504,
              41.7786484802536
            ],
            [
              -87.6301154469399,
              41.7788911428588
            ],
            [
              -87.630126105752,
              41.7791336936695
            ],
            [
              -87.6301383174126,
              41.7794153326778
            ],
            [
              -87.6301475865106,
              41.7796911357636
            ],
            [
              -87.6301500442794,
              41.7798185410613
            ],
            [
              -87.6301540021333,
              41.7799478438844
            ],
            [
              -87.6301554411096,
              41.7799948673317
            ],
            [
              -87.6293569935789,
              41.7800061338669
            ],
            [
              -87.6290883031692,
              41.7800028201977
            ],
            [
              -87.6288478576972,
              41.7800066150272
            ],
            [
              -87.6287711843538,
              41.7800081550181
            ],
            [
              -87.6286438522457,
              41.7800107127404
            ],
            [
              -87.6285484286123,
              41.780012629344
            ],
            [
              -87.6286049777651,
              41.7801456879442
            ],
            [
              -87.6287055772332,
              41.7802031667089
            ],
            [
              -87.6288947099535,
              41.7803118204469
            ],
            [
              -87.6289021405157,
              41.7804100841643
            ],
            [
              -87.6289190608686,
              41.7807735319547
            ],
            [
              -87.6289385204411,
              41.7814913105707
            ],
            [
              -87.6289424913371,
              41.7817127713923
            ],
            [
              -87.6289476048955,
              41.7819979347241
            ],
            [
              -87.6289640907251,
              41.7827629790574
            ],
            [
              -87.6289757025986,
              41.7831552805335
            ],
            [
              -87.6287144859493,
              41.7831603582745
            ],
            [
              -87.6283546229685,
              41.783166635307
            ],
            [
              -87.6282703088133,
              41.7831681061138
            ],
            [
              -87.6282683318005,
              41.7831681403588
            ],
            [
              -87.6281015734169,
              41.7831710488054
            ],
            [
              -87.6279748364811,
              41.7831732589827
            ],
            [
              -87.6278787926078,
              41.7831749338324
            ],
            [
              -87.6277994945069,
              41.7831763165423
            ],
            [
              -87.6277380570255,
              41.7831773876493
            ],
            [
              -87.6276514200122,
              41.7831788983463
            ],
            [
              -87.6276488221309,
              41.783178943586
            ],
            [
              -87.627491009602,
              41.7831816950618
            ],
            [
              -87.6274621193496,
              41.7831821986864
            ],
            [
              -87.6269953776159,
              41.7831879069193
            ],
            [
              -87.6267856230431,
              41.7831904717005
            ],
            [
              -87.6266548786164,
              41.7831930707107
            ],
            [
              -87.6264923451949,
              41.7831963016631
            ],
            [
              -87.6259805285783,
              41.7832064744005
            ],
            [
              -87.6255546805026,
              41.7832149365692
            ],
            [
              -87.625409804941,
              41.7832178151092
            ],
            [
              -87.6254082491562,
              41.783147323402
            ],
            [
              -87.6254034009842,
              41.7829276217037
            ],
            [
              -87.6253886300453,
              41.782250514546
            ],
            [
              -87.6253767565759,
              41.7818910234407
            ],
            [
              -87.625366791465,
              41.7815893080763
            ],
            [
              -87.6253607604165,
              41.7811809754847
            ],
            [
              -87.625362798168,
              41.7808057338407
            ],
            [
              -87.6253717122264,
              41.780455288045
            ],
            [
              -87.6253757316805,
              41.7803098928772
            ],
            [
              -87.6253805878764,
              41.7800661233471
            ],
            [
              -87.62510829045,
              41.7800680093065
            ],
            [
              -87.6248084728564,
              41.7800563379742
            ],
            [
              -87.6247375664028,
              41.78005622804
            ],
            [
              -87.6244585733627,
              41.7800412793973
            ],
            [
              -87.6242272179837,
              41.7800286274588
            ],
            [
              -87.6239719830103,
              41.7800203556879
            ],
            [
              -87.6237037229338,
              41.7800196012856
            ],
            [
              -87.6235477236753,
              41.7800191622831
            ],
            [
              -87.6232752026792,
              41.7800224179544
            ],
            [
              -87.6229352781243,
              41.7800271223147
            ],
            [
              -87.6224860028843,
              41.7800336189654
            ],
            [
              -87.6222046222672,
              41.7800390398773
            ],
            [
              -87.6221601536401,
              41.7800398963516
            ],
            [
              -87.6220927693351,
              41.7800411946503
            ],
            [
              -87.621981328954,
              41.7800433411662
            ],
            [
              -87.6217636470968,
              41.7800475338003
            ],
            [
              -87.6216825246616,
              41.780048088959
            ],
            [
              -87.6215089615725,
              41.7800492766191
            ],
            [
              -87.6210688928724,
              41.7800553582417
            ],
            [
              -87.6208399625873,
              41.780065437239
            ],
            [
              -87.6206560132008,
              41.7800835573272
            ],
            [
              -87.6205582387434,
              41.7800955371518
            ],
            [
              -87.620417875931,
              41.7801161287466
            ],
            [
              -87.6201073081757,
              41.7801616888126
            ],
            [
              -87.6199975500827,
              41.7801670722303
            ],
            [
              -87.6197091969372,
              41.7801763408996
            ],
            [
              -87.619484262517,
              41.7801798282765
            ],
            [
              -87.6192516255577,
              41.7801835966508
            ],
            [
              -87.6189628170442,
              41.7801875644108
            ],
            [
              -87.6188612065133,
              41.780188960281
            ],
            [
              -87.6184388850427,
              41.7801947607408
            ],
            [
              -87.6181026703758,
              41.7802010817632
            ],
            [
              -87.618076486739,
              41.7802015924707
            ],
            [
              -87.6178804867775,
              41.7802054176637
            ],
            [
              -87.6178411426378,
              41.7802061943333
            ],
            [
              -87.6178095270943,
              41.7802068182436
            ],
            [
              -87.6175930156806,
              41.7802110914936
            ],
            [
              -87.6173547962679,
              41.7802156006244
            ],
            [
              -87.6171825881747,
              41.7802188599346
            ],
            [
              -87.6169625589049,
              41.7802230238959
            ],
            [
              -87.6167456508683,
              41.7802267206165
            ],
            [
              -87.6164410997995,
              41.7802319282669
            ],
            [
              -87.6162789619565,
              41.7802337501313
            ],
            [
              -87.6156280663563,
              41.7802469760379
            ]
          ]
        ]
      },
      "properties": {
        "COMMUNITY": "GREATER GRAND CROSSING",
        "AREA_NUMBER": "69",
        "tier": 3,
        "tier_label": "3,000 - 3,500"
      }
    },
    {
      "type": "Feature",
      "geometry": {
        "type": "Polygon",
        "coordinates": [
          [
            [
              -87.6399057984762,
              41.7561536153399
            ],
            [
              -87.63990466373,
              41.7559406884761
            ],
            [
              -87.6398996239609,
              41.7558130477071
            ],
            [
              -87.6398949795259,
              41.7556912415135
            ],
            [
              -87.6398902868729,
              41.7555313572746
            ],
            [
              -87.6398865251871,
              41.755370106773
            ],
            [
              -87.6398817582439,
              41.7551320099879
            ],
            [
              -87.6398775570948,
              41.7549265049338
            ],
            [
              -87.6398720363528,
              41.7547158466135
            ],
            [
              -87.6398672884093,
              41.7545611075821
            ],
            [
              -87.6398642364312,
              41.7544616081636
            ],
            [
              -87.6398618255713,
              41.7543374141562
            ],
            [
              -87.6398595360577,
              41.754217336785
            ],
            [
              -87.6398576515754,
              41.7541370545321
            ],
            [
              -87.6398553717876,
              41.7540509379726
            ],
            [
              -87.6398512038349,
              41.7538848827199
            ],
            [
              -87.6398467000361,
              41.7537075049077
            ],
            [
              -87.6398424763639,
              41.7535465948783
            ],
            [
              -87.6398351168401,
              41.7533366109351
            ],
            [
              -87.6398306495135,
              41.753198339658
            ],
            [
              -87.6398243352829,
              41.7530188926684
            ],
            [
              -87.6398195284422,
              41.7528696421175
            ],
            [
              -87.6398155232966,
              41.752731030855
            ],
            [
              -87.6398101881085,
              41.7526308312718
            ],
            [
              -87.6398090595022,
              41.7525262645448
            ],
            [
              -87.6398084439676,
              41.7524524406893
            ],
            [
              -87.6398064923163,
              41.7522932595286
            ],
            [
              -87.6398039208682,
              41.752149168297
            ],
            [
              -87.6398001520996,
              41.7519886034583
            ],
            [
              -87.6397971222387,
              41.7518445091776
            ],
            [
              -87.6397936380171,
              41.7517000688381
            ],
            [
              -87.6397897474272,
              41.7515508243319
            ],
            [
              -87.6397852472025,
              41.7513731031557
            ],
            [
              -87.6397820368272,
              41.751245816363
            ],
            [
              -87.639778156994,
              41.7510955422465
            ],
            [
              -87.6397751606253,
              41.7509908980794
            ],
            [
              -87.6397721304735,
              41.7508468034973
            ],
            [
              -87.6397643423396,
              41.7507124894345
            ],
            [
              -87.6395192936925,
              41.7507161766427
            ],
            [
              -87.6394290429147,
              41.7507175468674
            ],
            [
              -87.6393745134593,
              41.7507183742534
            ],
            [
              -87.6394580056825,
              41.750495008242
            ],
            [
              -87.6394911286509,
              41.7488654156466
            ],
            [
              -87.6393314316846,
              41.7488682698554
            ],
            [
              -87.6391992212576,
              41.7488743349836
            ],
            [
              -87.6391678958023,
              41.7488757720065
            ],
            [
              -87.6391023990198,
              41.7488787764751
            ],
            [
              -87.6390718778023,
              41.7479437496327
            ],
            [
              -87.6390681100855,
              41.7470606784199
            ],
            [
              -87.6390816481421,
              41.7462068136479
            ],
            [
              -87.6390979079587,
              41.7451812417858
            ],
            [
              -87.6391367736479,
              41.7444912636892
            ],
            [
              -87.6391958813932,
              41.7434419006303
            ],
            [
              -87.6386028811076,
              41.7434567592026
            ],
            [
              -87.6378979424734,
              41.7434744189579
            ],
            [
              -87.6376381567072,
              41.7434809255376
            ],
            [
              -87.6372979516164,
              41.7434894458318
            ],
            [
              -87.6364829699434,
              41.7435256694815
            ],
            [
              -87.6364474773408,
              41.7435670672625
            ],
            [
              -87.6363539603233,
              41.7436761441981
            ],
            [
              -87.6363369949475,
              41.7436959323054
            ],
            [
              -87.6362931276309,
              41.743747098095
            ],
            [
              -87.6361800278936,
              41.7438790149657
            ],
            [
              -87.6360869615587,
              41.7439861813541
            ],
            [
              -87.6360051884848,
              41.7440864286474
            ],
            [
              -87.6359715821374,
              41.7441342500743
            ],
            [
              -87.6359674899456,
              41.7441414507259
            ],
            [
              -87.6359512672205,
              41.7441699968009
            ],
            [
              -87.6354809424228,
              41.7439874419791
            ],
            [
              -87.6352509969356,
              41.7438969649084
            ],
            [
              -87.6350203282048,
              41.743805659689
            ],
            [
              -87.6349525691565,
              41.7437791223163
            ],
            [
              -87.6346452898719,
              41.7436599621932
            ],
            [
              -87.6345316210038,
              41.7436184968226
            ],
            [
              -87.634373849588,
              41.7435609432224
            ],
            [
              -87.6343705986083,
              41.743559998614
            ],
            [
              -87.6342314637134,
              41.7435195709774
            ],
            [
              -87.6341135573656,
              41.7435059234355
            ],
            [
              -87.6341018876887,
              41.7430642701614
            ],
            [
              -87.6340837153079,
              41.7423751185756
            ],
            [
              -87.6340720212844,
              41.741923004857
            ],
            [
              -87.6340632305901,
              41.7415748357585
            ],
            [
              -87.6340626426175,
              41.741550642742
            ],
            [
              -87.6340566444107,
              41.7413037951452
            ],
            [
              -87.6340500225251,
              41.7410326719723
            ],
            [
              -87.6340458796641,
              41.7408775383917
            ],
            [
              -87.6340377635788,
              41.7408049294548
            ],
            [
              -87.6340140876307,
              41.7395643573477
            ],
            [
              -87.6339687216846,
              41.7394820949656
            ],
            [
              -87.634042941797,
              41.7391844460039
            ],
            [
              -87.6340867992887,
              41.7391524669933
            ],
            [
              -87.6340588697067,
              41.7390672234023
            ],
            [
              -87.6340133692429,
              41.7389129223406
            ],
            [
              -87.6339769279681,
              41.7387679378959
            ],
            [
              -87.6339459899523,
              41.7386223014051
            ],
            [
              -87.6339210172269,
              41.7384756718229
            ],
            [
              -87.6339069940072,
              41.7383750760868
            ],
            [
              -87.6338885856297,
              41.7382144218576
            ],
            [
              -87.6338765885236,
              41.7380538063752
            ],
            [
              -87.6338735127322,
              41.7379573937354
            ],
            [
              -87.6338662660646,
              41.7377388341442
            ],
            [
              -87.633862710369,
              41.7376444765363
            ],
            [
              -87.6338598208574,
              41.7375731068612
            ],
            [
              -87.6338573070584,
              41.737509286602
            ],
            [
              -87.6338526640976,
              41.7373885086518
            ],
            [
              -87.6338504893962,
              41.7372934736415
            ],
            [
              -87.6338352667481,
              41.7366704220404
            ],
            [
              -87.6338189869569,
              41.7360603999646
            ],
            [
              -87.6338161268523,
              41.735956109959
            ],
            [
              -87.6339455395371,
              41.7359661872352
            ],
            [
              -87.6340855037127,
              41.7359770860081
            ],
            [
              -87.6341339017768,
              41.7359501426848
            ],
            [
              -87.6341212268931,
              41.735851956958
            ],
            [
              -87.6341144689109,
              41.7357994303213
            ],
            [
              -87.6341002677872,
              41.7356309123097
            ],
            [
              -87.6340896559226,
              41.7354692760908
            ],
            [
              -87.6340746679218,
              41.735204358767
            ],
            [
              -87.6340381315112,
              41.7344772366976
            ],
            [
              -87.634033276371,
              41.7343760347767
            ],
            [
              -87.634030948336,
              41.7343372330441
            ],
            [
              -87.6340279586405,
              41.7342751247777
            ],
            [
              -87.6340103717612,
              41.7339120823962
            ],
            [
              -87.6339632097415,
              41.7328981150266
            ],
            [
              -87.6339515138046,
              41.7326253274335
            ],
            [
              -87.6339123880492,
              41.7317150063056
            ],
            [
              -87.6338607367539,
              41.7308911007765
            ],
            [
              -87.6338211738021,
              41.7304139892292
            ],
            [
              -87.6338033808314,
              41.7299857678534
            ],
            [
              -87.6337516254658,
              41.7299864777623
            ],
            [
              -87.6337481257586,
              41.7299291730048
            ],
            [
              -87.6337395713253,
              41.7288605530592
            ],
            [
              -87.6349782227295,
              41.7288640813827
            ],
            [
              -87.6350435733602,
              41.7288882717539
            ],
            [
              -87.6351367550348,
              41.7288898259409
            ],
            [
              -87.6353599860672,
              41.7288883280454
            ],
            [
              -87.6355233000399,
              41.7288861203525
            ],
            [
              -87.6356163560839,
              41.7288848629345
            ],
            [
              -87.6359309167507,
              41.7288800215267
            ],
            [
              -87.6361317127298,
              41.7288772662827
            ],
            [
              -87.6364273525933,
              41.7288732088457
            ],
            [
              -87.6366662162465,
              41.7288693058963
            ],
            [
              -87.6367460131879,
              41.7288682078496
            ],
            [
              -87.6368766405279,
              41.728866410135
            ],
            [
              -87.6371174386943,
              41.7288630942789
            ],
            [
              -87.6373501418327,
              41.7288586108528
            ],
            [
              -87.6375086312312,
              41.7288555568768
            ],
            [
              -87.6377782276675,
              41.7288519474896
            ],
            [
              -87.6379542678545,
              41.7288495809319
            ],
            [
              -87.6380175230209,
              41.7288487304225
            ],
            [
              -87.6383781756281,
              41.7288433379208
            ],
            [
              -87.6385617975851,
              41.7288410472975
            ],
            [
              -87.6386243152556,
              41.7288402671891
            ],
            [
              -87.6387841416571,
              41.7288382730794
            ],
            [
              -87.6390232596895,
              41.7288345037082
            ],
            [
              -87.6391647658548,
              41.7288323374451
            ],
            [
              -87.6392931546681,
              41.7288303714243
            ],
            [
              -87.6395790195005,
              41.7288264993114
            ],
            [
              -87.6397756323957,
              41.728824274204
            ],
            [
              -87.6399712039995,
              41.7288220605893
            ],
            [
              -87.6402116036943,
              41.7288182967528
            ],
            [
              -87.640378728897,
              41.7288156715454
            ],
            [
              -87.6408248200821,
              41.7288090409204
            ],
            [
              -87.640994053004,
              41.7288064332836
            ],
            [
              -87.6412012295058,
              41.7288032408151
            ],
            [
              -87.6413962248402,
              41.7288008473137
            ],
            [
              -87.6415980358566,
              41.7287982988425
            ],
            [
              -87.6416640595915,
              41.7287974651876
            ],
            [
              -87.6420567933499,
              41.728793022652
            ],
            [
              -87.6422031186947,
              41.7287909170403
            ],
            [
              -87.6423714963267,
              41.7287884935088
            ],
            [
              -87.642671733065,
              41.7287835477836
            ],
            [
              -87.6428087721128,
              41.7287814196127
            ],
            [
              -87.6429584096793,
              41.7287790958348
            ],
            [
              -87.6431383888608,
              41.7287762801123
            ],
            [
              -87.6434207384992,
              41.7287767248706
            ],
            [
              -87.6436895168055,
              41.7287765243496
            ],
            [
              -87.6437500371502,
              41.7287765220227
            ],
            [
              -87.6440259086559,
              41.7287718310453
            ],
            [
              -87.6442060182189,
              41.7287671277152
            ],
            [
              -87.6443589000495,
              41.7287631596123
            ],
            [
              -87.6444434026861,
              41.7287609768285
            ],
            [
              -87.6445232712005,
              41.7287570647272
            ],
            [
              -87.6446211651704,
              41.7287084459328
            ],
            [
              -87.6446518235696,
              41.7288117885195
            ],
            [
              -87.6446592395913,
              41.7289200687826
            ],
            [
              -87.6446632089908,
              41.7290046174984
            ],
            [
              -87.6446693300013,
              41.7291346798625
            ],
            [
              -87.6446793222945,
              41.7293481926194
            ],
            [
              -87.6446869484159,
              41.7298432851183
            ],
            [
              -87.645188851287,
              41.7298432046502
            ],
            [
              -87.6454486914941,
              41.7298255505511
            ],
            [
              -87.6458301148104,
              41.729743445893
            ],
            [
              -87.6461081154761,
              41.7296545462052
            ],
            [
              -87.6464384144957,
              41.7295138167664
            ],
            [
              -87.6467167849629,
              41.7293470481262
            ],
            [
              -87.6469871880789,
              41.7291541602145
            ],
            [
              -87.6472491642265,
              41.7289354933796
            ],
            [
              -87.6474981892086,
              41.7286426521014
            ],
            [
              -87.6475785793608,
              41.7286619990682
            ],
            [
              -87.6479571071355,
              41.7287081659933
            ],
            [
              -87.6478991329698,
              41.7288651800888
            ],
            [
              -87.6478294854516,
              41.7290552198628
            ],
            [
              -87.6477630066198,
              41.7292365244002
            ],
            [
              -87.6476802322419,
              41.7294620249132
            ],
            [
              -87.6476148830529,
              41.7296369967224
            ],
            [
              -87.6475337782066,
              41.7298535057209
            ],
            [
              -87.6474550471652,
              41.7300637443403
            ],
            [
              -87.6474247617628,
              41.7301471279651
            ],
            [
              -87.6472745998948,
              41.7305509079589
            ],
            [
              -87.6471538852043,
              41.7308755007333
            ],
            [
              -87.646961488989,
              41.7313928328565
            ],
            [
              -87.6468850470451,
              41.7315976141806
            ],
            [
              -87.6468850232792,
              41.7315976785299
            ],
            [
              -87.6468656639169,
              41.7316495399195
            ],
            [
              -87.6467366044992,
              41.7319926314299
            ],
            [
              -87.6465655421457,
              41.7324438447058
            ],
            [
              -87.6465184956786,
              41.7325344184191
            ],
            [
              -87.6469633472147,
              41.7325348885179
            ],
            [
              -87.6470524795289,
              41.7325349620575
            ],
            [
              -87.6471770982228,
              41.7325350646708
            ],
            [
              -87.6472401509231,
              41.7325351165232
            ],
            [
              -87.6475081651925,
              41.7325369909546
            ],
            [
              -87.6478032134959,
              41.7325339586754
            ],
            [
              -87.6478291379054,
              41.7325336920878
            ],
            [
              -87.6480714896875,
              41.7324957842043
            ],
            [
              -87.6482790961036,
              41.7324488045286
            ],
            [
              -87.648402477326,
              41.7324553300099
            ],
            [
              -87.6486258753326,
              41.7324648126038
            ],
            [
              -87.6488271494545,
              41.7324655452735
            ],
            [
              -87.649003005113,
              41.7324655131301
            ],
            [
              -87.649086427719,
              41.7324654981212
            ],
            [
              -87.6493493158857,
              41.7324635777464
            ],
            [
              -87.6496084407392,
              41.7324607227158
            ],
            [
              -87.6499331166132,
              41.7324571444427
            ],
            [
              -87.6502129194527,
              41.7324529474873
            ],
            [
              -87.650404778819,
              41.7324500691803
            ],
            [
              -87.6508213014658,
              41.7324429416509
            ],
            [
              -87.6511904479194,
              41.7324366236042
            ],
            [
              -87.6514548912294,
              41.7324331711019
            ],
            [
              -87.6516018981788,
              41.7324312167488
            ],
            [
              -87.6518836387647,
              41.7324269967591
            ],
            [
              -87.6520315672998,
              41.7324247808487
            ],
            [
              -87.6525360312949,
              41.7324172225333
            ],
            [
              -87.6525652280008,
              41.7324167849072
            ],
            [
              -87.652639977831,
              41.7324157721648
            ],
            [
              -87.652809776375,
              41.7324134702028
            ],
            [
              -87.6532443338132,
              41.73240757904
            ],
            [
              -87.6544587820827,
              41.7323906542847
            ],
            [
              -87.6556734951724,
              41.7323737130388
            ],
            [
              -87.6562860319965,
              41.7323658447037
            ],
            [
              -87.6568909842797,
              41.7323580703338
            ],
            [
              -87.6571246845364,
              41.7323550662362
            ],
            [
              -87.6573203109782,
              41.7323493290931
            ],
            [
              -87.6581043046681,
              41.7323370769608
            ],
            [
              -87.6581905662074,
              41.7323076279931
            ],
            [
              -87.6585462312335,
              41.7323042434067
            ],
            [
              -87.6588069235722,
              41.7322984758179
            ],
            [
              -87.6590797560656,
              41.7322964279917
            ],
            [
              -87.6593199623567,
              41.7322938390648
            ],
            [
              -87.6594086281269,
              41.7322928835127
            ],
            [
              -87.6597228101115,
              41.7322965502068
            ],
            [
              -87.6599591078943,
              41.7322942861074
            ],
            [
              -87.6602075649736,
              41.7322939174485
            ],
            [
              -87.6604584955936,
              41.7322899133469
            ],
            [
              -87.6605346986594,
              41.7322859401172
            ],
            [
              -87.6608045694765,
              41.7322718688651
            ],
            [
              -87.6611334794235,
              41.7322646708286
            ],
            [
              -87.6614063121389,
              41.7322626174785
            ],
            [
              -87.6616889060233,
              41.732258795842
            ],
            [
              -87.6617521487565,
              41.7322564439556
            ],
            [
              -87.6619009043126,
              41.7322509118984
            ],
            [
              -87.66202030865,
              41.7322461357509
            ],
            [
              -87.6621177548299,
              41.7322448803288
            ],
            [
              -87.662254189404,
              41.7322420281143
            ],
            [
              -87.6624052768412,
              41.7322356121806
            ],
            [
              -87.6625198671686,
              41.7322253335931
            ],
            [
              -87.662632021642,
              41.7322150409476
            ],
            [
              -87.6627368690029,
              41.7322047052732
            ],
            [
              -87.6629666360827,
              41.7321970322857
            ],
            [
              -87.6633391956368,
              41.7321306780312
            ],
            [
              -87.6634250033957,
              41.7321231374884
            ],
            [
              -87.6634974519642,
              41.7321214192833
            ],
            [
              -87.6637349708401,
              41.7321174247931
            ],
            [
              -87.6641709957398,
              41.7321110631306
            ],
            [
              -87.6645253762609,
              41.7321058915248
            ],
            [
              -87.6648467586617,
              41.7321016693146
            ],
            [
              -87.6653929872642,
              41.7320934069785
            ],
            [
              -87.6653784129559,
              41.7316751659261
            ],
            [
              -87.6653676053408,
              41.73132860577
            ],
            [
              -87.6653636635398,
              41.7311898911599
            ],
            [
              -87.6653600879408,
              41.7310640648861
            ],
            [
              -87.6653557709842,
              41.7308795942998
            ],
            [
              -87.6653429139361,
              41.7304727295489
            ],
            [
              -87.6653367157947,
              41.7302450488976
            ],
            [
              -87.6658583807479,
              41.7302387258288
            ],
            [
              -87.6661818044923,
              41.7302346214991
            ],
            [
              -87.6664239446672,
              41.7302320550061
            ],
            [
              -87.6665457444254,
              41.7302307637275
            ],
            [
              -87.666740916854,
              41.7302286943366
            ],
            [
              -87.6670734615096,
              41.7302251678664
            ],
            [
              -87.6674597424127,
              41.7302210561007
            ],
            [
              -87.6676326527463,
              41.7302192154159
            ],
            [
              -87.6678968602603,
              41.7302163548798
            ],
            [
              -87.667997139738,
              41.7302119958
            ],
            [
              -87.6680456849066,
              41.7302116456872
            ],
            [
              -87.6681005884333,
              41.7302093506939
            ],
            [
              -87.6681223783134,
              41.7302084400389
            ],
            [
              -87.6681563748009,
              41.7302422544514
            ],
            [
              -87.6681740530359,
              41.7302598518066
            ],
            [
              -87.6682066868086,
              41.7302926294712
            ],
            [
              -87.6691549370328,
              41.731240787468
            ],
            [
              -87.6697538665729,
              41.7319148898488
            ],
            [
              -87.6730883043655,
              41.7356645517233
            ],
            [
              -87.6727907708612,
              41.735662208844
            ],
            [
              -87.6727911282172,
              41.735675998334
            ],
            [
              -87.6727970965447,
              41.7359060693084
            ],
            [
              -87.6729131341502,
              41.7359096041159
            ],
            [
              -87.672986266964,
              41.7359237460042
            ],
            [
              -87.6730212481509,
              41.7359513901785
            ],
            [
              -87.673049297508,
              41.7359851692163
            ],
            [
              -87.6730936393921,
              41.7360379087522
            ],
            [
              -87.6731755323796,
              41.7361358027155
            ],
            [
              -87.6732809546099,
              41.7362616174161
            ],
            [
              -87.6734099242692,
              41.7364136387935
            ],
            [
              -87.6735357235528,
              41.7365622111511
            ],
            [
              -87.6740333586685,
              41.7371636710845
            ],
            [
              -87.6740776923665,
              41.7372174395774
            ],
            [
              -87.6743608933019,
              41.7375600448045
            ],
            [
              -87.6744037853925,
              41.7376087249021
            ],
            [
              -87.6752051968258,
              41.7385559929145
            ],
            [
              -87.6752653633314,
              41.7386274426718
            ],
            [
              -87.6753047695739,
              41.7386831034792
            ],
            [
              -87.6760967599219,
              41.7393054224125
            ],
            [
              -87.6768945654123,
              41.7401192120402
            ],
            [
              -87.6771990567301,
              41.7406676734226
            ],
            [
              -87.6773061379733,
              41.7409001792422
            ],
            [
              -87.6773537342467,
              41.7410084665637
            ],
            [
              -87.677422312861,
              41.7411644882821
            ],
            [
              -87.6774502542976,
              41.7412309231944
            ],
            [
              -87.6774863179901,
              41.7413165317671
            ],
            [
              -87.6775295008464,
              41.7414227089635
            ],
            [
              -87.6775765426575,
              41.7415385678693
            ],
            [
              -87.6776151642618,
              41.7416429074777
            ],
            [
              -87.6776451553749,
              41.7417311435968
            ],
            [
              -87.6776760120728,
              41.7418316242769
            ],
            [
              -87.6777180495026,
              41.7419712203008
            ],
            [
              -87.6777707690971,
              41.742144961605
            ],
            [
              -87.6778104744789,
              41.7422724693116
            ],
            [
              -87.6778571017613,
              41.7424220258685
            ],
            [
              -87.6778959528381,
              41.7425507361633
            ],
            [
              -87.6779091297879,
              41.7426097591402
            ],
            [
              -87.6779311694937,
              41.7427197670897
            ],
            [
              -87.6779452642342,
              41.7427901572939
            ],
            [
              -87.6779645531246,
              41.7428864891845
            ],
            [
              -87.6779841566243,
              41.7429843909643
            ],
            [
              -87.6779851159469,
              41.742989181966
            ],
            [
              -87.6780290290973,
              41.7432254978018
            ],
            [
              -87.6780483494821,
              41.7433579663915
            ],
            [
              -87.678064170487,
              41.7434849261216
            ],
            [
              -87.6780753574096,
              41.743595585655
            ],
            [
              -87.6780842183186,
              41.7437043657891
            ],
            [
              -87.6780924007445,
              41.743829388372
            ],
            [
              -87.6780995414311,
              41.7439416165224
            ],
            [
              -87.6781058742168,
              41.744047747693
            ],
            [
              -87.678108412457,
              41.7440926590923
            ],
            [
              -87.6781145310582,
              41.7442044697616
            ],
            [
              -87.6781194580924,
              41.7443037321336
            ],
            [
              -87.6781230933924,
              41.7443894851293
            ],
            [
              -87.6781274752989,
              41.7445026854872
            ],
            [
              -87.6781311830595,
              41.7446173913693
            ],
            [
              -87.6781352972892,
              41.7447452448141
            ],
            [
              -87.6781378938747,
              41.7448259423485
            ],
            [
              -87.67814297965,
              41.7450033086877
            ],
            [
              -87.6781471400971,
              41.7451563551558
            ],
            [
              -87.6781508727621,
              41.7453154366628
            ],
            [
              -87.6781541662948,
              41.7454744607751
            ],
            [
              -87.6781566972363,
              41.7456291994109
            ],
            [
              -87.6781575201234,
              41.7457140581699
            ],
            [
              -87.6781525844246,
              41.7457525601382
            ],
            [
              -87.6781421986982,
              41.7458874660806
            ],
            [
              -87.6781461899058,
              41.7459706963167
            ],
            [
              -87.6781539080524,
              41.7461053761702
            ],
            [
              -87.6781566423836,
              41.7461968596084
            ],
            [
              -87.6781598735368,
              41.7463115627385
            ],
            [
              -87.6781621950471,
              41.7463931917475
            ],
            [
              -87.678163881727,
              41.7464652120516
            ],
            [
              -87.6781637963659,
              41.7465096144952
            ],
            [
              -87.6781617940608,
              41.7465703859686
            ],
            [
              -87.6781593470012,
              41.7465976265772
            ],
            [
              -87.6781543778358,
              41.7466286363835
            ],
            [
              -87.6781474104319,
              41.7466615558117
            ],
            [
              -87.6781386338631,
              41.7466993772368
            ],
            [
              -87.6781313291255,
              41.7467330357034
            ],
            [
              -87.6781263620672,
              41.7467674759068
            ],
            [
              -87.6781232745715,
              41.7468116416836
            ],
            [
              -87.6781227342926,
              41.7468719859685
            ],
            [
              -87.6781220202786,
              41.7469422087759
            ],
            [
              -87.6781214332146,
              41.74701432588
            ],
            [
              -87.6781226101045,
              41.7471076116674
            ],
            [
              -87.6781234755278,
              41.7472063019666
            ],
            [
              -87.6781242168016,
              41.7472811983946
            ],
            [
              -87.6781278652599,
              41.7473404413941
            ],
            [
              -87.6781308279317,
              41.7473806349761
            ],
            [
              -87.6781403226578,
              41.747427095388
            ],
            [
              -87.6781424060102,
              41.7474562452456
            ],
            [
              -87.6782476293033,
              41.747454856418
            ],
            [
              -87.6782481105651,
              41.7474978130896
            ],
            [
              -87.6782482857748,
              41.7475256004934
            ],
            [
              -87.6782490848774,
              41.747582206426
            ],
            [
              -87.6782474783369,
              41.7476501189175
            ],
            [
              -87.6782393988779,
              41.7478140453201
            ],
            [
              -87.6782253648204,
              41.7479779377666
            ],
            [
              -87.6782228270058,
              41.7480022790388
            ],
            [
              -87.6782163885337,
              41.7480948624805
            ],
            [
              -87.6782159018528,
              41.7481878234435
            ],
            [
              -87.678220609233,
              41.7483556581819
            ],
            [
              -87.6782212880743,
              41.7483789269302
            ],
            [
              -87.6782452111495,
              41.749269934223
            ],
            [
              -87.6782694618272,
              41.7501740775006
            ],
            [
              -87.6782720603491,
              41.7502786205337
            ],
            [
              -87.6782890081976,
              41.7509095646221
            ],
            [
              -87.6782982768976,
              41.7512595169446
            ],
            [
              -87.6783120468429,
              41.7517974796762
            ],
            [
              -87.6783266787759,
              41.7523409358845
            ],
            [
              -87.6783287018529,
              41.7524122993968
            ],
            [
              -87.678334361485,
              41.7526215850567
            ],
            [
              -87.6783505126724,
              41.7532408613133
            ],
            [
              -87.6783524943127,
              41.7533163407633
            ],
            [
              -87.6783725025048,
              41.7540519289028
            ],
            [
              -87.6783741861439,
              41.7541116271577
            ],
            [
              -87.6783937667487,
              41.75479918768
            ],
            [
              -87.6783956352439,
              41.7548407059553
            ],
            [
              -87.6784181619635,
              41.7553286346855
            ],
            [
              -87.6784581655496,
              41.7559000212586
            ],
            [
              -87.6784918687871,
              41.7563701756075
            ],
            [
              -87.6785183582176,
              41.7568289685384
            ],
            [
              -87.6785374992611,
              41.7573796537508
            ],
            [
              -87.6785393047731,
              41.7574273463318
            ],
            [
              -87.6785403164727,
              41.7574630280561
            ],
            [
              -87.678593736038,
              41.7576612654469
            ],
            [
              -87.6785456482004,
              41.7576619359902
            ],
            [
              -87.6781570690912,
              41.7576673521519
            ],
            [
              -87.6780594739268,
              41.7576685107681
            ],
            [
              -87.6778377784716,
              41.7576714586634
            ],
            [
              -87.6771314151399,
              41.7576810659863
            ],
            [
              -87.6763705276619,
              41.7577001263832
            ],
            [
              -87.6759422189044,
              41.7577107020756
            ],
            [
              -87.6754690517416,
              41.7577223837947
            ],
            [
              -87.6751734872038,
              41.7577264831818
            ],
            [
              -87.6747716663932,
              41.7577320551819
            ],
            [
              -87.6745732003491,
              41.7577344704675
            ],
            [
              -87.6742011174508,
              41.7577389977182
            ],
            [
              -87.6739146635519,
              41.7577424822856
            ],
            [
              -87.6737639097199,
              41.7577444416638
            ],
            [
              -87.6733505918393,
              41.7577498126113
            ],
            [
              -87.6731180138173,
              41.7577528343325
            ],
            [
              -87.6723461430891,
              41.7577634899913
            ],
            [
              -87.6721359719962,
              41.7577655107213
            ],
            [
              -87.6715943914143,
              41.7577707161908
            ],
            [
              -87.6709176958021,
              41.757779055482
            ],
            [
              -87.6708673982668,
              41.7577796752184
            ],
            [
              -87.6702550950054,
              41.7577862843978
            ],
            [
              -87.6702550052014,
              41.7577862852517
            ],
            [
              -87.6696981051258,
              41.7577917169209
            ],
            [
              -87.6696992418049,
              41.7577497260334
            ],
            [
              -87.6697022472518,
              41.7576387258749
            ],
            [
              -87.6697022517895,
              41.7576385700246
            ],
            [
              -87.6694898414678,
              41.7576398978815
            ],
            [
              -87.6686206504756,
              41.7576499664366
            ],
            [
              -87.6684868610132,
              41.7576512505516
            ],
            [
              -87.6683645239397,
              41.7576526007943
            ],
            [
              -87.6679993426964,
              41.757657004376
            ],
            [
              -87.6673716184672,
              41.7576643448012
            ],
            [
              -87.6672781458619,
              41.7576655178793
            ],
            [
              -87.6670815849657,
              41.757667465833
            ],
            [
              -87.6663631330752,
              41.7576763328216
            ],
            [
              -87.6662101132047,
              41.7576764735346
            ],
            [
              -87.6660667143856,
              41.7576766699204
            ],
            [
              -87.6659219405041,
              41.7576768581396
            ],
            [
              -87.6654807060042,
              41.7576814979749
            ],
            [
              -87.6650394212769,
              41.7576909380799
            ],
            [
              -87.6648400685394,
              41.7576969824143
            ],
            [
              -87.6645985518138,
              41.7577044959109
            ],
            [
              -87.6645105554478,
              41.7577077571132
            ],
            [
              -87.6639953296924,
              41.7577346010012
            ],
            [
              -87.6637473596142,
              41.7577458485294
            ],
            [
              -87.6636138077235,
              41.7577515931978
            ],
            [
              -87.6636140272009,
              41.7577741426344
            ],
            [
              -87.6619996513747,
              41.7577825246769
            ],
            [
              -87.6587847503451,
              41.7578241936726
            ],
            [
              -87.6586538522459,
              41.7578261663677
            ],
            [
              -87.658369763272,
              41.7578303294245
            ],
            [
              -87.6581589748422,
              41.7578345795177
            ],
            [
              -87.6579348972164,
              41.7578390941424
            ],
            [
              -87.6575000785829,
              41.7578433980005
            ],
            [
              -87.6571825898903,
              41.7578432451957
            ],
            [
              -87.6566491761666,
              41.7578565706152
            ],
            [
              -87.6559142075972,
              41.7578673331997
            ],
            [
              -87.6554010045139,
              41.7578756264168
            ],
            [
              -87.6546334848305,
              41.7578885899979
            ],
            [
              -87.6540680499965,
              41.7578972547788
            ],
            [
              -87.654015356409,
              41.7578979723479
            ],
            [
              -87.65393659617,
              41.7579360097583
            ],
            [
              -87.6539385583615,
              41.7580072914507
            ],
            [
              -87.6537484547006,
              41.7580099394759
            ],
            [
              -87.653175233733,
              41.7580182107679
            ],
            [
              -87.6527403808239,
              41.7580255840201
            ],
            [
              -87.652539222742,
              41.7580288514593
            ],
            [
              -87.6516108819784,
              41.7580429000176
            ],
            [
              -87.6515144247393,
              41.7580443899875
            ],
            [
              -87.6510316982347,
              41.7580518113081
            ],
            [
              -87.6504616907801,
              41.7580594020671
            ],
            [
              -87.6503173532761,
              41.7580616314402
            ],
            [
              -87.6499746057929,
              41.7580671401948
            ],
            [
              -87.649603008159,
              41.7580714471291
            ],
            [
              -87.6490909387379,
              41.7580800663284
            ],
            [
              -87.6490907158629,
              41.7580800696664
            ],
            [
              -87.6489624148343,
              41.7580820407468
            ],
            [
              -87.6488684804609,
              41.758083539406
            ],
            [
              -87.6485912609832,
              41.7580877192028
            ],
            [
              -87.6481128830657,
              41.7580951582907
            ],
            [
              -87.6479548130387,
              41.7580962739548
            ],
            [
              -87.6467959927925,
              41.7581133674172
            ],
            [
              -87.6466674467855,
              41.7581153402335
            ],
            [
              -87.646531075354,
              41.7580809109851
            ],
            [
              -87.6456856773344,
              41.7580930061764
            ],
            [
              -87.6455106198385,
              41.7580974469072
            ],
            [
              -87.644436568557,
              41.7581133096533
            ],
            [
              -87.6443325512364,
              41.7581150866345
            ],
            [
              -87.6442409673046,
              41.7581515860039
            ],
            [
              -87.6442389853742,
              41.7580696882624
            ],
            [
              -87.6442383432242,
              41.7580431728071
            ],
            [
              -87.6442372642172,
              41.7579985656646
            ],
            [
              -87.6442357039012,
              41.7579341294249
            ],
            [
              -87.6442312236896,
              41.7577490205081
            ],
            [
              -87.6442280977104,
              41.7576198274557
            ],
            [
              -87.6442267829849,
              41.7575710807629
            ],
            [
              -87.644222071937,
              41.7574122122916
            ],
            [
              -87.644215052851,
              41.757067979787
            ],
            [
              -87.644207956923,
              41.7568302531847
            ],
            [
              -87.6441983719182,
              41.756486032423
            ],
            [
              -87.6441933608605,
              41.756272687985
            ],
            [
              -87.6441894283504,
              41.7560962488078
            ],
            [
              -87.644089266253,
              41.7560850393303
            ],
            [
              -87.643647334133,
              41.7560934293205
            ],
            [
              -87.6435598578329,
              41.7560950897459
            ],
            [
              -87.6433971079676,
              41.756097272614
            ],
            [
              -87.6432674232754,
              41.756098822326
            ],
            [
              -87.6429647556139,
              41.7561039564851
            ],
            [
              -87.6427847634978,
              41.7561070093817
            ],
            [
              -87.6424342878079,
              41.7561129706249
            ],
            [
              -87.6423572333832,
              41.7561142114539
            ],
            [
              -87.6420322398439,
              41.7561194435227
            ],
            [
              -87.6417455871806,
              41.7561232978538
            ],
            [
              -87.6415387479995,
              41.7561260785181
            ],
            [
              -87.6411359047766,
              41.7561327704442
            ],
            [
              -87.6410234648332,
              41.7561346380411
            ],
            [
              -87.6407356382842,
              41.756139297562
            ],
            [
              -87.6405860240326,
              41.7561416815936
            ],
            [
              -87.6405267821379,
              41.756142625181
            ],
            [
              -87.640288283397,
              41.7561464245668
            ],
            [
              -87.6399057984762,
              41.7561536153399
            ]
          ]
        ]
      },
      "properties": {
        "COMMUNITY": "AUBURN GRESHAM",
        "AREA_NUMBER": "71",
        "tier": 5,
        "tier_label": "2,000 - 2,500"
      }
    },
    {
      "type": "Feature",
      "geometry": {
        "type": "Polygon",
        "coordinates": [
          [
            [
              -87.7202451357529,
              41.8698769324297
            ],
            [
              -87.7196511550167,
              41.8698967562996
            ],
            [
              -87.7193037113278,
              41.8699004154166
            ],
            [
              -87.719050644176,
              41.8699032690368
            ],
            [
              -87.7189834475275,
              41.8699040265085
            ],
            [
              -87.7186545555633,
              41.8699076456872
            ],
            [
              -87.718315308868,
              41.8699113725791
            ],
            [
              -87.7180466816934,
              41.8699133914777
            ],
            [
              -87.7180152193744,
              41.8699169550983
            ],
            [
              -87.7180029997891,
              41.8699201004044
            ],
            [
              -87.71799178554,
              41.8699256111538
            ],
            [
              -87.7179828718541,
              41.869932424028
            ],
            [
              -87.7179764605881,
              41.8699424610865
            ],
            [
              -87.7179748528357,
              41.8699493131059
            ],
            [
              -87.7162723634724,
              41.8699387238465
            ],
            [
              -87.7160422457209,
              41.8699412193847
            ],
            [
              -87.7157768135216,
              41.869943140376
            ],
            [
              -87.7155402967804,
              41.8699506943823
            ],
            [
              -87.7153011403706,
              41.8699575410466
            ],
            [
              -87.7150918526941,
              41.8699587197621
            ],
            [
              -87.71474328842,
              41.8699615629401
            ],
            [
              -87.7143780380517,
              41.869966208667
            ],
            [
              -87.714061365617,
              41.8699704565645
            ],
            [
              -87.7136124010383,
              41.8699754716957
            ],
            [
              -87.713449620849,
              41.8699777403063
            ],
            [
              -87.7132774039547,
              41.8699801399556
            ],
            [
              -87.713103208156,
              41.8699820401824
            ],
            [
              -87.7129425260543,
              41.8699837927828
            ],
            [
              -87.7126478939088,
              41.8699868657677
            ],
            [
              -87.7124023861856,
              41.8699900216626
            ],
            [
              -87.7121204163415,
              41.8699935089023
            ],
            [
              -87.7116250390946,
              41.8699989787076
            ],
            [
              -87.7113801575276,
              41.8700018432692
            ],
            [
              -87.7112994855285,
              41.8700027867151
            ],
            [
              -87.7108459476969,
              41.8700098793345
            ],
            [
              -87.7106655624787,
              41.8700119514273
            ],
            [
              -87.7102291741956,
              41.8700169627887
            ],
            [
              -87.7099507361205,
              41.8700197327934
            ],
            [
              -87.7097258291323,
              41.8700224634977
            ],
            [
              -87.7094933171537,
              41.8700257013021
            ],
            [
              -87.7091374230466,
              41.8700309025902
            ],
            [
              -87.7087735670973,
              41.8700355106262
            ],
            [
              -87.7085012302002,
              41.8700376791176
            ],
            [
              -87.7082198841194,
              41.8700410152762
            ],
            [
              -87.7080332774508,
              41.8700432277462
            ],
            [
              -87.7078311373681,
              41.870045584731
            ],
            [
              -87.7076140879532,
              41.870048244325
            ],
            [
              -87.7072191318243,
              41.8700531170664
            ],
            [
              -87.7069015065941,
              41.8700570930412
            ],
            [
              -87.7064245119235,
              41.8700636738897
            ],
            [
              -87.7063553330929,
              41.870064430989
            ],
            [
              -87.7061554329619,
              41.8700667423676
            ],
            [
              -87.7060400609175,
              41.870068060674
            ],
            [
              -87.7058453866173,
              41.8700622449605
            ],
            [
              -87.7057955914979,
              41.8700607571765
            ],
            [
              -87.7057864527507,
              41.8698782822066
            ],
            [
              -87.7057830574594,
              41.8697899810364
            ],
            [
              -87.7057795361017,
              41.8696394944025
            ],
            [
              -87.7057711773187,
              41.869465572852
            ],
            [
              -87.7057684731884,
              41.8693066109326
            ],
            [
              -87.7057619650336,
              41.8691409325184
            ],
            [
              -87.7053963824442,
              41.86914392821
            ],
            [
              -87.7051804066114,
              41.8691459856171
            ],
            [
              -87.7049647952121,
              41.8691483187629
            ],
            [
              -87.7047723128064,
              41.8691507780933
            ],
            [
              -87.704557022119,
              41.8691541001598
            ],
            [
              -87.7043179648425,
              41.8691586637808
            ],
            [
              -87.7041183131905,
              41.8691621255646
            ],
            [
              -87.703871501306,
              41.8691637368616
            ],
            [
              -87.7037490790653,
              41.8691653160947
            ],
            [
              -87.7036035256606,
              41.8691669879054
            ],
            [
              -87.7033228459954,
              41.8691706107329
            ],
            [
              -87.7030484761562,
              41.869174151696
            ],
            [
              -87.7028792770448,
              41.8691759672413
            ],
            [
              -87.7027405910404,
              41.8691774561167
            ],
            [
              -87.7025632039045,
              41.8691793360073
            ],
            [
              -87.7022938403691,
              41.8691818354235
            ],
            [
              -87.7020938033671,
              41.8691833980353
            ],
            [
              -87.7018706632658,
              41.8691859309728
            ],
            [
              -87.7017243331552,
              41.8691881724239
            ],
            [
              -87.7014628960054,
              41.8691910702358
            ],
            [
              -87.7012628581612,
              41.8691927137229
            ],
            [
              -87.7011936088089,
              41.8691932656233
            ],
            [
              -87.7008747799658,
              41.8691963840565
            ],
            [
              -87.7006137544228,
              41.8691989364258
            ],
            [
              -87.7004829558972,
              41.8692010423221
            ],
            [
              -87.7002449319022,
              41.8692050268641
            ],
            [
              -87.7000600854855,
              41.8692075203889
            ],
            [
              -87.6998671652431,
              41.8692096672148
            ],
            [
              -87.6996751978,
              41.8692119561863
            ],
            [
              -87.6994747126496,
              41.8692143075962
            ],
            [
              -87.6992745159396,
              41.8692171544884
            ],
            [
              -87.6991129851988,
              41.8692194181841
            ],
            [
              -87.6988974032264,
              41.8692224810479
            ],
            [
              -87.6987059533323,
              41.8692244419478
            ],
            [
              -87.6984316669723,
              41.869225473973
            ],
            [
              -87.6982658009897,
              41.8692260975176
            ],
            [
              -87.6979968560272,
              41.8692307848452
            ],
            [
              -87.6977656677332,
              41.8692340611152
            ],
            [
              -87.6975656977272,
              41.8692362473877
            ],
            [
              -87.6974039915958,
              41.8692377121495
            ],
            [
              -87.6972538888422,
              41.8692390222334
            ],
            [
              -87.697143514959,
              41.8692399742676
            ],
            [
              -87.6969819543061,
              41.8692415764536
            ],
            [
              -87.6966586064454,
              41.8692454100658
            ],
            [
              -87.6963119027403,
              41.869249771841
            ],
            [
              -87.6959847807496,
              41.8692403512073
            ],
            [
              -87.6957429873377,
              41.8692333874892
            ],
            [
              -87.6955351528828,
              41.8692363223973
            ],
            [
              -87.6953649905315,
              41.8692389365639
            ],
            [
              -87.6952885024592,
              41.869240111545
            ],
            [
              -87.6949330113063,
              41.8692435232402
            ],
            [
              -87.6948098336136,
              41.8692457177261
            ],
            [
              -87.6946269186081,
              41.8692496339427
            ],
            [
              -87.694388745183,
              41.8692538250546
            ],
            [
              -87.6941731222954,
              41.8692571669677
            ],
            [
              -87.6939359140699,
              41.8692603608599
            ],
            [
              -87.6936243794982,
              41.8692650200882
            ],
            [
              -87.6935153913373,
              41.8692697077139
            ],
            [
              -87.6933577532585,
              41.869276487495
            ],
            [
              -87.6930495398185,
              41.8692831669749
            ],
            [
              -87.6925713166597,
              41.8692918884451
            ],
            [
              -87.6922937171212,
              41.8692954984797
            ],
            [
              -87.6918703848313,
              41.8693002972567
            ],
            [
              -87.6915472160628,
              41.8693008518156
            ],
            [
              -87.6914609660849,
              41.8693012611285
            ],
            [
              -87.6913120263639,
              41.8693019681309
            ],
            [
              -87.6911985393558,
              41.8693025065402
            ],
            [
              -87.6911958179324,
              41.8692073939236
            ],
            [
              -87.6911911668353,
              41.8690460969846
            ],
            [
              -87.6911818499801,
              41.8687229558067
            ],
            [
              -87.6911812765653,
              41.8686426826622
            ],
            [
              -87.6911788678959,
              41.8685624000781
            ],
            [
              -87.6911755410585,
              41.8684821123589
            ],
            [
              -87.6911675233293,
              41.8683661228489
            ],
            [
              -87.6911563760818,
              41.8682418825295
            ],
            [
              -87.6911457511348,
              41.86815709486
            ],
            [
              -87.6911337124965,
              41.8680760715331
            ],
            [
              -87.6911174305307,
              41.8679603791051
            ],
            [
              -87.6910960884813,
              41.8678460299535
            ],
            [
              -87.6910784913091,
              41.8677701221045
            ],
            [
              -87.6910581400656,
              41.867694198301
            ],
            [
              -87.691035947517,
              41.8676189502584
            ],
            [
              -87.6910109982091,
              41.867544029824
            ],
            [
              -87.6909837503154,
              41.8674694392843
            ],
            [
              -87.6909542015081,
              41.8673955219307
            ],
            [
              -87.6909558980209,
              41.8673019348209
            ],
            [
              -87.6908773991797,
              41.8672283789339
            ],
            [
              -87.6908678985511,
              41.8671754560999
            ],
            [
              -87.69084797585,
              41.867064475166
            ],
            [
              -87.6907198841683,
              41.8669640496306
            ],
            [
              -87.6906548649243,
              41.8668576892875
            ],
            [
              -87.6905903085957,
              41.8667509876417
            ],
            [
              -87.6904805511541,
              41.8665754271632
            ],
            [
              -87.6905335905954,
              41.866574667776
            ],
            [
              -87.6907369274012,
              41.8665724604342
            ],
            [
              -87.6907596036176,
              41.8665722088788
            ],
            [
              -87.6887885407912,
              41.863785990622
            ],
            [
              -87.6881877714014,
              41.8630646756046
            ],
            [
              -87.6881220025434,
              41.8611522787316
            ],
            [
              -87.688220313937,
              41.8611510417404
            ],
            [
              -87.6882180642404,
              41.8610553646126
            ],
            [
              -87.6882097929573,
              41.8607369841651
            ],
            [
              -87.6882069114374,
              41.8606127906586
            ],
            [
              -87.6882011487916,
              41.8603644033651
            ],
            [
              -87.6882206970892,
              41.8595146572443
            ],
            [
              -87.6881947716607,
              41.8594257228349
            ],
            [
              -87.6881746783301,
              41.8593456933623
            ],
            [
              -87.6880787700952,
              41.8593462742216
            ],
            [
              -87.6880761345513,
              41.8592433580138
            ],
            [
              -87.6880640332427,
              41.8587582428694
            ],
            [
              -87.6880549546303,
              41.8583832571689
            ],
            [
              -87.688049679279,
              41.8581777515335
            ],
            [
              -87.6880354977036,
              41.8574432401906
            ],
            [
              -87.6880284341378,
              41.8570960513367
            ],
            [
              -87.6879679798004,
              41.8569934883148
            ],
            [
              -87.6880396111363,
              41.8569776124121
            ],
            [
              -87.6881836595635,
              41.8569456464433
            ],
            [
              -87.6883717477882,
              41.8569038238052
            ],
            [
              -87.688850929763,
              41.8567977725011
            ],
            [
              -87.6898015101335,
              41.8565835618015
            ],
            [
              -87.6907161821619,
              41.8563804629215
            ],
            [
              -87.6916087887545,
              41.8561810065347
            ],
            [
              -87.6917315738379,
              41.8561535638749
            ],
            [
              -87.6927952662089,
              41.8559135469588
            ],
            [
              -87.6930178381481,
              41.8558640192658
            ],
            [
              -87.6931343490432,
              41.8558379130757
            ],
            [
              -87.6932436316967,
              41.8558134799981
            ],
            [
              -87.6938842164853,
              41.855670573782
            ],
            [
              -87.6943317228021,
              41.8555701525528
            ],
            [
              -87.6951681505856,
              41.8553827069509
            ],
            [
              -87.6954601698767,
              41.8553164093029
            ],
            [
              -87.6955646822913,
              41.8552926308389
            ],
            [
              -87.6955664985255,
              41.8553489764498
            ],
            [
              -87.6955745314727,
              41.8555595353716
            ],
            [
              -87.6957501386045,
              41.8555654961381
            ],
            [
              -87.695945810539,
              41.8555633192971
            ],
            [
              -87.6959591340476,
              41.8555631706782
            ],
            [
              -87.6961480617159,
              41.8555597461207
            ],
            [
              -87.696439239661,
              41.8555541437812
            ],
            [
              -87.696604310758,
              41.8555504212468
            ],
            [
              -87.6969360056377,
              41.8555455639478
            ],
            [
              -87.6973785529932,
              41.8555409348116
            ],
            [
              -87.6974662950268,
              41.8555396642976
            ],
            [
              -87.6980756483151,
              41.8555303578501
            ],
            [
              -87.6988930088616,
              41.8555177599252
            ],
            [
              -87.6992185259568,
              41.855512945881
            ],
            [
              -87.6994729943107,
              41.855509208646
            ],
            [
              -87.7003674367212,
              41.8554973741333
            ],
            [
              -87.700477282926,
              41.855495492889
            ],
            [
              -87.700675349131,
              41.8554921002609
            ],
            [
              -87.7012308555812,
              41.8554824530001
            ],
            [
              -87.7015768551011,
              41.8554786486816
            ],
            [
              -87.7026759122415,
              41.8554619390328
            ],
            [
              -87.7028439394059,
              41.8554599076383
            ],
            [
              -87.7029346531454,
              41.8554588108963
            ],
            [
              -87.702925890008,
              41.8551251088456
            ],
            [
              -87.7029220992714,
              41.8549985502203
            ],
            [
              -87.7029133951074,
              41.8547079676506
            ],
            [
              -87.7029085414778,
              41.8545576656069
            ],
            [
              -87.7029044162643,
              41.8544299248265
            ],
            [
              -87.7028979598095,
              41.8541910281614
            ],
            [
              -87.7028972687614,
              41.8541654489608
            ],
            [
              -87.7028889416387,
              41.8539578545749
            ],
            [
              -87.7028830329544,
              41.8538095184706
            ],
            [
              -87.7034859784773,
              41.8536716750138
            ],
            [
              -87.7036712910449,
              41.8536320118443
            ],
            [
              -87.7037762932604,
              41.8536183721877
            ],
            [
              -87.7040193425543,
              41.8536237931422
            ],
            [
              -87.704097024253,
              41.8536187615237
            ],
            [
              -87.7042220872097,
              41.8536106611575
            ],
            [
              -87.7046368460407,
              41.8536011045169
            ],
            [
              -87.7047043944648,
              41.8536001045939
            ],
            [
              -87.7051931292852,
              41.8535928693309
            ],
            [
              -87.705312287106,
              41.8535944965417
            ],
            [
              -87.7055015637979,
              41.8535970805007
            ],
            [
              -87.705921012368,
              41.8535941228506
            ],
            [
              -87.7063962182548,
              41.8535907709989
            ],
            [
              -87.7065309605017,
              41.8535895931308
            ],
            [
              -87.7066495085258,
              41.8535886406863
            ],
            [
              -87.707139610922,
              41.8535842443623
            ],
            [
              -87.7076540135222,
              41.8535796276125
            ],
            [
              -87.7077454519889,
              41.8535786114212
            ],
            [
              -87.7078694263003,
              41.853577233373
            ],
            [
              -87.7083487746488,
              41.8535732725043
            ],
            [
              -87.7088224213667,
              41.8535693565693
            ],
            [
              -87.7089631689045,
              41.853568071288
            ],
            [
              -87.7090974453709,
              41.8535668450659
            ],
            [
              -87.7095726778189,
              41.853562613851
            ],
            [
              -87.710067919533,
              41.8535582024794
            ],
            [
              -87.7101839119326,
              41.8535573326834
            ],
            [
              -87.7103163621874,
              41.8535563393669
            ],
            [
              -87.7106930249504,
              41.8535534228041
            ],
            [
              -87.7111063293964,
              41.8535502210817
            ],
            [
              -87.7112086757036,
              41.8535585900677
            ],
            [
              -87.7112036348867,
              41.8534367790458
            ],
            [
              -87.7111811945668,
              41.8527292484243
            ],
            [
              -87.7111682380296,
              41.8523207157766
            ],
            [
              -87.7111664840867,
              41.8521835480812
            ],
            [
              -87.7111581348267,
              41.852083062876
            ],
            [
              -87.7111487089882,
              41.8519989825216
            ],
            [
              -87.7115226919757,
              41.851915908306
            ],
            [
              -87.7117560158934,
              41.8518636847915
            ],
            [
              -87.7121715334086,
              41.8517706802877
            ],
            [
              -87.7123519905267,
              41.8517310509182
            ],
            [
              -87.7124272846228,
              41.851714516014
            ],
            [
              -87.7125680234556,
              41.8516979879239
            ],
            [
              -87.7127469377366,
              41.8516963751851
            ],
            [
              -87.7130241917505,
              41.8516939486432
            ],
            [
              -87.7134998882735,
              41.8516897659575
            ],
            [
              -87.7136327838462,
              41.8516872569299
            ],
            [
              -87.7137838136877,
              41.8516844097824
            ],
            [
              -87.7139023184276,
              41.8516821674932
            ],
            [
              -87.7147780845172,
              41.8516715469478
            ],
            [
              -87.7150043556066,
              41.8516711731132
            ],
            [
              -87.7151368781404,
              41.8516709539909
            ],
            [
              -87.7157803868791,
              41.8516631287186
            ],
            [
              -87.7162247644044,
              41.8516577224251
            ],
            [
              -87.7163540746871,
              41.8516561487318
            ],
            [
              -87.7168304600274,
              41.8516490261756
            ],
            [
              -87.7174381308595,
              41.8516407591163
            ],
            [
              -87.7175358196257,
              41.8516407563023
            ],
            [
              -87.7186595576717,
              41.851631436513
            ],
            [
              -87.7187822619342,
              41.8516304180406
            ],
            [
              -87.7197218114248,
              41.851616780507
            ],
            [
              -87.719877918235,
              41.8516152362343
            ],
            [
              -87.7208746667025,
              41.8516053706486
            ],
            [
              -87.7211081523013,
              41.8516031020008
            ],
            [
              -87.721120023685,
              41.8516029866291
            ],
            [
              -87.7212758856962,
              41.8516014720824
            ],
            [
              -87.7221598829474,
              41.8515909922354
            ],
            [
              -87.7222870109815,
              41.8515894844977
            ],
            [
              -87.7222811551697,
              41.85145465544
            ],
            [
              -87.7222722999167,
              41.8511676462678
            ],
            [
              -87.7222707882669,
              41.8511186473722
            ],
            [
              -87.7222566007648,
              41.8506331024546
            ],
            [
              -87.7222486824427,
              41.8503621288382
            ],
            [
              -87.7222365921771,
              41.8496657077015
            ],
            [
              -87.7222324270825,
              41.8493686876207
            ],
            [
              -87.7234517346028,
              41.8490959398375
            ],
            [
              -87.7237427663199,
              41.8490309361866
            ],
            [
              -87.724527122543,
              41.8488556905027
            ],
            [
              -87.7246918084932,
              41.8488184847469
            ],
            [
              -87.7249841302753,
              41.8487531436682
            ],
            [
              -87.7261831934833,
              41.848484033233
            ],
            [
              -87.7262848006132,
              41.848461244062
            ],
            [
              -87.7276654551499,
              41.8481515704791
            ],
            [
              -87.7279210791415,
              41.8480942595307
            ],
            [
              -87.7289601214318,
              41.847861324015
            ],
            [
              -87.729523782396,
              41.8477353073786
            ],
            [
              -87.7300975329686,
              41.8476072841361
            ],
            [
              -87.7311508004127,
              41.847372345273
            ],
            [
              -87.7315723799633,
              41.847278505549
            ],
            [
              -87.7316914545693,
              41.8472516864286
            ],
            [
              -87.7322132678097,
              41.8471340142747
            ],
            [
              -87.7327612833623,
              41.8470106446455
            ],
            [
              -87.7331465483843,
              41.8469238129355
            ],
            [
              -87.7332959602357,
              41.8468906333179
            ],
            [
              -87.7338641851948,
              41.8467642769689
            ],
            [
              -87.7341790984001,
              41.8466942262363
            ],
            [
              -87.7343893681236,
              41.8466473578372
            ],
            [
              -87.7349027102451,
              41.8465329997703
            ],
            [
              -87.735734825425,
              41.846346263083
            ],
            [
              -87.7363499355676,
              41.8462091610083
            ],
            [
              -87.7375121069414,
              41.8459503740469
            ],
            [
              -87.7383841776072,
              41.8457573074826
            ],
            [
              -87.7393288685605,
              41.8456006967062
            ],
            [
              -87.7393357429009,
              41.8458177488366
            ],
            [
              -87.7393407313261,
              41.8459767384501
            ],
            [
              -87.7393432822225,
              41.8460580217123
            ],
            [
              -87.7393699820375,
              41.8469048245562
            ],
            [
              -87.7393981251801,
              41.8477973802653
            ],
            [
              -87.7394381967838,
              41.8490682109876
            ],
            [
              -87.7394552048595,
              41.8496075938488
            ],
            [
              -87.7394752470698,
              41.8496073681677
            ],
            [
              -87.7395034882909,
              41.8511493509719
            ],
            [
              -87.7395103141132,
              41.8513558595851
            ],
            [
              -87.7395178154694,
              41.8515608458727
            ],
            [
              -87.7395294782989,
              41.8518791304123
            ],
            [
              -87.7395310550534,
              41.8519229918928
            ],
            [
              -87.7395423566782,
              41.8522328779217
            ],
            [
              -87.7395489786575,
              41.8524139237556
            ],
            [
              -87.7395603320081,
              41.8527261700902
            ],
            [
              -87.7395619817076,
              41.8527700857286
            ],
            [
              -87.7395736279454,
              41.8530904025129
            ],
            [
              -87.7395802489723,
              41.8532714483135
            ],
            [
              -87.7395928473595,
              41.8536157531989
            ],
            [
              -87.7395944245458,
              41.8536596154911
            ],
            [
              -87.7396070243078,
              41.854003864925
            ],
            [
              -87.7396136451262,
              41.8541849106942
            ],
            [
              -87.7396262438025,
              41.8545292168957
            ],
            [
              -87.7396278210446,
              41.8545730772598
            ],
            [
              -87.7396404210906,
              41.8549173285586
            ],
            [
              -87.7396436938097,
              41.8550079063937
            ],
            [
              -87.7396469679237,
              41.8550983739151
            ],
            [
              -87.7397069938805,
              41.8567446913874
            ],
            [
              -87.739713688219,
              41.8569257374458
            ],
            [
              -87.7397596106536,
              41.8581841093732
            ],
            [
              -87.7397612597536,
              41.8582279165664
            ],
            [
              -87.7397737278426,
              41.8585708480615
            ],
            [
              -87.7397770068237,
              41.8586608224056
            ],
            [
              -87.7397796871163,
              41.8587519454201
            ],
            [
              -87.7397895777986,
              41.859095577619
            ],
            [
              -87.7397902568619,
              41.8591175357569
            ],
            [
              -87.7397908611909,
              41.8591394378
            ],
            [
              -87.7398006791993,
              41.8594829601035
            ],
            [
              -87.7398039159965,
              41.8595966380327
            ],
            [
              -87.7398058341182,
              41.859663998116
            ],
            [
              -87.7398157253892,
              41.8600076305362
            ],
            [
              -87.7398170084434,
              41.8600514907084
            ],
            [
              -87.739824629131,
              41.8603164211058
            ],
            [
              -87.7398270634167,
              41.8604010510021
            ],
            [
              -87.7398295401809,
              41.8604866852412
            ],
            [
              -87.7398311190829,
              41.8605421823233
            ],
            [
              -87.7398793776069,
              41.8622230707237
            ],
            [
              -87.7398819546891,
              41.8623135896844
            ],
            [
              -87.7398845309026,
              41.8624041635242
            ],
            [
              -87.7398944184283,
              41.8627482340147
            ],
            [
              -87.7398957010594,
              41.8627921493227
            ],
            [
              -87.7399056504276,
              41.8631374824676
            ],
            [
              -87.7399108023161,
              41.8633187401611
            ],
            [
              -87.7399150571061,
              41.8634674306727
            ],
            [
              -87.7399206812301,
              41.8636639647857
            ],
            [
              -87.7399219629318,
              41.8637078249221
            ],
            [
              -87.7399318512859,
              41.8640518404515
            ],
            [
              -87.739934465053,
              41.8641424147316
            ],
            [
              -87.7399370802132,
              41.8642328786985
            ],
            [
              -87.7399468554815,
              41.8645732171295
            ],
            [
              -87.7399481390476,
              41.8646170772685
            ],
            [
              -87.7399580276131,
              41.8649610941152
            ],
            [
              -87.7399632192164,
              41.8651421318654
            ],
            [
              -87.7399722224843,
              41.8654546940978
            ],
            [
              -87.7399734697346,
              41.8654985540422
            ],
            [
              -87.7399829072899,
              41.8658278035798
            ],
            [
              -87.7399877873048,
              41.8659670328621
            ],
            [
              -87.7397722523097,
              41.8659700412721
            ],
            [
              -87.7397765029009,
              41.8660566096865
            ],
            [
              -87.7397830983705,
              41.8661869959633
            ],
            [
              -87.7398172998442,
              41.8670042753379
            ],
            [
              -87.7398484756285,
              41.8677519031859
            ],
            [
              -87.7398510819772,
              41.8678174354884
            ],
            [
              -87.7398537521471,
              41.8678761077549
            ],
            [
              -87.7398563549626,
              41.8679419833442
            ],
            [
              -87.7398731895884,
              41.8683547414891
            ],
            [
              -87.7398780666759,
              41.868472422943
            ],
            [
              -87.739894540462,
              41.8688745414887
            ],
            [
              -87.7399000234758,
              41.8689708786375
            ],
            [
              -87.739772331999,
              41.8690138944048
            ],
            [
              -87.7394031040702,
              41.8691164233714
            ],
            [
              -87.7393685346166,
              41.8691260226448
            ],
            [
              -87.7393660444813,
              41.86912671257
            ],
            [
              -87.7392606846375,
              41.8691559060114
            ],
            [
              -87.73908171775,
              41.8692054944446
            ],
            [
              -87.7390351033303,
              41.8692184882303
            ],
            [
              -87.7389063562806,
              41.8692543762271
            ],
            [
              -87.7386963557141,
              41.8693129132571
            ],
            [
              -87.7386881675385,
              41.8693152155525
            ],
            [
              -87.7384823380681,
              41.8693730841555
            ],
            [
              -87.7382837353566,
              41.8694282812531
            ],
            [
              -87.7382126700895,
              41.8694480322525
            ],
            [
              -87.737856625921,
              41.8695490962734
            ],
            [
              -87.7377611033224,
              41.8695757451968
            ],
            [
              -87.7377227470215,
              41.8695864456379
            ],
            [
              -87.7375516081887,
              41.8696341894438
            ],
            [
              -87.7375322698785,
              41.8696395844919
            ],
            [
              -87.7373646328091,
              41.8696859265818
            ],
            [
              -87.7372607467719,
              41.8697146395493
            ],
            [
              -87.7371697924421,
              41.869739951088
            ],
            [
              -87.7370606464209,
              41.8697703245603
            ],
            [
              -87.7369429846261,
              41.8698027890113
            ],
            [
              -87.7368437282,
              41.8698301754685
            ],
            [
              -87.7367117192235,
              41.869865935109
            ],
            [
              -87.7365314137571,
              41.8699147774167
            ],
            [
              -87.7364403732505,
              41.8699407267908
            ],
            [
              -87.7362265670932,
              41.8700016676289
            ],
            [
              -87.7361053027621,
              41.8700353866462
            ],
            [
              -87.7359547216651,
              41.8700772577086
            ],
            [
              -87.7358137428642,
              41.8701166071659
            ],
            [
              -87.7357080148178,
              41.870146117324
            ],
            [
              -87.735348598561,
              41.8702457289867
            ],
            [
              -87.7351173337115,
              41.8703094215415
            ],
            [
              -87.7347913707132,
              41.870399193841
            ],
            [
              -87.7345277335674,
              41.8704721613855
            ],
            [
              -87.7341578554711,
              41.870575090195
            ],
            [
              -87.7339556189055,
              41.8706309186251
            ],
            [
              -87.7335884013273,
              41.8707318333977
            ],
            [
              -87.7333469870461,
              41.8707995629784
            ],
            [
              -87.7330695700641,
              41.8708773673897
            ],
            [
              -87.7328360677121,
              41.8709430516133
            ],
            [
              -87.7326786687723,
              41.870984673881
            ],
            [
              -87.7326580096251,
              41.8709298810809
            ],
            [
              -87.7326444013796,
              41.8706853243145
            ],
            [
              -87.732637933947,
              41.8705431663901
            ],
            [
              -87.7326342921726,
              41.8704631240673
            ],
            [
              -87.732626951696,
              41.8702785345763
            ],
            [
              -87.7326186072933,
              41.8700952570699
            ],
            [
              -87.7326148769725,
              41.8699464438107
            ],
            [
              -87.7326102672532,
              41.869762582092
            ],
            [
              -87.7326066860975,
              41.8696039182792
            ],
            [
              -87.7326013226415,
              41.8694731542088
            ],
            [
              -87.7325977185671,
              41.869385291216
            ],
            [
              -87.7325899796865,
              41.8691844538907
            ],
            [
              -87.7325834121118,
              41.8690067841961
            ],
            [
              -87.7321409699938,
              41.8690147596477
            ],
            [
              -87.7319676880118,
              41.8690175022848
            ],
            [
              -87.7316990805057,
              41.8690217760748
            ],
            [
              -87.7313902960193,
              41.8690272382335
            ],
            [
              -87.7312174206584,
              41.8690296800017
            ],
            [
              -87.7307789641446,
              41.8690347432556
            ],
            [
              -87.7306248980548,
              41.8690359298979
            ],
            [
              -87.7303965565491,
              41.8690373383833
            ],
            [
              -87.7301675135614,
              41.8690391612294
            ],
            [
              -87.7300807871176,
              41.8690398514397
            ],
            [
              -87.7298275716645,
              41.8690431863265
            ],
            [
              -87.7295989965394,
              41.8690460464534
            ],
            [
              -87.7293704180822,
              41.8690491805331
            ],
            [
              -87.7290861404293,
              41.8690526797385
            ],
            [
              -87.7288259864356,
              41.8690559484676
            ],
            [
              -87.7285025260747,
              41.8690603102371
            ],
            [
              -87.7282424869408,
              41.8690631117259
            ],
            [
              -87.7279503559122,
              41.8690661825463
            ],
            [
              -87.7277237576367,
              41.8690691286698
            ],
            [
              -87.7274592739941,
              41.8690725665877
            ],
            [
              -87.7273318944247,
              41.8690743094653
            ],
            [
              -87.7270788612911,
              41.8690777490229
            ],
            [
              -87.7268421687132,
              41.8690809175641
            ],
            [
              -87.726606813867,
              41.8690823912468
            ],
            [
              -87.7263737198847,
              41.8690854966036
            ],
            [
              -87.7260847446901,
              41.869088797799
            ],
            [
              -87.7258399071498,
              41.8690913174714
            ],
            [
              -87.7256746275315,
              41.8690929227912
            ],
            [
              -87.7252929134566,
              41.86909662809
            ],
            [
              -87.7252879774244,
              41.8689400422401
            ],
            [
              -87.7252805292123,
              41.8686799572447
            ],
            [
              -87.7252789721197,
              41.8685964322762
            ],
            [
              -87.7252784845069,
              41.8685702860036
            ],
            [
              -87.7252771664601,
              41.8685335584279
            ],
            [
              -87.7251524376333,
              41.8685348697267
            ],
            [
              -87.7247965785571,
              41.868538609856
            ],
            [
              -87.7246798153201,
              41.8685398368874
            ],
            [
              -87.7238426350098,
              41.8685496671296
            ],
            [
              -87.7231442329633,
              41.8685596798444
            ],
            [
              -87.7229411643081,
              41.8685618921992
            ],
            [
              -87.7228169030908,
              41.868563245708
            ],
            [
              -87.7226841298658,
              41.8685646918594
            ],
            [
              -87.722534711561,
              41.8685663190933
            ],
            [
              -87.7220434147607,
              41.8685724867386
            ],
            [
              -87.7213215316556,
              41.8685807168301
            ],
            [
              -87.7206363511666,
              41.8685902358973
            ],
            [
              -87.720384642933,
              41.8685929701858
            ],
            [
              -87.7202018367132,
              41.8685949557039
            ],
            [
              -87.7202055871858,
              41.868686312195
            ],
            [
              -87.7202083286992,
              41.8687522775738
            ],
            [
              -87.720213823075,
              41.8688688828273
            ],
            [
              -87.7202156074025,
              41.8689829196831
            ],
            [
              -87.720217287586,
              41.869090335193
            ],
            [
              -87.7202240077305,
              41.8692707783327
            ],
            [
              -87.7202318358887,
              41.8694966447843
            ],
            [
              -87.7202386743876,
              41.8696954476006
            ],
            [
              -87.7202451357529,
              41.8698769324297
            ]
          ]
        ]
      },
      "properties": {
        "COMMUNITY": "NORTH LAWNDALE",
        "AREA_NUMBER": "29",
        "tier": 4,
        "tier_label": "2,500 - 3,000"
      }
    },
    {
      "type": "Feature",
      "geometry": {
        "type": "Polygon",
        "coordinates": [
          [
            [
              -87.6915757784914,
              41.888203486909
            ],
            [
              -87.6896850035664,
              41.8881897696224
            ],
            [
              -87.6886772785579,
              41.8881824460591
            ],
            [
              -87.6889650529349,
              41.8880660622691
            ],
            [
              -87.6890418727236,
              41.888050713891
            ],
            [
              -87.6892962316049,
              41.8880284806397
            ],
            [
              -87.68939655692,
              41.8879875815706
            ],
            [
              -87.6894946304364,
              41.8879476003615
            ],
            [
              -87.6896966976886,
              41.8878941909666
            ],
            [
              -87.6898960478506,
              41.8878369932053
            ],
            [
              -87.6901221455359,
              41.8877675952696
            ],
            [
              -87.6902285875575,
              41.8877280568464
            ],
            [
              -87.6903323146452,
              41.8876843870316
            ],
            [
              -87.6904328668869,
              41.8876369251905
            ],
            [
              -87.6905302431509,
              41.887585673246
            ],
            [
              -87.6906244373017,
              41.887531315586
            ],
            [
              -87.6907177723927,
              41.8874711212486
            ],
            [
              -87.6908125417523,
              41.8874051033412
            ],
            [
              -87.6909036672041,
              41.8873363212748
            ],
            [
              -87.6909902349834,
              41.8872640830626
            ],
            [
              -87.6910722407851,
              41.8871890753006
            ],
            [
              -87.691157561975,
              41.887103794555
            ],
            [
              -87.6912215921225,
              41.8870358898023
            ],
            [
              -87.6912805975296,
              41.8869655551576
            ],
            [
              -87.6913345774605,
              41.8868927917221
            ],
            [
              -87.6913830649359,
              41.8868182815814
            ],
            [
              -87.6914438487953,
              41.8867078227701
            ],
            [
              -87.6915012989889,
              41.8865935071925
            ],
            [
              -87.691566094259,
              41.8864649543287
            ],
            [
              -87.6916088484735,
              41.8863211204268
            ],
            [
              -87.6916219185297,
              41.8862536161718
            ],
            [
              -87.6916290318304,
              41.8861850503604
            ],
            [
              -87.6916918382889,
              41.8861017015713
            ],
            [
              -87.6916229618039,
              41.8860117854644
            ],
            [
              -87.6916166441167,
              41.8859550516009
            ],
            [
              -87.6916023227075,
              41.8858264339034
            ],
            [
              -87.6916345350345,
              41.8857267920096
            ],
            [
              -87.691586852562,
              41.8856750706968
            ],
            [
              -87.6915877313388,
              41.8855872603284
            ],
            [
              -87.6916047480137,
              41.8855040840602
            ],
            [
              -87.6916171735655,
              41.8854433514603
            ],
            [
              -87.6916155106064,
              41.8853342587135
            ],
            [
              -87.6916173941321,
              41.8851919118138
            ],
            [
              -87.6916188445903,
              41.8851387496261
            ],
            [
              -87.6916025121101,
              41.8846148508721
            ],
            [
              -87.6916012599368,
              41.884556528666
            ],
            [
              -87.6915978652208,
              41.8844375554495
            ],
            [
              -87.6916226588907,
              41.8844366890547
            ],
            [
              -87.6917305995644,
              41.8844329175668
            ],
            [
              -87.6919803024762,
              41.8844241918789
            ],
            [
              -87.6922853640704,
              41.8844123012907
            ],
            [
              -87.6922684501163,
              41.8841728087923
            ],
            [
              -87.6922648402401,
              41.8840415862688
            ],
            [
              -87.6922610828025,
              41.8839069051691
            ],
            [
              -87.6922562577371,
              41.8836931423959
            ],
            [
              -87.6922543967095,
              41.8836106616635
            ],
            [
              -87.6922512843498,
              41.8834727657033
            ],
            [
              -87.6922481056462,
              41.8833234335485
            ],
            [
              -87.6922427929293,
              41.8831393198818
            ],
            [
              -87.6922369239756,
              41.8829490628536
            ],
            [
              -87.6922299795518,
              41.8827239341692
            ],
            [
              -87.6922265771989,
              41.8825793482918
            ],
            [
              -87.6922209290435,
              41.8823068405573
            ],
            [
              -87.6922125868311,
              41.8820376918206
            ],
            [
              -87.6922043805906,
              41.8817729099261
            ],
            [
              -87.692199109016,
              41.8815398116365
            ],
            [
              -87.692194623154,
              41.8813411854626
            ],
            [
              -87.6921680383482,
              41.8811138293257
            ],
            [
              -87.6917345023327,
              41.8811179783063
            ],
            [
              -87.6916383786232,
              41.8811194102315
            ],
            [
              -87.6915358783676,
              41.881120937341
            ],
            [
              -87.6915103233675,
              41.8811213173002
            ],
            [
              -87.6915073713176,
              41.8810032345233
            ],
            [
              -87.6914885266277,
              41.8803177535192
            ],
            [
              -87.6914854394679,
              41.8802135446096
            ],
            [
              -87.6914827731358,
              41.8801129319164
            ],
            [
              -87.6914729978353,
              41.8797595551646
            ],
            [
              -87.6914654495964,
              41.8794130522803
            ],
            [
              -87.6914632806237,
              41.8793088687934
            ],
            [
              -87.6914619812527,
              41.8792510967649
            ],
            [
              -87.6914610560042,
              41.8792099528514
            ],
            [
              -87.6914598337904,
              41.8791485440272
            ],
            [
              -87.6914420812884,
              41.8785375060801
            ],
            [
              -87.6914383686106,
              41.8784045602666
            ],
            [
              -87.6914598884723,
              41.8784042538172
            ],
            [
              -87.6914225832437,
              41.8774993489818
            ],
            [
              -87.6913924414987,
              41.8767681941662
            ],
            [
              -87.6913625422843,
              41.876042912477
            ],
            [
              -87.6913495601779,
              41.8757279949363
            ],
            [
              -87.6913360603247,
              41.8754005058203
            ],
            [
              -87.6913304345874,
              41.8752640374215
            ],
            [
              -87.6913173508751,
              41.8749466414842
            ],
            [
              -87.691272043694,
              41.8738475408478
            ],
            [
              -87.6912346123557,
              41.8729394698725
            ],
            [
              -87.6911971054262,
              41.8720295399146
            ],
            [
              -87.6911596145932,
              41.8711199993024
            ],
            [
              -87.6913022885744,
              41.8711173850729
            ],
            [
              -87.6912523624488,
              41.8710410750933
            ],
            [
              -87.6912382626638,
              41.8710195238664
            ],
            [
              -87.691229734524,
              41.8706335660759
            ],
            [
              -87.6912692153703,
              41.8703113369494
            ],
            [
              -87.6912300498666,
              41.8702036412756
            ],
            [
              -87.6912188892828,
              41.8701120973165
            ],
            [
              -87.6912178018673,
              41.8700565824287
            ],
            [
              -87.6912285954593,
              41.8698023367821
            ],
            [
              -87.6912457728726,
              41.8693977132504
            ],
            [
              -87.6911985393558,
              41.8693025065402
            ],
            [
              -87.6913120263639,
              41.8693019681309
            ],
            [
              -87.6914609660849,
              41.8693012611285
            ],
            [
              -87.6915472160628,
              41.8693008518156
            ],
            [
              -87.6918703848313,
              41.8693002972567
            ],
            [
              -87.6922937171212,
              41.8692954984797
            ],
            [
              -87.6925713166597,
              41.8692918884451
            ],
            [
              -87.6930495398185,
              41.8692831669749
            ],
            [
              -87.6933577532585,
              41.869276487495
            ],
            [
              -87.6935153913373,
              41.8692697077139
            ],
            [
              -87.6936243794982,
              41.8692650200882
            ],
            [
              -87.6939359140699,
              41.8692603608599
            ],
            [
              -87.6941731222954,
              41.8692571669677
            ],
            [
              -87.694388745183,
              41.8692538250546
            ],
            [
              -87.6946269186081,
              41.8692496339427
            ],
            [
              -87.6948098336136,
              41.8692457177261
            ],
            [
              -87.6949330113063,
              41.8692435232402
            ],
            [
              -87.6952885024592,
              41.869240111545
            ],
            [
              -87.6953649905315,
              41.8692389365639
            ],
            [
              -87.6955351528828,
              41.8692363223973
            ],
            [
              -87.6957429873377,
              41.8692333874892
            ],
            [
              -87.6959847807496,
              41.8692403512073
            ],
            [
              -87.6963119027403,
              41.869249771841
            ],
            [
              -87.6966586064454,
              41.8692454100658
            ],
            [
              -87.6969819543061,
              41.8692415764536
            ],
            [
              -87.697143514959,
              41.8692399742676
            ],
            [
              -87.6972538888422,
              41.8692390222334
            ],
            [
              -87.6974039915958,
              41.8692377121495
            ],
            [
              -87.6975656977272,
              41.8692362473877
            ],
            [
              -87.6977656677332,
              41.8692340611152
            ],
            [
              -87.6979968560272,
              41.8692307848452
            ],
            [
              -87.6982658009897,
              41.8692260975176
            ],
            [
              -87.6984316669723,
              41.869225473973
            ],
            [
              -87.6987059533323,
              41.8692244419478
            ],
            [
              -87.6988974032264,
              41.8692224810479
            ],
            [
              -87.6991129851988,
              41.8692194181841
            ],
            [
              -87.6992745159396,
              41.8692171544884
            ],
            [
              -87.6994747126496,
              41.8692143075962
            ],
            [
              -87.6996751978,
              41.8692119561863
            ],
            [
              -87.6998671652431,
              41.8692096672148
            ],
            [
              -87.7000600854855,
              41.8692075203889
            ],
            [
              -87.7002449319022,
              41.8692050268641
            ],
            [
              -87.7004829558972,
              41.8692010423221
            ],
            [
              -87.7006137544228,
              41.8691989364258
            ],
            [
              -87.7008747799658,
              41.8691963840565
            ],
            [
              -87.7011936088089,
              41.8691932656233
            ],
            [
              -87.7012628581612,
              41.8691927137229
            ],
            [
              -87.7014628960054,
              41.8691910702358
            ],
            [
              -87.7017243331552,
              41.8691881724239
            ],
            [
              -87.7018706632658,
              41.8691859309728
            ],
            [
              -87.7020938033671,
              41.8691833980353
            ],
            [
              -87.7022938403691,
              41.8691818354235
            ],
            [
              -87.7025632039045,
              41.8691793360073
            ],
            [
              -87.7027405910404,
              41.8691774561167
            ],
            [
              -87.7028792770448,
              41.8691759672413
            ],
            [
              -87.7030484761562,
              41.869174151696
            ],
            [
              -87.7033228459954,
              41.8691706107329
            ],
            [
              -87.7036035256606,
              41.8691669879054
            ],
            [
              -87.7037490790653,
              41.8691653160947
            ],
            [
              -87.703871501306,
              41.8691637368616
            ],
            [
              -87.7041183131905,
              41.8691621255646
            ],
            [
              -87.7043179648425,
              41.8691586637808
            ],
            [
              -87.704557022119,
              41.8691541001598
            ],
            [
              -87.7047723128064,
              41.8691507780933
            ],
            [
              -87.7049647952121,
              41.8691483187629
            ],
            [
              -87.7051804066114,
              41.8691459856171
            ],
            [
              -87.7053963824442,
              41.86914392821
            ],
            [
              -87.7057619650336,
              41.8691409325184
            ],
            [
              -87.7057684731884,
              41.8693066109326
            ],
            [
              -87.7057711773187,
              41.869465572852
            ],
            [
              -87.7057795361017,
              41.8696394944025
            ],
            [
              -87.7057830574594,
              41.8697899810364
            ],
            [
              -87.7057864527507,
              41.8698782822066
            ],
            [
              -87.7057955914979,
              41.8700607571765
            ],
            [
              -87.7058453866173,
              41.8700622449605
            ],
            [
              -87.7060400609175,
              41.870068060674
            ],
            [
              -87.7061554329619,
              41.8700667423676
            ],
            [
              -87.7063553330929,
              41.870064430989
            ],
            [
              -87.7064245119235,
              41.8700636738897
            ],
            [
              -87.7069015065941,
              41.8700570930412
            ],
            [
              -87.7072191318243,
              41.8700531170664
            ],
            [
              -87.7076140879532,
              41.870048244325
            ],
            [
              -87.7078311373681,
              41.870045584731
            ],
            [
              -87.7080332774508,
              41.8700432277462
            ],
            [
              -87.7082198841194,
              41.8700410152762
            ],
            [
              -87.7085012302002,
              41.8700376791176
            ],
            [
              -87.7087735670973,
              41.8700355106262
            ],
            [
              -87.7091374230466,
              41.8700309025902
            ],
            [
              -87.7094933171537,
              41.8700257013021
            ],
            [
              -87.7097258291323,
              41.8700224634977
            ],
            [
              -87.7099507361205,
              41.8700197327934
            ],
            [
              -87.7102291741956,
              41.8700169627887
            ],
            [
              -87.7106655624787,
              41.8700119514273
            ],
            [
              -87.7108459476969,
              41.8700098793345
            ],
            [
              -87.7112994855285,
              41.8700027867151
            ],
            [
              -87.7113801575276,
              41.8700018432692
            ],
            [
              -87.7116250390946,
              41.8699989787076
            ],
            [
              -87.7121204163415,
              41.8699935089023
            ],
            [
              -87.7124023861856,
              41.8699900216626
            ],
            [
              -87.7126478939088,
              41.8699868657677
            ],
            [
              -87.7129425260543,
              41.8699837927828
            ],
            [
              -87.713103208156,
              41.8699820401824
            ],
            [
              -87.7132774039547,
              41.8699801399556
            ],
            [
              -87.713449620849,
              41.8699777403063
            ],
            [
              -87.7136124010383,
              41.8699754716957
            ],
            [
              -87.714061365617,
              41.8699704565645
            ],
            [
              -87.7143780380517,
              41.869966208667
            ],
            [
              -87.71474328842,
              41.8699615629401
            ],
            [
              -87.7150918526941,
              41.8699587197621
            ],
            [
              -87.7153011403706,
              41.8699575410466
            ],
            [
              -87.7155402967804,
              41.8699506943823
            ],
            [
              -87.7157768135216,
              41.869943140376
            ],
            [
              -87.7160422457209,
              41.8699412193847
            ],
            [
              -87.7162723634724,
              41.8699387238465
            ],
            [
              -87.7179748528357,
              41.8699493131059
            ],
            [
              -87.7179764605881,
              41.8699424610865
            ],
            [
              -87.7179828718541,
              41.869932424028
            ],
            [
              -87.71799178554,
              41.8699256111538
            ],
            [
              -87.7180029997891,
              41.8699201004044
            ],
            [
              -87.7180152193744,
              41.8699169550983
            ],
            [
              -87.7180466816934,
              41.8699133914777
            ],
            [
              -87.718315308868,
              41.8699113725791
            ],
            [
              -87.7186545555633,
              41.8699076456872
            ],
            [
              -87.7189834475275,
              41.8699040265085
            ],
            [
              -87.719050644176,
              41.8699032690368
            ],
            [
              -87.7193037113278,
              41.8699004154166
            ],
            [
              -87.7196511550167,
              41.8698967562996
            ],
            [
              -87.7202451357529,
              41.8698769324297
            ],
            [
              -87.7202525974635,
              41.8700865232017
            ],
            [
              -87.7202567089651,
              41.8702095425978
            ],
            [
              -87.7202627642656,
              41.8703942631869
            ],
            [
              -87.7202760290197,
              41.8707197750117
            ],
            [
              -87.7202769072852,
              41.8707923561448
            ],
            [
              -87.7202782855777,
              41.8709062865128
            ],
            [
              -87.7202817195062,
              41.8710118488233
            ],
            [
              -87.7202860612023,
              41.8711415654053
            ],
            [
              -87.7202925867308,
              41.8713193180707
            ],
            [
              -87.7203046079711,
              41.871623949866
            ],
            [
              -87.7203072349331,
              41.8716998872129
            ],
            [
              -87.720314747665,
              41.8719165858024
            ],
            [
              -87.7203213550931,
              41.8721241689066
            ],
            [
              -87.7203267469916,
              41.872274637618
            ],
            [
              -87.7203332644112,
              41.8724456118996
            ],
            [
              -87.7203385199058,
              41.8726103228188
            ],
            [
              -87.7203421942319,
              41.8727253263337
            ],
            [
              -87.7203470935534,
              41.8728504629503
            ],
            [
              -87.7203554015625,
              41.8730761397186
            ],
            [
              -87.7203660439653,
              41.8733226578109
            ],
            [
              -87.720370902091,
              41.8735228994329
            ],
            [
              -87.720375290249,
              41.873703774
            ],
            [
              -87.7203792004454,
              41.8737909893587
            ],
            [
              -87.7203849545385,
              41.8739247485615
            ],
            [
              -87.7203894474362,
              41.8740627702622
            ],
            [
              -87.7203921771703,
              41.8741522943655
            ],
            [
              -87.7203963530034,
              41.8742892627711
            ],
            [
              -87.7203965364838,
              41.8743546041079
            ],
            [
              -87.7204073366314,
              41.8744489484722
            ],
            [
              -87.720418971164,
              41.8745505813539
            ],
            [
              -87.7204207527013,
              41.8745985054938
            ],
            [
              -87.7204220975502,
              41.8746346819062
            ],
            [
              -87.7204284970602,
              41.8748063964319
            ],
            [
              -87.7204467501062,
              41.8750327024858
            ],
            [
              -87.7204895951287,
              41.8752330419331
            ],
            [
              -87.7205284951334,
              41.8753381625088
            ],
            [
              -87.7206011661604,
              41.8755345444016
            ],
            [
              -87.7206392294589,
              41.8756859008263
            ],
            [
              -87.7206603962693,
              41.8758071449895
            ],
            [
              -87.7206730293579,
              41.8759607257821
            ],
            [
              -87.7206786826915,
              41.8761223374318
            ],
            [
              -87.7206828193679,
              41.876248407055
            ],
            [
              -87.7206865322353,
              41.876361567929
            ],
            [
              -87.7206941070064,
              41.8766065055401
            ],
            [
              -87.7207012106373,
              41.8768277300286
            ],
            [
              -87.72070723842,
              41.8770001285545
            ],
            [
              -87.7207091793734,
              41.877061569228
            ],
            [
              -87.7206929155552,
              41.8770934560033
            ],
            [
              -87.7206637580495,
              41.8771250813444
            ],
            [
              -87.7206353819174,
              41.8771582811066
            ],
            [
              -87.7206544028254,
              41.8780503201293
            ],
            [
              -87.7206809479813,
              41.8787939399187
            ],
            [
              -87.7206861659059,
              41.8789401064514
            ],
            [
              -87.7207063171077,
              41.8795210296602
            ],
            [
              -87.7207170584984,
              41.8798306829944
            ],
            [
              -87.7207587603201,
              41.8807974652855
            ],
            [
              -87.7207648731377,
              41.8809388181864
            ],
            [
              -87.7207703659196,
              41.8811557803284
            ],
            [
              -87.7207885696743,
              41.8813679257739
            ],
            [
              -87.7208040970937,
              41.8814973447426
            ],
            [
              -87.7208193364525,
              41.8816918834543
            ],
            [
              -87.7208260058519,
              41.8819047110455
            ],
            [
              -87.7208319733938,
              41.8820951357842
            ],
            [
              -87.7208485224115,
              41.8824540619046
            ],
            [
              -87.7208586618801,
              41.8828304623914
            ],
            [
              -87.7208641603468,
              41.8830083422874
            ],
            [
              -87.7208727450695,
              41.8832784258678
            ],
            [
              -87.720879623976,
              41.8835540950348
            ],
            [
              -87.7208912064946,
              41.8839601130212
            ],
            [
              -87.7208951651775,
              41.8840952076211
            ],
            [
              -87.7209008449606,
              41.8842890349884
            ],
            [
              -87.7209106369448,
              41.8846480346998
            ],
            [
              -87.7209199446504,
              41.8849885355834
            ],
            [
              -87.7209248546822,
              41.8851640349319
            ],
            [
              -87.7209261930852,
              41.8852118913008
            ],
            [
              -87.7209273643498,
              41.885253753618
            ],
            [
              -87.7209303756249,
              41.8853613971023
            ],
            [
              -87.7209330835087,
              41.8855585307623
            ],
            [
              -87.7209306431645,
              41.8859947980189
            ],
            [
              -87.7209405523435,
              41.8863415589104
            ],
            [
              -87.7209499373089,
              41.8867239921807
            ],
            [
              -87.7209529830967,
              41.8868297988232
            ],
            [
              -87.7209566659649,
              41.8869577280301
            ],
            [
              -87.7209666295153,
              41.8872872827324
            ],
            [
              -87.7209793104156,
              41.8877199414033
            ],
            [
              -87.720982556877,
              41.8878307008131
            ],
            [
              -87.7209836627236,
              41.8878721132547
            ],
            [
              -87.7209861584165,
              41.8879655406707
            ],
            [
              -87.7209887265065,
              41.8880616940554
            ],
            [
              -87.7209890795915,
              41.8880749070089
            ],
            [
              -87.7198782745601,
              41.8880761135778
            ],
            [
              -87.7198657958337,
              41.8880761270486
            ],
            [
              -87.7197675429413,
              41.8880773172892
            ],
            [
              -87.7190303922128,
              41.8880868350067
            ],
            [
              -87.7185462685704,
              41.8880930829219
            ],
            [
              -87.7173727436526,
              41.8881080617754
            ],
            [
              -87.7172386704619,
              41.8881097441882
            ],
            [
              -87.7168888246516,
              41.8881143842061
            ],
            [
              -87.7165772551428,
              41.8881189978059
            ],
            [
              -87.716096832082,
              41.8881245376479
            ],
            [
              -87.7160036296924,
              41.8881257512644
            ],
            [
              -87.7154292608857,
              41.8881332964325
            ],
            [
              -87.7151115455052,
              41.8881374179902
            ],
            [
              -87.7148865727431,
              41.8881403230093
            ],
            [
              -87.7141193758906,
              41.8881499102821
            ],
            [
              -87.7139980360269,
              41.8881513640723
            ],
            [
              -87.7137640146033,
              41.8881541678712
            ],
            [
              -87.7137442472293,
              41.8881545694551
            ],
            [
              -87.7136636658045,
              41.8881562071155
            ],
            [
              -87.713569675942,
              41.888156773726
            ],
            [
              -87.7135592441735,
              41.8881568365268
            ],
            [
              -87.7128880034241,
              41.8881652179758
            ],
            [
              -87.7119906481292,
              41.8881769911412
            ],
            [
              -87.7118141031181,
              41.8881793066525
            ],
            [
              -87.7117080197167,
              41.888180644104
            ],
            [
              -87.7113572725629,
              41.8881850657637
            ],
            [
              -87.7112264389186,
              41.8881861509889
            ],
            [
              -87.7110964880707,
              41.8881884557254
            ],
            [
              -87.7108329492927,
              41.8881918293414
            ],
            [
              -87.7096805478163,
              41.8882058160842
            ],
            [
              -87.7095795418424,
              41.8882069821065
            ],
            [
              -87.709381656477,
              41.8882096807086
            ],
            [
              -87.7088426434422,
              41.888216355931
            ],
            [
              -87.7086401668444,
              41.8882190280134
            ],
            [
              -87.7084229684467,
              41.8882250499337
            ],
            [
              -87.7082218191562,
              41.8882328739593
            ],
            [
              -87.7080564727777,
              41.8882412353368
            ],
            [
              -87.7078860794645,
              41.8882492262328
            ],
            [
              -87.7077143063621,
              41.8882575523894
            ],
            [
              -87.7075673548023,
              41.8882625832425
            ],
            [
              -87.7074874503316,
              41.8882652350786
            ],
            [
              -87.7072399509502,
              41.8882714329262
            ],
            [
              -87.7068643784707,
              41.88827693109
            ],
            [
              -87.7065393162808,
              41.8882809888483
            ],
            [
              -87.7064621835334,
              41.888281939672
            ],
            [
              -87.7063437607994,
              41.888283350803
            ],
            [
              -87.7062463913605,
              41.8882848781505
            ],
            [
              -87.706026009816,
              41.8882877911538
            ],
            [
              -87.7054709260059,
              41.8882947055147
            ],
            [
              -87.7050870998315,
              41.8882991236469
            ],
            [
              -87.7048529457376,
              41.8883019587773
            ],
            [
              -87.704234962002,
              41.8883095519996
            ],
            [
              -87.7038768396366,
              41.8883144501979
            ],
            [
              -87.7038741052981,
              41.8881720778213
            ],
            [
              -87.7017835041958,
              41.8881719193001
            ],
            [
              -87.701416244219,
              41.8881718026444
            ],
            [
              -87.7014161182518,
              41.8881718025
            ],
            [
              -87.7014177251368,
              41.8882340579309
            ],
            [
              -87.7012071956994,
              41.8882363254466
            ],
            [
              -87.7005846193051,
              41.8882442167736
            ],
            [
              -87.7003591879164,
              41.8882470908017
            ],
            [
              -87.7001323790106,
              41.8882499567917
            ],
            [
              -87.6989515116603,
              41.8882640216477
            ],
            [
              -87.6985998220392,
              41.8882682525878
            ],
            [
              -87.6976145444539,
              41.8882796112633
            ],
            [
              -87.6971439283783,
              41.8882866093571
            ],
            [
              -87.69706496545,
              41.8882868582172
            ],
            [
              -87.6966728970822,
              41.888289144373
            ],
            [
              -87.6965310718746,
              41.8882862995463
            ],
            [
              -87.6963943108993,
              41.8882821113347
            ],
            [
              -87.6961726906666,
              41.8882709340328
            ],
            [
              -87.6959515746193,
              41.8882552999802
            ],
            [
              -87.6958047996739,
              41.8882424791752
            ],
            [
              -87.6956135831286,
              41.8882208353604
            ],
            [
              -87.6954059014475,
              41.8881929252157
            ],
            [
              -87.6952078916983,
              41.8881619814408
            ],
            [
              -87.6950120748285,
              41.8881642222053
            ],
            [
              -87.6915757784914,
              41.888203486909
            ]
          ]
        ]
      },
      "properties": {
        "COMMUNITY": "EAST GARFIELD PARK",
        "AREA_NUMBER": "27",
        "tier": 2,
        "tier_label": "3,500 - 4,000"
      }
    }
  ]
}