{"type": "FeatureCollection", "features": [{"type": "Feature", "properties": {"name": "I&M Canal State Trail", "length_mi": 62.3, "osm_source": "relation"}, "geometry": {"type": "MultiLineString", "coordinates": [[[-89.0943949, 41.3262952], [-89.0945344, 41.3263557], [-89.0948991, 41.3262227], [-89.095512, 41.3259125], [-89.0963529, 41.3257433], [-89.0971307, 41.3254372], [-89.0974848, 41.3254251], [-89.0988527, 41.3252035], [-89.1004084, 41.3248772], [-89.1017602, 41.3245992], [-89.1070388, 41.3233705], [-89.1093133, 41.322879], [-89.1099946, 41.3226897]], [[-89.0837786, 41.327553], [-89.0838931, 41.3275299], [-89.0840409, 41.3274943], [-89.0847658, 41.3274151], [-89.0850528, 41.3273849], [-89.085392, 41.3273346], [-89.0857742, 41.3272903], [-89.0861388, 41.3272701], [-89.0872868, 41.3272057], [-89.0880485, 41.3271573], [-89.0914994, 41.3268431], [-89.0933378, 41.326545], [-89.0940301, 41.3264362], [-89.0943949, 41.3262952]], [[-89.083123, 41.3276012], [-89.0837786, 41.327553]], [[-89.0542759, 41.3353912], [-89.0547089, 41.3352781], [-89.0564524, 41.3348229], [-89.0567635, 41.3347827], [-89.0571605, 41.3346377], [-89.0629648, 41.3331473], [-89.0638606, 41.3328452], [-89.0645915, 41.3324907], [-89.0658294, 41.3315038], [-89.0670095, 41.3306821], [-89.0685558, 41.3299449], [-89.0701652, 41.3293568], [-89.0713601, 41.3290345], [-89.0726261, 41.3287606], [-89.0750132, 41.3284182], [-89.0766333, 41.3282128], [-89.0795086, 41.3279066], [-89.0822284, 41.3276246], [-89.0829146, 41.3275846], [-89.083123, 41.3276012]], [[-89.0541525, 41.3354234], [-89.0542759, 41.3353912]], [[-89.0462492, 41.3374531], [-89.0485774, 41.3368852], [-89.0519476, 41.3359991], [-89.0541525, 41.3354234]], [[-89.0457879, 41.3375659], [-89.0462492, 41.3374531]], [[-89.0124698, 41.3405357], [-89.0125359, 41.3404837], [-89.0126357, 41.3405022], [-89.0128378, 41.3406112], [-89.0134325, 41.3407416], [-89.0143043, 41.3409088], [-89.0149694, 41.3410357], [-89.0152913, 41.3410437], [-89.0154818, 41.3411202], [-89.0161148, 41.3412431], [-89.0168455, 41.3413418], [-89.0179667, 41.3414405], [-89.0186736, 41.3414847], [-89.0197089, 41.3415049], [-89.0208487, 41.3414405], [-89.0235202, 41.3411183], [-89.0287559, 41.3404215], [-89.0317331, 41.3399503], [-89.0345494, 41.3395717], [-89.0373872, 41.3392898], [-89.0383743, 41.3391569], [-89.0428911, 41.3382748], [-89.045466, 41.3376424], [-89.0457879, 41.3375659]], [[-89.0124102, 41.3407517], [-89.0124698, 41.3405357]], [[-89.0106484, 41.3405005], [-89.010726, 41.340499], [-89.0110421, 41.3405638], [-89.0114987, 41.340649], [-89.0123594, 41.3407989], [-89.0124102, 41.3407517]], [[-89.0106484, 41.3405005], [-89.0107101, 41.3406926]], [[-89.0102157, 41.3405957], [-89.0107101, 41.3406926]], [[-89.0085416, 41.3402653], [-89.0086318, 41.3402845], [-89.0093106, 41.3404164], [-89.0100045, 41.3405513], [-89.0102157, 41.3405957]], [[-89.0084428, 41.3399653], [-89.0084026, 41.3400812], [-89.0084078, 41.340133], [-89.0084384, 41.3401837], [-89.0085526, 41.3402105], [-89.0085416, 41.3402653]], [[-89.0085134, 41.3397065], [-89.0084428, 41.3399653]], [[-89.0014657, 41.3383015], [-89.0027979, 41.3385466], [-89.0034276, 41.3386716], [-89.0040573, 41.3388141], [-89.0052813, 41.3390702], [-89.0077842, 41.3395871], [-89.0081676, 41.3396549], [-89.0085134, 41.3397065]], [[-89.001343, 41.3382773], [-89.0014657, 41.3383015]], [[-88.9840666, 41.334768], [-88.9855991, 41.3350767], [-88.9886475, 41.3357051], [-88.9937638, 41.3367724], [-88.996682, 41.3373524], [-88.9982494, 41.3376752], [-88.9996552, 41.3379647], [-89.001343, 41.3382773]], [[-88.9839429, 41.3347431], [-88.9840666, 41.334768]], [[-88.9571156, 41.3288278], [-88.9600109, 41.3294454], [-88.9628982, 41.3300859], [-88.96758, 41.3311091], [-88.9708577, 41.3318503], [-88.9739007, 41.3325189], [-88.9774345, 41.3333044], [-88.980338, 41.3339489], [-88.9830993, 41.3345732], [-88.9839429, 41.3347431]], [[-88.9569178, 41.3287827], [-88.9571156, 41.3288278]], [[-88.9018636, 41.3325558], [-88.9030407, 41.3321806], [-88.9040063, 41.3319751], [-88.905266, 41.331673], [-88.9083028, 41.331035], [-88.9094083, 41.3307667], [-88.9122032, 41.3301504], [-88.9141781, 41.329744], [-88.9176266, 41.3290023], [-88.9211671, 41.3282329], [-88.9240049, 41.3276206], [-88.9267997, 41.3270083], [-88.932309, 41.3257957], [-88.9346318, 41.3253284], [-88.9358281, 41.3252196], [-88.936976, 41.325268], [-88.9378558, 41.3253727], [-88.9404482, 41.3258964], [-88.943125, 41.3264322], [-88.9489602, 41.3276488], [-88.9507532, 41.3279912], [-88.9511663, 41.3280516], [-88.9516973, 41.328104], [-88.9529888, 41.3281322], [-88.9533107, 41.3281443], [-88.9540201, 41.3282087], [-88.9544815, 41.3282812], [-88.9569178, 41.3287827]], [[-88.901641, 41.3326415], [-88.9018636, 41.3325558]], [[-88.8755819, 41.3479778], [-88.8772913, 41.3476507], [-88.878332, 41.3473446], [-88.8792224, 41.346958], [-88.8821477, 41.3452021], [-88.8854023, 41.3431643], [-88.886686, 41.342383], [-88.8869365, 41.3421896], [-88.888299, 41.3405464], [-88.8893145, 41.3394509], [-88.8898762, 41.3388709], [-88.8904411, 41.338452], [-88.8925117, 41.3372759], [-88.8978799, 41.3343275], [-88.8985011, 41.3340013], [-88.8989635, 41.3338039], [-88.901641, 41.3326415]], [[-88.8290952, 41.3524944], [-88.8305732, 41.3527606], [-88.8319248, 41.3530301], [-88.8321975, 41.3530566], [-88.8326586, 41.353095], [-88.8331197, 41.3531202], [-88.8345965, 41.3530908], [-88.8368057, 41.3530816], [-88.8396247, 41.3530428], [-88.8396544, 41.3530425], [-88.8398272, 41.3530452], [-88.8399746, 41.3530575], [-88.8404477, 41.3530417], [-88.8405745, 41.3530576], [-88.8410824, 41.353217], [-88.8411352, 41.3532234], [-88.8413352, 41.3532221], [-88.8413636, 41.3532219], [-88.8414823, 41.3532157], [-88.8415624, 41.3531772], [-88.8417128, 41.3530224], [-88.8420103, 41.3530166], [-88.842373, 41.3531406], [-88.8425872, 41.3532173], [-88.8426027, 41.3532165], [-88.8428528, 41.3532036], [-88.8434075, 41.3530044], [-88.8436818, 41.3529986], [-88.8439608, 41.3529919], [-88.8451597, 41.3529755], [-88.8456218, 41.3529414], [-88.8457328, 41.3529455], [-88.8459311, 41.3529633], [-88.8473589, 41.3529573], [-88.8481673, 41.3529409], [-88.8488002, 41.3529209], [-88.8553262, 41.3528554], [-88.8558399, 41.3528344], [-88.8560249, 41.352824], [-88.856598, 41.3527748], [-88.8568545, 41.352742], [-88.8572366, 41.3526751], [-88.8576423, 41.3525822], [-88.8618743, 41.3515404], [-88.8649794, 41.3507543], [-88.8674907, 41.3501434], [-88.8728212, 41.3488781], [-88.8732717, 41.3487846], [-88.8737385, 41.3486667], [-88.8740289, 41.3486138], [-88.8742664, 41.3485578], [-88.8746268, 41.3483595], [-88.8751719, 41.3482378], [-88.8755819, 41.3479778]], [[-88.82742, 41.3521479], [-88.8290952, 41.3524944]], [[-88.8250925, 41.3516334], [-88.8257033, 41.3517623], [-88.82742, 41.3521479]], [[-88.8124786, 41.3493622], [-88.8126503, 41.3493944], [-88.8130043, 41.3493783], [-88.8130218, 41.3494349], [-88.8130432, 41.3495152], [-88.8134013, 41.3494709], [-88.8136159, 41.3493421], [-88.8138412, 41.3493179], [-88.814045, 41.3493179], [-88.8159172, 41.3497367], [-88.8175641, 41.350079], [-88.8200854, 41.3505985], [-88.823127, 41.3512186], [-88.8250925, 41.3516334]], [[-88.7092137, 41.3279488], [-88.7093746, 41.3279488], [-88.7113126, 41.3283441], [-88.7115954, 41.3283215], [-88.7117745, 41.3283094], [-88.7118376, 41.3283049], [-88.7125181, 41.3284665], [-88.7126414, 41.3285189], [-88.7131994, 41.3287425], [-88.713308, 41.3288321], [-88.7133951, 41.3288754], [-88.7150031, 41.3291796], [-88.7178624, 41.3297798], [-88.7196115, 41.3301576], [-88.7197487, 41.3301642], [-88.7198895, 41.3301561], [-88.720055, 41.3301308], [-88.7202686, 41.3301395], [-88.7204326, 41.3301634], [-88.7206583, 41.3302506], [-88.7227587, 41.3307425], [-88.7232308, 41.3308956], [-88.7245773, 41.3311816], [-88.7266654, 41.3315844], [-88.7278536, 41.3318221], [-88.7281326, 41.3319897], [-88.7283914, 41.3320461], [-88.7287474, 41.3320124], [-88.7290418, 41.3320597], [-88.7292634, 41.3322516], [-88.7301786, 41.3324434], [-88.7306907, 41.3324127], [-88.7324415, 41.3327807], [-88.736835, 41.3336065], [-88.7372266, 41.333824], [-88.7383598, 41.3340818], [-88.7393026, 41.334114], [-88.7410299, 41.3344645], [-88.7437014, 41.3350042], [-88.7438516, 41.335266], [-88.7451337, 41.3356164], [-88.7455039, 41.3357494], [-88.7456004, 41.3357494], [-88.7461275, 41.3354634], [-88.7462337, 41.3354737], [-88.7466425, 41.3355641], [-88.746845, 41.3358621], [-88.7492536, 41.3363616], [-88.7508683, 41.3366798], [-88.7532394, 41.3369658], [-88.7567919, 41.337727], [-88.7601916, 41.3384238], [-88.7611197, 41.3386494], [-88.7630187, 41.3389756], [-88.765776, 41.3395476], [-88.7666021, 41.3397369], [-88.7667094, 41.3399584], [-88.7667952, 41.3400107], [-88.7670045, 41.3399463], [-88.76716, 41.3399906], [-88.7674443, 41.3401356], [-88.7688498, 41.3404658], [-88.769161, 41.3404578], [-88.7707971, 41.340784], [-88.7710744, 41.3408519], [-88.7714401, 41.3410035], [-88.7721554, 41.3411199], [-88.7726686, 41.3411677], [-88.7728063, 41.3412695], [-88.7731579, 41.34128], [-88.7743215, 41.3415211], [-88.7783395, 41.3423507], [-88.779981, 41.3427454], [-88.7811772, 41.3430112], [-88.7816654, 41.342975], [-88.7825666, 41.3432448], [-88.7845407, 41.3436758], [-88.7851255, 41.3437362], [-88.7866096, 41.3440785], [-88.7880062, 41.3444007], [-88.7888966, 41.3445014], [-88.7901144, 41.3448155], [-88.790978, 41.3450169], [-88.7918095, 41.3451417], [-88.7926893, 41.3453753], [-88.7933008, 41.3454357], [-88.796317, 41.3460438], [-88.7996148, 41.3467526], [-88.8000761, 41.3468573], [-88.8007842, 41.346962], [-88.8010685, 41.3470587], [-88.8013957, 41.3471151], [-88.8026027, 41.3473849], [-88.8034892, 41.3475661], [-88.8043462, 41.3476708], [-88.8057584, 41.3479487], [-88.8091259, 41.3486373], [-88.8103972, 41.3489273], [-88.8107781, 41.3489675], [-88.8113414, 41.3491286], [-88.8120656, 41.3492414], [-88.8124786, 41.3493622]], [[-88.7088154, 41.3278833], [-88.7092137, 41.3279488]], [[-88.7088154, 41.3278833], [-88.7085231, 41.3277726], [-88.7080972, 41.3276743], [-88.7073631, 41.3275146], [-88.7073307, 41.3275075], [-88.7070732, 41.3274874], [-88.7057236, 41.3271885], [-88.7022023, 41.326448], [-88.7009951, 41.3261959], [-88.7008352, 41.3261322], [-88.7007611, 41.3260881], [-88.7003068, 41.3260113], [-88.7001566, 41.3259952], [-88.6997918, 41.325959], [-88.6995711, 41.3259023], [-88.6991669, 41.3257898], [-88.6975022, 41.3254181]], [[-88.6969928, 41.32529], [-88.6975022, 41.3254181]], [[-88.6736, 41.320856], [-88.67385, 41.3208537], [-88.6741853, 41.3209122], [-88.6747405, 41.3210451], [-88.6752447, 41.3211277], [-88.6758187, 41.3212486], [-88.6766207, 41.3214702], [-88.6771786, 41.3215971], [-88.6776936, 41.3216615], [-88.6786592, 41.3218287], [-88.6791313, 41.3219335], [-88.6800667, 41.3220962], [-88.6805314, 41.3221994], [-88.6815372, 41.3224391], [-88.684434, 41.3230273], [-88.6846056, 41.3230575], [-88.6846942, 41.3230655], [-88.6847961, 41.3230414], [-88.6848631, 41.3230091], [-88.6849114, 41.3229608], [-88.6849892, 41.3229084], [-88.685075, 41.3228842], [-88.6851501, 41.3228883], [-88.6852708, 41.3229064], [-88.6854707, 41.3229433], [-88.6859535, 41.3230237], [-88.6876849, 41.3233764], [-88.6878491, 41.3234058], [-88.6880119, 41.3234135], [-88.6882604, 41.323404], [-88.6884452, 41.3234146], [-88.6886128, 41.3234456], [-88.6886687, 41.3234512], [-88.6888741, 41.323483], [-88.6895318, 41.3236142], [-88.6908855, 41.3239167], [-88.6929049, 41.3243349], [-88.6931802, 41.3243919], [-88.6933242, 41.3244458], [-88.6934422, 41.3245667], [-88.6935388, 41.324615], [-88.6956416, 41.3250662], [-88.6967279, 41.3253363], [-88.6968575, 41.3253386], [-88.6969425, 41.3253141], [-88.6969928, 41.32529]], [[-88.6735783, 41.320486], [-88.6736, 41.320856]], [[-88.6735783, 41.320486], [-88.6589654, 41.3174803], [-88.6582931, 41.3173536], [-88.6582219, 41.3173391], [-88.6581774, 41.31733], [-88.6475229, 41.3151489], [-88.646375, 41.3148266], [-88.6455596, 41.3147379], [-88.6445618, 41.3145203], [-88.6433602, 41.3142947], [-88.6422229, 41.3139079], [-88.6404848, 41.3131182], [-88.636322, 41.3113614], [-88.6350989, 41.3109181], [-88.6271382, 41.3101767], [-88.6262047, 41.3101526], [-88.6251571, 41.3103343], [-88.6197674, 41.312127], [-88.6129707, 41.314331], [-88.6122143, 41.3145163], [-88.6121126, 41.3145448], [-88.6115813, 41.3146936], [-88.6112541, 41.3147661], [-88.6109859, 41.3147984], [-88.6104655, 41.3149233], [-88.609973, 41.3150306], [-88.6092425, 41.3151972], [-88.6086507, 41.3153545], [-88.60844, 41.3154073], [-88.6081363, 41.3154731], [-88.6070372, 41.3157482]], [[-88.6070372, 41.3157482], [-88.6061835, 41.3159728], [-88.6046342, 41.3163502], [-88.6010993, 41.3171897], [-88.6002961, 41.317393], [-88.5990681, 41.3177042], [-88.5988895, 41.3177495], [-88.5972714, 41.3181258], [-88.5972328, 41.3181354], [-88.595979, 41.3184457], [-88.5958404, 41.31848], [-88.5952501, 41.3186881], [-88.5933076, 41.3198334], [-88.5911255, 41.3211516]], [[-88.5911255, 41.3211516], [-88.5908134, 41.3213402]], [[-88.5908134, 41.3213402], [-88.589699, 41.322026], [-88.587519, 41.323315], [-88.5834, 41.325738], [-88.579917, 41.3278764], [-88.5789495, 41.3283214], [-88.5782135, 41.3286171], [-88.5774327, 41.3288701], [-88.5767685, 41.3290971], [-88.576343, 41.3292596], [-88.5754512, 41.3295644], [-88.5744737, 41.3299108], [-88.5727341, 41.3304927], [-88.5699186, 41.3314412], [-88.565663, 41.3329527], [-88.563913, 41.333512], [-88.563599, 41.333626], [-88.561262, 41.334435], [-88.559473, 41.33509], [-88.558481, 41.335541], [-88.557381, 41.336138], [-88.55512, 41.337432], [-88.552304, 41.339085], [-88.551952, 41.339292], [-88.550611, 41.340042], [-88.550305, 41.340213], [-88.549099, 41.340891], [-88.547988, 41.341378], [-88.547184, 41.341659], [-88.546579, 41.341737], [-88.545484, 41.341759], [-88.543315, 41.341538], [-88.541017, 41.341319], [-88.539357, 41.341161], [-88.536386, 41.340854], [-88.534442, 41.340649], [-88.532473, 41.340441], [-88.53, 41.340189], [-88.525848, 41.339773], [-88.522878, 41.339484], [-88.522268, 41.339425], [-88.521855, 41.339376], [-88.520754, 41.339244], [-88.519651, 41.339149], [-88.519352, 41.339123], [-88.5191326, 41.3391532], [-88.5189824, 41.3391361], [-88.5187539, 41.339087], [-88.5186557, 41.3390694], [-88.518604, 41.339031], [-88.51852, 41.339035], [-88.518264, 41.339048], [-88.51773, 41.338956], [-88.516656, 41.33877], [-88.515215, 41.338554], [-88.5065246, 41.3378372]], [[-88.5065246, 41.3378372], [-88.504356, 41.3376824], [-88.5028969, 41.3377018], [-88.50197, 41.3378178], [-88.5004485, 41.3380948], [-88.5001589, 41.3381464], [-88.4947859, 41.3397317], [-88.4935843, 41.3401442], [-88.4930607, 41.340389], [-88.4926402, 41.3406726], [-88.4916617, 41.3413234], [-88.4909579, 41.3416779], [-88.4902455, 41.3419356], [-88.4890782, 41.3422514], [-88.4877049, 41.3425156], [-88.4857394, 41.3428635], [-88.483791, 41.3432308], [-88.4828984, 41.3435724], [-88.4818427, 41.344191], [-88.481259, 41.3447516], [-88.4806582, 41.3452735], [-88.4794121, 41.3460937], [-88.4794051, 41.3460983], [-88.4782549, 41.3467491], [-88.4768731, 41.3474063], [-88.475268, 41.3480056], [-88.474281, 41.3482891], [-88.4728133, 41.3486693], [-88.4707362, 41.3489914], [-88.4667965, 41.349552], [-88.4651572, 41.349829], [-88.4627711, 41.3504154], [-88.4611575, 41.3508277], [-88.4568144, 41.3522194], [-88.4557088, 41.3525783], [-88.4547155, 41.3529068], [-88.4535767, 41.3532511], [-88.4528328, 41.3534219], [-88.4505636, 41.3538267], [-88.4500189, 41.3539533], [-88.4479866, 41.3545634], [-88.4457042, 41.3552626], [-88.4439378, 41.3557793], [-88.4436681, 41.3558632], [-88.4429099, 41.3560078], [-88.4423949, 41.3561109], [-88.442043, 41.3561495], [-88.4414336, 41.3561624], [-88.4398886, 41.3561302], [-88.4392808, 41.3561396]], [[-88.4392808, 41.3561396], [-88.4351508, 41.3560471], [-88.4335052, 41.3559849], [-88.4332143, 41.3560475], [-88.4331273, 41.3560607]], [[-88.4331273, 41.3560607], [-88.4325266, 41.3560517]], [[-88.4325266, 41.3560517], [-88.4324791, 41.3560453], [-88.432329, 41.3559827], [-88.4309818, 41.355933], [-88.429226, 41.355857], [-88.4272393, 41.355751]], [[-88.4272393, 41.355751], [-88.427067, 41.3557341], [-88.4268155, 41.3556896], [-88.4266062, 41.3556715]], [[-88.4161182, 41.3557785], [-88.4166697, 41.3556728], [-88.4172143, 41.3556285], [-88.4187114, 41.3555923], [-88.4206701, 41.3556635], [-88.4209905, 41.3555658], [-88.4213259, 41.3555407], [-88.4216311, 41.3555731], [-88.4218862, 41.3556725], [-88.4226994, 41.3557242], [-88.423676, 41.3557436], [-88.4246937, 41.3557638], [-88.4251581, 41.3557662], [-88.4259666, 41.3556024], [-88.426405, 41.355631], [-88.4266062, 41.3556715]], [[-88.4160691, 41.3557879], [-88.4161182, 41.3557785]], [[-88.4160199, 41.3557973], [-88.4160691, 41.3557879]], [[-88.40371, 41.3650851], [-88.4040732, 41.3646186], [-88.4045634, 41.3639081], [-88.4051186, 41.3630621], [-88.4053963, 41.3626869], [-88.405746, 41.3621659], [-88.406059, 41.3618036], [-88.4065004, 41.3613663], [-88.407075, 41.3609339], [-88.4074257, 41.3606908], [-88.4109551, 41.3581789], [-88.4114999, 41.3578047], [-88.4122683, 41.357277], [-88.4134528, 41.3566132], [-88.4142596, 41.3562655], [-88.4143414, 41.3562404], [-88.4153925, 41.3559176], [-88.4160199, 41.3557973]], [[-88.403499, 41.3654304], [-88.4035176, 41.3654034], [-88.4035619, 41.3653391], [-88.4036361, 41.3652314], [-88.40371, 41.3650851]], [[-88.3321829, 41.3956442], [-88.3324413, 41.3955233], [-88.3326326, 41.3954802], [-88.3330196, 41.395393], [-88.3347203, 41.3950052], [-88.3399446, 41.3936491], [-88.34084, 41.3933642], [-88.3418013, 41.3929972], [-88.3422734, 41.3927718], [-88.3429343, 41.392437], [-88.3434732, 41.3920982], [-88.3448345, 41.3911932], [-88.3461958, 41.3902477], [-88.3471915, 41.3895651], [-88.347902, 41.3891186], [-88.3485589, 41.3887588], [-88.3491468, 41.38848], [-88.3499552, 41.3882], [-88.3503451, 41.3880797], [-88.3512036, 41.3878664], [-88.3544012, 41.3870538], [-88.3553454, 41.3867833], [-88.3562561, 41.3864182], [-88.3633877, 41.3828873], [-88.3655592, 41.3818247], [-88.3666064, 41.3813867], [-88.3670355, 41.3812432], [-88.36814, 41.3809263], [-88.3732943, 41.3796882], [-88.376586, 41.3788788], [-88.3772321, 41.3787171], [-88.3776614, 41.3785791], [-88.3786869, 41.3782142], [-88.3792362, 41.3780063], [-88.3844395, 41.3760311], [-88.3852314, 41.375734], [-88.3963639, 41.3715326], [-88.3969304, 41.3712943], [-88.3978058, 41.3709723], [-88.3985955, 41.3706502], [-88.3995053, 41.3701993], [-88.4002091, 41.3697098], [-88.4006554, 41.3693426], [-88.4010846, 41.3689755], [-88.4027177, 41.3666189], [-88.4030355, 41.3661559], [-88.4033466, 41.365705], [-88.403499, 41.3654304]], [[-88.3312594, 41.3958961], [-88.3315074, 41.3958802], [-88.3316672, 41.3958374], [-88.3319822, 41.3957508], [-88.3321829, 41.3956442]], [[-88.3305789, 41.3961298], [-88.3306131, 41.3961192], [-88.3307298, 41.39604], [-88.330858, 41.3959849], [-88.3310036, 41.3959388], [-88.3311513, 41.395903], [-88.3312594, 41.3958961]], [[-88.3301218, 41.3962481], [-88.3305789, 41.3961298]], [[-88.2900596, 41.4048399], [-88.2900937, 41.404845], [-88.2901242, 41.4048465], [-88.2901748, 41.4048335], [-88.2902298, 41.4048128], [-88.2902879, 41.4048014], [-88.2903559, 41.4048088], [-88.2904449, 41.4048359], [-88.2916504, 41.4051721], [-88.2930838, 41.4054296], [-88.2948584, 41.4055221], [-88.3005467, 41.4057867], [-88.3015902, 41.4057521], [-88.3019942, 41.4056943], [-88.3025711, 41.4056193], [-88.303166, 41.4054897], [-88.3039425, 41.405232], [-88.3065506, 41.4040841], [-88.3132197, 41.4009939], [-88.3151766, 41.4000797], [-88.3159234, 41.3998543], [-88.3233477, 41.3979357], [-88.3278191, 41.3967784], [-88.3281086, 41.396662], [-88.3282937, 41.3966492], [-88.3285161, 41.3966044], [-88.3287386, 41.3965297], [-88.3294528, 41.3963335], [-88.329786, 41.3962633], [-88.3300863, 41.3962572], [-88.3301218, 41.3962481]], [[-88.2899568, 41.4048013], [-88.2899792, 41.4048097], [-88.2900596, 41.4048399]], [[-88.2496576, 41.3900846], [-88.249853, 41.3902139], [-88.2502762, 41.3904773], [-88.2508415, 41.3907916], [-88.2511993, 41.3909517], [-88.2515866, 41.3911191], [-88.2531495, 41.391887], [-88.2535688, 41.3921394], [-88.253945, 41.3924241], [-88.2550436, 41.39339], [-88.2570864, 41.3954053], [-88.2579447, 41.3961973], [-88.2589232, 41.3969699], [-88.2602793, 41.3977876], [-88.2621247, 41.3989272], [-88.2625201, 41.3991502], [-88.2628583, 41.3993312], [-88.2632167, 41.3995035], [-88.2635838, 41.3996547], [-88.263993, 41.3998086], [-88.2644438, 41.3999605], [-88.2654148, 41.4002559], [-88.267017, 41.4006527], [-88.2689654, 41.4009746], [-88.2696136, 41.4010108], [-88.2715375, 41.4009907], [-88.2741667, 41.4010068], [-88.2756859, 41.4010068], [-88.2770163, 41.4011806], [-88.2788359, 41.4016828], [-88.2799303, 41.4019765], [-88.2802972, 41.4020465], [-88.2812754, 41.4023427], [-88.2846998, 41.4032705], [-88.2876741, 41.4040801], [-88.28906, 41.4044685], [-88.2892575, 41.4045039], [-88.289473, 41.4045071], [-88.2897258, 41.4045345], [-88.2897774, 41.40457], [-88.2898311, 41.4046032], [-88.2898835, 41.4046437], [-88.2899073, 41.4046881], [-88.2899156, 41.4047466], [-88.2899372, 41.4047888], [-88.2899568, 41.4048013]], [[-88.2468974, 41.3882771], [-88.2471129, 41.3884718], [-88.2473611, 41.3886568], [-88.2479369, 41.38905], [-88.2495076, 41.3899773], [-88.2496576, 41.3900846]], [[-88.2467339, 41.3881326], [-88.2468974, 41.3882771]], [[-88.2240828, 41.4122274], [-88.224093, 41.4121854], [-88.224138, 41.4121144], [-88.2241618, 41.4114035], [-88.2244021, 41.4096333], [-88.2247626, 41.4079145], [-88.2252923, 41.4065924], [-88.2255224, 41.4061654], [-88.2259192, 41.4055795], [-88.2263576, 41.4050173], [-88.226796, 41.4044763], [-88.2280756, 41.4029832], [-88.2290601, 41.4020948], [-88.2298455, 41.4012385], [-88.2301137, 41.4008454], [-88.2303531, 41.4004163], [-88.2305819, 41.3999445], [-88.2308566, 41.3989916], [-88.2310282, 41.3978069], [-88.2309081, 41.3963904], [-88.2309081, 41.3949868], [-88.2310797, 41.39433], [-88.2313115, 41.3937634], [-88.2315193, 41.3934164], [-88.2317847, 41.3930637], [-88.2322947, 41.3924342], [-88.2330538, 41.3914583], [-88.2335051, 41.3907429], [-88.2337293, 41.3902636], [-88.2338894, 41.3896424], [-88.2342819, 41.388443], [-88.2347189, 41.3873886], [-88.2353884, 41.3864356], [-88.2358285, 41.3859903], [-88.2363213, 41.385545], [-88.2365668, 41.3853674], [-88.2368317, 41.3851899], [-88.2374655, 41.3847999], [-88.2380322, 41.3845824], [-88.2384239, 41.3844483], [-88.2388092, 41.3843381], [-88.2395375, 41.3841772], [-88.2402012, 41.3839386], [-88.2404053, 41.3839436], [-88.2406385, 41.3839235], [-88.2411661, 41.3841442], [-88.2418764, 41.384283], [-88.2422259, 41.384385], [-88.2426011, 41.3845069], [-88.2431818, 41.3847484], [-88.2439352, 41.3852592], [-88.2442353, 41.3855133], [-88.2445354, 41.3858379], [-88.2457568, 41.3872276], [-88.246241, 41.3876854], [-88.2467339, 41.3881326]], [[-88.2240816, 41.4123075], [-88.2240828, 41.4122274]], [[-88.2240864, 41.4123384], [-88.2240816, 41.4123075]], [[-88.2240866, 41.4124203], [-88.2240916, 41.4123539], [-88.2240864, 41.4123384]], [[-88.2280017, 41.4190426], [-88.2279991, 41.4189711], [-88.2279626, 41.4188995], [-88.2271609, 41.4179412], [-88.2267418, 41.417426], [-88.2263677, 41.4169779], [-88.2247883, 41.4150211], [-88.2244404, 41.4145209], [-88.2242444, 41.4140899], [-88.2240759, 41.4136565], [-88.2240503, 41.4131502], [-88.2240829, 41.4126439], [-88.2240866, 41.4124203]], [[-88.2282044, 41.4196725], [-88.2281265, 41.419536], [-88.2280661, 41.4193771], [-88.2280179, 41.419209], [-88.2280145, 41.4191739], [-88.2280017, 41.4190426]], [[-88.2283879, 41.4203654], [-88.2284258, 41.4202391], [-88.2283803, 41.4200157], [-88.2283259, 41.4197109], [-88.2282707, 41.4196705], [-88.2282044, 41.4196725]], [[-88.2285532, 41.4215339], [-88.2285287, 41.421435], [-88.2285203, 41.4213593], [-88.2285073, 41.4212419], [-88.2285234, 41.4211252], [-88.2285663, 41.4210206], [-88.2285502, 41.4208597], [-88.228538, 41.4207892], [-88.2285027, 41.4207188], [-88.2284109, 41.4205902], [-88.228375, 41.420507], [-88.2283477, 41.4204665], [-88.228383, 41.4203817], [-88.2283879, 41.4203654]], [[-88.2286996, 41.4224717], [-88.2285532, 41.4215339]], [[-88.2287016, 41.4224799], [-88.2286996, 41.4224717]], [[-88.2287379, 41.422805], [-88.2287219, 41.4227664], [-88.2287016, 41.4224799]], [[-88.2288478, 41.4235429], [-88.2288658, 41.423317], [-88.2288559, 41.4232028], [-88.2288505, 41.4231603], [-88.2288398, 41.4230872], [-88.2288271, 41.4230038], [-88.2287379, 41.422805]], [[-88.2288989, 41.4240261], [-88.2288452, 41.4235749], [-88.2288478, 41.4235429]], [[-88.2288541, 41.424294], [-88.2288989, 41.4240261]], [[-88.2313238, 41.4335885], [-88.231335, 41.4335473], [-88.2314377, 41.433408], [-88.231638, 41.432749], [-88.2317642, 41.4322498], [-88.2318715, 41.4311702], [-88.2318727, 41.4305095], [-88.2317999, 41.4302269], [-88.2316094, 41.4294398], [-88.2315082, 41.4291047], [-88.2314342, 41.4289633], [-88.2314027, 41.4288803], [-88.2312384, 41.4286281], [-88.2310625, 41.4284468], [-88.2308875, 41.4282437], [-88.2308079, 41.4281032], [-88.2307476, 41.4279465], [-88.2306508, 41.427844], [-88.2303826, 41.4276871], [-88.2300326, 41.4273528], [-88.2286765, 41.4259048], [-88.2285906, 41.4255186], [-88.2287292, 41.4248241], [-88.2288541, 41.424294]], [[-88.2312919, 41.4336548], [-88.2313049, 41.4336276], [-88.2313238, 41.4335885]], [[-88.1976341, 41.4682718], [-88.1977068, 41.46821], [-88.1978338, 41.4681482], [-88.1983497, 41.4678735], [-88.2059742, 41.46286], [-88.2070865, 41.4621428], [-88.2080741, 41.4614686], [-88.2088869, 41.4610116], [-88.2090778, 41.4608657], [-88.2091701, 41.460827], [-88.2092929, 41.4607782], [-88.209432, 41.4607414], [-88.2095895, 41.4606861], [-88.2097761, 41.4606021], [-88.2102031, 41.4604406], [-88.2108167, 41.4602331], [-88.21137, 41.4600652], [-88.2129246, 41.4596855], [-88.213962, 41.4594026], [-88.2143761, 41.4592193], [-88.2152146, 41.4589232], [-88.2156454, 41.4586821], [-88.2160431, 41.4584688], [-88.2167896, 41.4579309], [-88.2175337, 41.4573312], [-88.2195679, 41.4557295], [-88.2226063, 41.4532786], [-88.223251, 41.4527306], [-88.2256275, 41.4501135], [-88.2260085, 41.4494205], [-88.2261168, 41.4490005], [-88.2264, 41.4475684], [-88.226475, 41.4472699], [-88.2267285, 41.4462351], [-88.226873, 41.4455666], [-88.2270695, 41.4446578], [-88.2276274, 41.4391502], [-88.227842, 41.4385454], [-88.2282368, 41.4378762], [-88.2296248, 41.4362906], [-88.2302532, 41.4355101], [-88.2305747, 41.4350383], [-88.2308909, 41.4345731], [-88.2310625, 41.434187], [-88.2312316, 41.4337389], [-88.2312342, 41.4336636], [-88.2312919, 41.4336548]], [[-88.1958638, 41.4690392], [-88.1959838, 41.4690321], [-88.1961104, 41.4690182], [-88.1974493, 41.4684586], [-88.1975249, 41.4684133], [-88.1975781, 41.4683529], [-88.1976341, 41.4682718]], [[-88.1673211, 41.485408], [-88.1684144, 41.4849192], [-88.1741278, 41.4823857], [-88.175573, 41.4816653], [-88.1776501, 41.48036], [-88.1779529, 41.480155], [-88.1793047, 41.479179], [-88.1798365, 41.4786932], [-88.180066, 41.4784835], [-88.1809738, 41.4777144], [-88.1819245, 41.4769905], [-88.1848923, 41.4751341], [-88.1867119, 41.4738351], [-88.1871293, 41.4735305], [-88.1883513, 41.4726389], [-88.1888384, 41.4723121], [-88.1893413, 41.4719936], [-88.1897932, 41.4717413], [-88.1901709, 41.4715714], [-88.1941706, 41.4697835], [-88.1958638, 41.4690392]], [[-88.1640341, 41.4868485], [-88.165361, 41.4862707], [-88.1666574, 41.4857048], [-88.1673211, 41.485408]], [[-88.1637035, 41.4869925], [-88.1640341, 41.4868485]], [[-88.1633605, 41.4871434], [-88.1637035, 41.4869925]], [[-88.1630381, 41.4872851], [-88.1633605, 41.4871434]], [[-88.1627157, 41.4874269], [-88.1630381, 41.4872851]], [[-88.1573973, 41.4898103], [-88.1627157, 41.4874269]], [[-88.1488398, 41.492506], [-88.1530474, 41.4914427], [-88.1535727, 41.491312], [-88.1550919, 41.4907977], [-88.1573973, 41.4898103]], [[-88.1322016, 41.4966288], [-88.1388811, 41.4949638], [-88.1393424, 41.4948152], [-88.139548, 41.4947816], [-88.1397659, 41.494746], [-88.1487002, 41.4925394], [-88.1488398, 41.492506]], [[-88.1289397, 41.4974231], [-88.1322016, 41.4966288]], [[-88.124159, 41.4989003], [-88.1243063, 41.4988612], [-88.1243825, 41.4988314], [-88.1244478, 41.4987969], [-88.1245277, 41.498737], [-88.1245806, 41.4986686], [-88.1286903, 41.4974838], [-88.1289397, 41.4974231]], [[-88.1238061, 41.4989941], [-88.124159, 41.4989003]], [[-88.116483, 41.5010084], [-88.1233418, 41.4990232], [-88.1234329, 41.4990375], [-88.123492, 41.4990413], [-88.1235977, 41.4990366], [-88.1237058, 41.4990207], [-88.1238061, 41.4989941]], [[-88.1162239, 41.5010833], [-88.1164235, 41.5010256], [-88.116483, 41.5010084]], [[-88.1058265, 41.5040631], [-88.1059724, 41.5040652], [-88.1162239, 41.5010833]], [[-88.1056377, 41.5040245], [-88.1058265, 41.5040631]], [[-88.1054047, 41.5039556], [-88.1055252, 41.5039917], [-88.1056377, 41.5040245]], [[-88.4266062, 41.3556715], [-88.4268479, 41.3558231]], [[-88.4268479, 41.3558231], [-88.4271533, 41.3560582]], [[-88.4271533, 41.3560582], [-88.4272433, 41.3561171]], [[-88.4272433, 41.3561171], [-88.4273011, 41.3561573], [-88.4273895, 41.3561861], [-88.4277414, 41.3562594], [-88.4280764, 41.3562849], [-88.4287838, 41.3562156], [-88.4292258, 41.3562142], [-88.4301048, 41.3562999], [-88.430429, 41.3563126], [-88.4305357, 41.3562963], [-88.4311771, 41.3561982], [-88.4323513, 41.3561704], [-88.432524, 41.3561335]], [[-88.4331246, 41.3561422], [-88.432524, 41.3561335]], [[-88.4331246, 41.3561422], [-88.433183, 41.3561495], [-88.4334366, 41.3562316], [-88.4352023, 41.3562722], [-88.4375441, 41.3563389], [-88.4377667, 41.3563443], [-88.4381146, 41.3563529], [-88.4392888, 41.3563816]], [[-88.4392888, 41.3563816], [-88.439284, 41.3563501]], [[-88.439284, 41.3563501], [-88.439279, 41.3561836]], [[-88.439279, 41.3561836], [-88.4392808, 41.3561396]]]}}, {"type": "Feature", "properties": {"name": "Des Plaines River Trail", "length_mi": 56.7, "osm_source": "relation"}, "geometry": {"type": "MultiLineString", "coordinates": [[[-87.9158076, 42.1622538], [-87.9158198, 42.162418]], [[-87.9110482, 42.1581762], [-87.9113522, 42.1585236], [-87.9115109, 42.1587403], [-87.911784, 42.1592146], [-87.9119071, 42.1593078], [-87.912246, 42.159391], [-87.9122834, 42.1594002], [-87.9126486, 42.1595712], [-87.9131789, 42.1599729], [-87.9136333, 42.1602322], [-87.9141506, 42.1604437], [-87.9143622, 42.160485], [-87.9148654, 42.1604803], [-87.9150363, 42.1605041], [-87.9151853, 42.1606145], [-87.9153418, 42.1607809], [-87.9155073, 42.161026], [-87.9155556, 42.1611379], [-87.91555, 42.1613045], [-87.9155727, 42.1614519], [-87.9156693, 42.1616695], [-87.9157759, 42.1619118], [-87.9158076, 42.1622538]], [[-87.9107213, 42.1578556], [-87.9110482, 42.1581762]], [[-87.9093883, 42.1550027], [-87.9093327, 42.1552614], [-87.9094462, 42.1555184], [-87.9096255, 42.1557062], [-87.9098209, 42.1558548], [-87.9099847, 42.1560292], [-87.9101215, 42.1563245], [-87.9102503, 42.156578], [-87.9104669, 42.1568477], [-87.9106522, 42.1571739], [-87.9107314, 42.1574004], [-87.9107016, 42.1575303], [-87.9107097, 42.1576234], [-87.91063, 42.1577028], [-87.9106505, 42.1577636], [-87.9107213, 42.1578556]], [[-87.9088519, 42.1533738], [-87.908856, 42.1534789], [-87.9088687, 42.1535432], [-87.9088938, 42.1536256], [-87.9090247, 42.153965], [-87.9092933, 42.1547023], [-87.9093513, 42.1549432], [-87.9093883, 42.1550027]], [[-87.9088604, 42.1528539], [-87.9088519, 42.1533738]], [[-87.9096589, 42.1510123], [-87.909667, 42.1511112], [-87.9096721, 42.1512273], [-87.9096543, 42.1513622], [-87.9096149, 42.1515688], [-87.909597, 42.151683], [-87.9095703, 42.1517754], [-87.9095449, 42.1518443], [-87.9095169, 42.1518811], [-87.9093285, 42.1521198], [-87.9089864, 42.1525415], [-87.9089289, 42.1526091], [-87.9088958, 42.152665], [-87.9088629, 42.1527377], [-87.9088604, 42.1528539]], [[-87.9096589, 42.1510123], [-87.9097015, 42.1510801], [-87.9097187, 42.1512512], [-87.9097018, 42.151422], [-87.9096421, 42.1517457], [-87.9095781, 42.1518818], [-87.9094541, 42.1520431], [-87.9093253, 42.1522003], [-87.9089928, 42.1525995], [-87.9089398, 42.1526744], [-87.9089252, 42.1527199], [-87.9089105, 42.152771], [-87.90891, 42.1528534]], [[-87.90891, 42.1528534], [-87.9088982, 42.1533754]], [[-87.9088982, 42.1533754], [-87.9088971, 42.1534514], [-87.9089075, 42.1535049], [-87.9089475, 42.1536323], [-87.9090193, 42.1538246], [-87.9091249, 42.154118], [-87.9093508, 42.1547184], [-87.9093957, 42.1549116], [-87.9093883, 42.1550027]], [[-87.9137916, 42.1678135], [-87.9136938, 42.1680972], [-87.9136205, 42.1684018], [-87.9135953, 42.1686519], [-87.9136686, 42.1689905], [-87.9138351, 42.1692466], [-87.9139553, 42.1693913], [-87.9139804, 42.1694366], [-87.9139938, 42.1694945], [-87.9139642, 42.169549], [-87.9139007, 42.1696235], [-87.9138473, 42.1696859], [-87.9137845, 42.1697785], [-87.9137426, 42.1698949], [-87.9136662, 42.1702093], [-87.9136516, 42.1703469], [-87.9136585, 42.170417], [-87.9137245, 42.1704972], [-87.9138887, 42.170658], [-87.9139735, 42.1708128], [-87.9139843, 42.1709722], [-87.9139286, 42.1711089], [-87.9138651, 42.1712752], [-87.9138565, 42.1714332], [-87.913881, 42.1715073], [-87.9139715, 42.1716576], [-87.9139942, 42.1717138], [-87.9139912, 42.1717691], [-87.9139483, 42.1718455], [-87.9138888, 42.1719117], [-87.9138007, 42.1720064], [-87.9136999, 42.1721025], [-87.9136607, 42.1721944], [-87.9136514, 42.1722985], [-87.9136741, 42.1723969], [-87.9137328, 42.1724897], [-87.913808, 42.1725773], [-87.9138842, 42.1726679], [-87.9139352, 42.1727932], [-87.9139857, 42.1729536], [-87.9140073, 42.1730854], [-87.9140148, 42.1732044], [-87.9140451, 42.1733072], [-87.9141654, 42.1734619], [-87.9142991, 42.1735434], [-87.9144628, 42.1736], [-87.9148742, 42.1737024], [-87.9151441, 42.1737736], [-87.9153892, 42.1738805], [-87.915681, 42.1740077], [-87.9157653, 42.1740278], [-87.915856, 42.1740396], [-87.9159995, 42.1740452], [-87.9161157, 42.17404], [-87.9162973, 42.1740044], [-87.9164207, 42.1739597], [-87.9167024, 42.1738042], [-87.916871, 42.1737124], [-87.916986, 42.1736631], [-87.917104, 42.1736351], [-87.9172564, 42.1736247], [-87.9174108, 42.1736397], [-87.9176728, 42.1736849], [-87.9180011, 42.1737537], [-87.9180499, 42.173766], [-87.9184216, 42.1738719], [-87.9185977, 42.1739132], [-87.9188311, 42.1739407], [-87.9190937, 42.1739615], [-87.919168, 42.173985], [-87.9192149, 42.1740069]], [[-87.9192149, 42.1740069], [-87.9194267, 42.1741826]], [[-87.9194267, 42.1741826], [-87.9195111, 42.1742526], [-87.9196563, 42.1743391], [-87.9198223, 42.1744115], [-87.9200076, 42.1745391], [-87.9202643, 42.1747965], [-87.920413, 42.175012], [-87.9205182, 42.1751377], [-87.9206262, 42.1752895], [-87.9206991, 42.17551], [-87.9207629, 42.1756614], [-87.920873, 42.1758459], [-87.9209902, 42.1759686], [-87.9211312, 42.1760877], [-87.9212979, 42.1761798], [-87.9214774, 42.1763448], [-87.9215819, 42.1764944], [-87.9216374, 42.1766839], [-87.9216892, 42.1768642], [-87.9217921, 42.1770482], [-87.9218707, 42.1771873], [-87.9219243, 42.1773366], [-87.9220054, 42.1776139], [-87.9220154, 42.1777046]], [[-87.9206254, 42.1817469], [-87.9206082, 42.1816878], [-87.920568, 42.181652], [-87.9204983, 42.1816183], [-87.9204788, 42.1816068], [-87.9204044, 42.1815626], [-87.9203481, 42.1815169], [-87.9203212, 42.1814712], [-87.9203212, 42.1813937], [-87.9203346, 42.1813221], [-87.9204285, 42.1810816], [-87.9205331, 42.1808471], [-87.9206807, 42.1805489], [-87.9208791, 42.1801474], [-87.9210347, 42.1798672], [-87.921209, 42.1796326], [-87.9215175, 42.1792391], [-87.9217026, 42.1789231], [-87.9217723, 42.1787601], [-87.9218528, 42.1785156], [-87.9219413, 42.1782135], [-87.9219896, 42.1780246], [-87.9220137, 42.1778378], [-87.9220154, 42.1777046]], [[-87.9197855, 42.1858452], [-87.9205146, 42.1843413], [-87.9206064, 42.1841729], [-87.9206525, 42.1840366], [-87.9206756, 42.1838508], [-87.9206776, 42.1836159], [-87.9206672, 42.1834059], [-87.9206282, 42.1831885], [-87.9206091, 42.1830366], [-87.9206254, 42.1817469]], [[-87.919763, 42.1858766], [-87.9197855, 42.1858452]], [[-87.919763, 42.1858766], [-87.9197339, 42.1859172], [-87.9197063, 42.1859525]], [[-87.9197063, 42.1859525], [-87.9196918, 42.185964], [-87.9196657, 42.1859643], [-87.9195655, 42.185922], [-87.9194305, 42.1858682], [-87.9193872, 42.1858478], [-87.9193191, 42.1858187], [-87.9191185, 42.1857355], [-87.918897, 42.1856781], [-87.9186741, 42.1856029], [-87.9183171, 42.1854687], [-87.9182677, 42.1854556], [-87.9181938, 42.1854486], [-87.9181294, 42.1854585], [-87.9181044, 42.1854771], [-87.918091, 42.1855244]], [[-87.918091, 42.1855244], [-87.9180758, 42.1855937], [-87.9180422, 42.1857312], [-87.9179865, 42.1858653], [-87.9178954, 42.1859589], [-87.9177886, 42.1860783], [-87.9177378, 42.1861686], [-87.9176489, 42.1864453], [-87.917636, 42.1865274], [-87.917654, 42.1866226], [-87.9176892, 42.1866839], [-87.9177409, 42.1867411], [-87.9178009, 42.1867748], [-87.9178845, 42.1868043], [-87.9179967, 42.1868222], [-87.9184153, 42.1868437], [-87.9190022, 42.1868273], [-87.9191021, 42.1868335], [-87.9191954, 42.1868643], [-87.9192546, 42.1869035], [-87.9192967, 42.186961], [-87.9193489, 42.1870554], [-87.9193895, 42.1871428], [-87.9194177, 42.1872213], [-87.9194551, 42.1872909], [-87.9195068, 42.187345], [-87.919588, 42.1873859], [-87.9197568, 42.1874369], [-87.9203437, 42.1875827], [-87.9206415, 42.1876949], [-87.9208394, 42.187765], [-87.921058, 42.1878521], [-87.9212312, 42.1878957], [-87.921455, 42.1879201], [-87.9216159, 42.1879529], [-87.9219527, 42.1880826], [-87.9222761, 42.1881684], [-87.9224959, 42.1882611], [-87.9227706, 42.188331], [-87.922898, 42.1883698], [-87.9230254, 42.1884419], [-87.9231496, 42.1885502], [-87.9232658, 42.1886838], [-87.9233457, 42.1888144], [-87.9234655, 42.1891298], [-87.9235179, 42.1892007], [-87.9235814, 42.1892546], [-87.9236491, 42.1892893], [-87.9237491, 42.1893112], [-87.9238512, 42.1893164], [-87.9240388, 42.1893183], [-87.9241168, 42.1893311], [-87.9241914, 42.1893766], [-87.9242393, 42.189426], [-87.9242557, 42.1894731], [-87.9242754, 42.1895288], [-87.9243976, 42.1896868], [-87.9244703, 42.1898096], [-87.924501, 42.1899592], [-87.9244977, 42.1901344], [-87.9244997, 42.1903703], [-87.9244773, 42.1904656], [-87.924444, 42.1905486], [-87.9243763, 42.1907006], [-87.9243506, 42.1907818], [-87.9243504, 42.1908701], [-87.9243483, 42.190973], [-87.9243165, 42.1911372], [-87.9241954, 42.1914599], [-87.9241817, 42.191531], [-87.9241838, 42.1916044], [-87.9242284, 42.1917447], [-87.9246238, 42.1928325], [-87.9250628, 42.1941678], [-87.9251481, 42.1944041], [-87.9252308, 42.1944864], [-87.9253113, 42.19452], [-87.9253937, 42.1945386], [-87.92571, 42.194545], [-87.9259769, 42.1945641], [-87.9261305, 42.1945579], [-87.92637, 42.1945316], [-87.926421, 42.194544], [-87.9264504, 42.1945638], [-87.9264774, 42.1946096], [-87.9264906, 42.1946357]], [[-87.9264906, 42.1946357], [-87.9264923, 42.1946842], [-87.9264957, 42.1947826], [-87.9264972, 42.1948263]], [[-87.9264972, 42.1948263], [-87.9265901, 42.1953643], [-87.92658, 42.1954314], [-87.9265566, 42.1954945], [-87.9265282, 42.1955909], [-87.9265273, 42.1956578], [-87.9265578, 42.1958142], [-87.9265509, 42.1958788], [-87.9265281, 42.1959385], [-87.9264789, 42.1959913], [-87.9264025, 42.1960359], [-87.926295, 42.1960985], [-87.926241, 42.1961318], [-87.9262029, 42.1961788], [-87.9261775, 42.1962263], [-87.9259991, 42.1967569], [-87.9259853, 42.1968172], [-87.9259892, 42.1968789], [-87.92601, 42.196943], [-87.9260588, 42.1970353], [-87.9260991, 42.197107], [-87.9261186, 42.197195], [-87.9261283, 42.19729], [-87.9261139, 42.1974128], [-87.9261131, 42.1976483], [-87.9261448, 42.197784]], [[-87.9261448, 42.197784], [-87.9261455, 42.198001]], [[-87.9261455, 42.198001], [-87.9261282, 42.1981248], [-87.9260863, 42.1984241], [-87.926118, 42.1987726], [-87.9260484, 42.1993831], [-87.9260843, 42.1997492], [-87.926067, 42.1998269], [-87.9260361, 42.199889], [-87.925989, 42.1999823], [-87.9259022, 42.200073], [-87.9258079, 42.2001428], [-87.9256789, 42.2002063], [-87.9256125, 42.2002283], [-87.9255327, 42.2002445], [-87.9254516, 42.20027], [-87.9254126, 42.2002923], [-87.9253909, 42.2003194], [-87.925384, 42.2003576], [-87.9253868, 42.2003854]], [[-87.9253868, 42.2003854], [-87.9253987, 42.20041], [-87.925408, 42.2004291], [-87.9254266, 42.2004569], [-87.9254972, 42.200562], [-87.9255346, 42.2006142], [-87.9254987, 42.2006472], [-87.9254857, 42.2006696], [-87.9253832, 42.200696], [-87.9252569, 42.2007366]], [[-87.9252569, 42.2007366], [-87.9253192, 42.2007807], [-87.9252627, 42.2008281], [-87.9252361, 42.2008615], [-87.9252221, 42.2008903], [-87.9251994, 42.2009345]], [[-87.9251994, 42.2009345], [-87.9252516, 42.2009849], [-87.9253177, 42.2010712], [-87.9253894, 42.2011656], [-87.9255569, 42.2012953], [-87.9256021, 42.2013483]], [[-87.9256021, 42.2013483], [-87.925698, 42.2015217], [-87.9257575, 42.2015957], [-87.9260843, 42.2018303], [-87.9261753, 42.2018733], [-87.9263321, 42.2019212], [-87.9273006, 42.2021334], [-87.9274715, 42.2021655], [-87.9275689, 42.2022136], [-87.9276286, 42.2022633], [-87.9283153, 42.2028482], [-87.9286284, 42.2032224], [-87.9288474, 42.2034459], [-87.9290534, 42.2039672], [-87.9290591, 42.2040311], [-87.9290362, 42.2041262], [-87.9289664, 42.2041718], [-87.928888, 42.2041992], [-87.928789, 42.2042152], [-87.9279415, 42.2041869], [-87.9275743, 42.2041935], [-87.9274414, 42.2042156], [-87.9273034, 42.2042576], [-87.927173, 42.2043319], [-87.9269028, 42.2045359], [-87.9266261, 42.2048052], [-87.9266133, 42.2048585], [-87.9266242, 42.2049146], [-87.9267772, 42.2051867], [-87.9267794, 42.2052567], [-87.9267616, 42.2053305], [-87.9267102, 42.2053851], [-87.9265077, 42.2056063], [-87.926419, 42.2057339], [-87.9263794, 42.2057807], [-87.9262818, 42.2058104], [-87.9261642, 42.205834], [-87.9259087, 42.2058549], [-87.9258206, 42.205875], [-87.9257075, 42.2059385], [-87.9256397, 42.2060051], [-87.925413, 42.2063001], [-87.9251878, 42.206623], [-87.9250935, 42.206792], [-87.9250508, 42.2069419], [-87.9250294, 42.2071102], [-87.9250179, 42.2072064], [-87.9250271, 42.2072737], [-87.9251902, 42.2074129], [-87.9253652, 42.2075288], [-87.9254604, 42.2075638], [-87.9255625, 42.2075695], [-87.9258179, 42.2075807], [-87.9259364, 42.2076115], [-87.9260372, 42.2076657], [-87.9261635, 42.2077839], [-87.9262713, 42.2078431], [-87.9265211, 42.2080697], [-87.9267229, 42.208207], [-87.9269274, 42.2083519], [-87.9270378, 42.2084194], [-87.9271035, 42.2084919], [-87.9271574, 42.2085595], [-87.927194, 42.208674], [-87.9271805, 42.208916], [-87.9271819, 42.2089804], [-87.9271851, 42.2090152], [-87.9272058, 42.2091013], [-87.9272574, 42.2091926], [-87.9273006, 42.209282], [-87.927311, 42.209356], [-87.9272902, 42.2094338], [-87.9272736, 42.2094985], [-87.9273865, 42.2098714], [-87.9274754, 42.2100674], [-87.9275278, 42.2102387], [-87.9276486, 42.2105914], [-87.9276417, 42.210771], [-87.9276649, 42.2109257], [-87.9276994, 42.2110208], [-87.9277599, 42.2110845], [-87.9278411, 42.2111368], [-87.927929, 42.2111641], [-87.9280358, 42.2111994], [-87.9281951, 42.2112149], [-87.9282846, 42.2112424], [-87.9284767, 42.2113332], [-87.9285249, 42.2113481], [-87.9285857, 42.2113501], [-87.9286686, 42.2113357], [-87.9288732, 42.211234], [-87.9289459, 42.2112032], [-87.929017, 42.211187], [-87.929112, 42.2111787], [-87.929208, 42.2111845], [-87.9292955, 42.2112049], [-87.9293915, 42.2112126], [-87.9294765, 42.2112156], [-87.9296542, 42.2112849], [-87.9297074, 42.2112922], [-87.929767, 42.2112902], [-87.9298173, 42.2112785], [-87.9300319, 42.2111768], [-87.9300971, 42.2111595], [-87.9301616, 42.2111566], [-87.930225, 42.2111643], [-87.9303536, 42.2112267], [-87.9305209, 42.2113269], [-87.9306413, 42.2113742], [-87.9307443, 42.2114438], [-87.9307809, 42.2114939], [-87.9307936, 42.2115566], [-87.930799, 42.2116337], [-87.9308107, 42.2116991], [-87.930831, 42.2117685], [-87.9309578, 42.2119773], [-87.9310059, 42.2120849], [-87.9310375, 42.2122161], [-87.9310646, 42.2123896], [-87.9310781, 42.21245], [-87.9310975, 42.2125159], [-87.9311302, 42.2125814], [-87.9311893, 42.2126674], [-87.9312936, 42.2127661], [-87.9314267, 42.2128224], [-87.9315339, 42.2128678], [-87.9315783, 42.2128893], [-87.9316593, 42.2129566], [-87.9317009, 42.2130135], [-87.9317325, 42.2130905], [-87.9317168, 42.2131701]], [[-87.9317168, 42.2131701], [-87.931685, 42.2132686]], [[-87.931685, 42.2132686], [-87.931656, 42.2133412], [-87.9316074, 42.2134047], [-87.9314863, 42.213508], [-87.931451, 42.2135607], [-87.9314218, 42.2136264], [-87.9314189, 42.213688], [-87.9314309, 42.2138913], [-87.931413, 42.2139841], [-87.9313656, 42.2140872], [-87.9313197, 42.2141461], [-87.9312912, 42.2142074], [-87.9312839, 42.2142637], [-87.931291, 42.2143301], [-87.931373, 42.2145565], [-87.9313764, 42.2146845], [-87.9313419, 42.214904], [-87.9313364, 42.2149902], [-87.9313708, 42.215065], [-87.9314312, 42.2151452], [-87.9316112, 42.2152771], [-87.9317879, 42.215324], [-87.9318343, 42.2153833], [-87.9318328, 42.2154582], [-87.9318399, 42.2156037], [-87.9318587, 42.2156404], [-87.9319021, 42.2156651], [-87.9320542, 42.2156837], [-87.9321677, 42.2157233], [-87.9321898, 42.2157803], [-87.9321983, 42.2158703], [-87.9322166, 42.2159229], [-87.9322564, 42.2159611], [-87.9323771, 42.2160149], [-87.9324913, 42.2161131], [-87.9326013, 42.2162718], [-87.9327157, 42.2163448], [-87.9327902, 42.2164142], [-87.9328196, 42.2164416], [-87.9328769, 42.216543], [-87.9328737, 42.2166055], [-87.9328534, 42.2166831], [-87.9326698, 42.2169385], [-87.9325245, 42.217215], [-87.9325043, 42.2172871], [-87.9325044, 42.2173687], [-87.9325351, 42.2175251], [-87.9325673, 42.2175894], [-87.9326186, 42.2176526], [-87.9327438, 42.2177248], [-87.9329551, 42.2178028], [-87.9330643, 42.217844], [-87.9331298, 42.2178607], [-87.9331988, 42.217873], [-87.9332761, 42.2178706], [-87.9336448, 42.2178275], [-87.9338599, 42.2178198], [-87.9341632, 42.2178287], [-87.9345801, 42.2178174], [-87.9346542, 42.2178148], [-87.9347317, 42.2178195], [-87.9347857, 42.2178592], [-87.9348749, 42.2179907], [-87.9349288, 42.218097], [-87.9349459, 42.2181531], [-87.9349771, 42.2182597]], [[-87.9349771, 42.2182597], [-87.9349898, 42.2182963]], [[-87.9349898, 42.2182963], [-87.9349942, 42.2183108], [-87.9349624, 42.2184993], [-87.9349206, 42.2185669], [-87.9348556, 42.2186207], [-87.9347324, 42.2186512], [-87.9344007, 42.218697], [-87.9342129, 42.218746], [-87.9341164, 42.2187824], [-87.9340195, 42.2188189], [-87.93395, 42.2188211], [-87.9334836, 42.2187431], [-87.9333529, 42.2187352], [-87.9331298, 42.2187702], [-87.933053, 42.2187683], [-87.9329702, 42.218749], [-87.9329147, 42.2187173], [-87.9328615, 42.218694], [-87.932802, 42.2186774], [-87.9327413, 42.2186806], [-87.9326914, 42.2186959], [-87.9326302, 42.2187302]], [[-87.9326302, 42.2187302], [-87.9322953, 42.2189618]], [[-87.9322953, 42.2189618], [-87.9322291, 42.2190148], [-87.9320366, 42.2191822], [-87.9319004, 42.2192749], [-87.9325766, 42.2197908], [-87.9327438, 42.2200316], [-87.9328908, 42.2201404], [-87.9332423, 42.2203688], [-87.9335219, 42.2205729], [-87.9336524, 42.2207693], [-87.9338646, 42.2210272], [-87.9337892, 42.221237], [-87.9338514, 42.2213318], [-87.9338772, 42.2213546], [-87.9339257, 42.2213744], [-87.9339728, 42.2214068], [-87.9340028, 42.2214372], [-87.9340203, 42.2214687], [-87.934052, 42.2216006], [-87.9340777, 42.2216397], [-87.9341104, 42.2216662], [-87.9342644, 42.2217261], [-87.9343815, 42.2217639], [-87.9344585, 42.221796], [-87.9345167, 42.2218514], [-87.934543, 42.2219119], [-87.9345585, 42.2219798], [-87.9345803, 42.2223128], [-87.9345922, 42.2223569], [-87.9346115, 42.222402], [-87.9346298, 42.2224459], [-87.9346946, 42.2225304], [-87.9348911, 42.2227143], [-87.9349813, 42.22281], [-87.9350546, 42.2229071], [-87.9351573, 42.2230117], [-87.9352613, 42.2231412], [-87.9352849, 42.2231744], [-87.9353271, 42.2231947], [-87.9353797, 42.223206], [-87.9354846, 42.2232139], [-87.9355715, 42.2232327], [-87.9356017, 42.2232426], [-87.9356301, 42.2232605], [-87.9356581, 42.2232947], [-87.9356817, 42.2233351], [-87.9357283, 42.2234709], [-87.9357496, 42.2235102], [-87.9358482, 42.2236548], [-87.9359158, 42.2237357], [-87.9359832, 42.223802], [-87.9360243, 42.2238273], [-87.9360729, 42.2238488], [-87.9361201, 42.2238699], [-87.9361954, 42.2238937], [-87.9362448, 42.2239246], [-87.9362788, 42.2239597], [-87.9363169, 42.2240205], [-87.9364081, 42.2242634], [-87.9364558, 42.2244346], [-87.9364795, 42.2244948], [-87.9365843, 42.2246806], [-87.9367047, 42.2248776], [-87.9369097, 42.2251987], [-87.9370361, 42.2254521], [-87.937107, 42.2256027], [-87.937127, 42.2256662], [-87.9371394, 42.2257375], [-87.9371567, 42.2257951], [-87.9371883, 42.2258447], [-87.9372296, 42.2258858], [-87.9372812, 42.2259194], [-87.9374205, 42.2259651], [-87.9375917, 42.2260063]], [[-87.9375917, 42.2260063], [-87.9382398, 42.2261896]], [[-87.9382398, 42.2261896], [-87.9383367, 42.2262164], [-87.9383926, 42.2262368], [-87.9384369, 42.2262725], [-87.9384971, 42.2263514], [-87.9385403, 42.2264326], [-87.9385544, 42.2264746], [-87.9385507, 42.2265272], [-87.9384831, 42.2267549], [-87.9384572, 42.2270035], [-87.9384347, 42.2271229], [-87.938421, 42.2272163], [-87.9384323, 42.2272727], [-87.9384714, 42.2273732], [-87.93849, 42.2274447], [-87.9384884, 42.2275085], [-87.9384695, 42.2275589], [-87.9381409, 42.2281057], [-87.9379671, 42.2283441], [-87.9378548, 42.2284864], [-87.9377179, 42.2286855], [-87.937666, 42.2287386], [-87.9376066, 42.2287826], [-87.937495, 42.2288435], [-87.9373819, 42.2288964], [-87.93731, 42.2289526], [-87.9372778, 42.2289884], [-87.9372628, 42.2290332], [-87.9372409, 42.2291229], [-87.9371974, 42.2292315], [-87.9371054, 42.2293605], [-87.9370179, 42.229499], [-87.9369868, 42.2295738], [-87.9369709, 42.2296537], [-87.9369534, 42.229828], [-87.9369317, 42.229931], [-87.9369049, 42.2300237], [-87.9368046, 42.2302051], [-87.9367484, 42.2302723], [-87.9366205, 42.2303954], [-87.9364859, 42.2305359], [-87.9363619, 42.2306814], [-87.936302, 42.2307602], [-87.9362262, 42.2308504], [-87.9360684, 42.2310059], [-87.9360356, 42.2310785], [-87.9360189, 42.2311314], [-87.9360123, 42.2311869], [-87.9360084, 42.2312928], [-87.936011, 42.231449], [-87.9360641, 42.2317151], [-87.9360612, 42.2318115], [-87.9360427, 42.2319013], [-87.9360165, 42.2319709], [-87.9359507, 42.2321218], [-87.9359424, 42.2321593], [-87.9359435, 42.2322005], [-87.9359621, 42.2322624], [-87.9359753, 42.2323098], [-87.9359713, 42.2323566], [-87.9359529, 42.2324807], [-87.9359236, 42.2325586], [-87.93591, 42.232622], [-87.9359153, 42.2326726], [-87.9359317, 42.2327055], [-87.9360167, 42.2328185], [-87.9360359, 42.2328694], [-87.9360353, 42.2329182], [-87.9359923, 42.233093], [-87.9359975, 42.2331524], [-87.9360168, 42.2331992], [-87.9360413, 42.2332372], [-87.9361014, 42.2332814], [-87.9365048, 42.2335449], [-87.9365895, 42.2336039], [-87.9366706, 42.233689], [-87.9367547, 42.2338225], [-87.9367718, 42.2338655], [-87.9367737, 42.233912], [-87.9367657, 42.2339668], [-87.9366929, 42.2341439], [-87.9365151, 42.2347873], [-87.9365088, 42.2348522], [-87.9365228, 42.2349035], [-87.936547, 42.2349512], [-87.9366156, 42.2350741], [-87.9366314, 42.2351301], [-87.9366341, 42.2351847], [-87.9366326, 42.2354078], [-87.9366428, 42.2355066], [-87.9366645, 42.2355777], [-87.936744, 42.2357617], [-87.9367464, 42.2358473], [-87.9367551, 42.2360186], [-87.9367744, 42.2361207], [-87.9368274, 42.2362344], [-87.9368566, 42.236342], [-87.9368765, 42.2365135], [-87.9370154, 42.2371225], [-87.9370296, 42.2371634], [-87.9370586, 42.23724], [-87.9371243, 42.2373479], [-87.9371592, 42.2374167], [-87.937169, 42.2374964], [-87.9371761, 42.2376449], [-87.9371916, 42.2377157], [-87.9372241, 42.2377832], [-87.937292, 42.2378543], [-87.9375363, 42.2380973], [-87.9376875, 42.2384163], [-87.9377697, 42.2385241], [-87.9378904, 42.2386101], [-87.9380133, 42.2386627], [-87.9381742, 42.2387024], [-87.9382907, 42.2387466], [-87.9384616, 42.2388461], [-87.9385475, 42.2388889], [-87.9386349, 42.2389128], [-87.938725, 42.23892], [-87.9390571, 42.238921], [-87.9391965, 42.2389093], [-87.9393552, 42.2388741], [-87.9396145, 42.2388554], [-87.9398156, 42.2388517], [-87.9400226, 42.2388741], [-87.9401161, 42.238937], [-87.9401393, 42.2390207], [-87.9401331, 42.2391441], [-87.9400717, 42.2392892], [-87.9399365, 42.2395625], [-87.9399014, 42.2397185], [-87.9398408, 42.239843], [-87.9397489, 42.2398881], [-87.9396936, 42.2399153], [-87.9396199, 42.2399304], [-87.9394977, 42.2399353], [-87.9394048, 42.2399273], [-87.9393274, 42.2399398], [-87.939252, 42.2399612]], [[-87.939252, 42.2399612], [-87.938907, 42.2401262]], [[-87.938907, 42.2401262], [-87.9388566, 42.2401626], [-87.9388447, 42.2401972], [-87.9388446, 42.240226], [-87.9388748, 42.2402632], [-87.938939, 42.2403088], [-87.938998, 42.2403392], [-87.9390188, 42.2403633], [-87.9390245, 42.2403998], [-87.9391095, 42.2406477], [-87.9391171, 42.240695], [-87.9390538, 42.2407587]], [[-87.9390538, 42.2407587], [-87.9389593, 42.240844], [-87.9388755, 42.2409151], [-87.93877, 42.2410217], [-87.9386661, 42.2410972], [-87.9385769, 42.2411315], [-87.9384746, 42.2411411], [-87.9383793, 42.2411164], [-87.9382598, 42.2410649], [-87.9381679, 42.241019], [-87.9380933, 42.2409933], [-87.9380014, 42.2409751], [-87.9378449, 42.240973], [-87.9377279, 42.240966], [-87.9375932, 42.2409315], [-87.9373765, 42.2408652], [-87.9372363, 42.2408123], [-87.9371101, 42.2407874], [-87.9367676, 42.2408312], [-87.9364181, 42.240848], [-87.9360437, 42.2408754], [-87.93583, 42.2408818], [-87.9357873, 42.2408862], [-87.9357461, 42.2409037], [-87.9357108, 42.2409384], [-87.935624, 42.2409725], [-87.9355268, 42.2409956], [-87.93541, 42.2410178], [-87.9353007, 42.2410271], [-87.9349812, 42.2410537], [-87.9347617, 42.241053], [-87.934641, 42.2410875], [-87.934551, 42.2410907], [-87.9344569, 42.2410607], [-87.9342955, 42.2410216], [-87.9342143, 42.2410089], [-87.9341245, 42.241045], [-87.9340391, 42.2410771], [-87.9338559, 42.2410846], [-87.9335536, 42.241079], [-87.9333706, 42.2410598], [-87.9332241, 42.2410154], [-87.9330391, 42.2409511], [-87.9328518, 42.2409013], [-87.9326682, 42.2408956], [-87.9325604, 42.240896], [-87.9324936, 42.2409112], [-87.9323332, 42.2409356], [-87.932198, 42.2409418], [-87.9320804, 42.2409372], [-87.9319489, 42.2409076], [-87.9318393, 42.2408703], [-87.9316805, 42.2408644], [-87.9315577, 42.2408754], [-87.9314481, 42.2408582], [-87.9313148, 42.2408513], [-87.9311748, 42.2408797], [-87.9311038, 42.2409002], [-87.9310216, 42.2409047], [-87.9309309, 42.2408946], [-87.9308543, 42.2408691], [-87.9307413, 42.24084], [-87.9305984, 42.2408328], [-87.9304631, 42.2408253], [-87.9303277, 42.2408644], [-87.9302213, 42.2409247], [-87.9300912, 42.2409711], [-87.9299935, 42.2409743], [-87.929897, 42.2409681], [-87.9297423, 42.2409555], [-87.9294717, 42.2409581], [-87.929263, 42.2409543], [-87.929162, 42.2409783], [-87.9290675, 42.2410163], [-87.9290177, 42.2410645], [-87.9288414, 42.2413278], [-87.9287495, 42.2414677], [-87.9286999, 42.2415119], [-87.9286381, 42.241549], [-87.9285629, 42.2415725], [-87.9284723, 42.241584], [-87.9282583, 42.2415824], [-87.9279798, 42.2415588], [-87.9277581, 42.2414918], [-87.9276036, 42.2414402], [-87.927471, 42.2414106], [-87.9272747, 42.2413967], [-87.9270906, 42.2413893], [-87.9269089, 42.2414112], [-87.92678, 42.2414813], [-87.9267295, 42.2415768], [-87.9267086, 42.2416141], [-87.9266867, 42.2418104], [-87.9266425, 42.2418869], [-87.9265816, 42.241978], [-87.9265726, 42.2420391], [-87.92661, 42.2421471], [-87.9266686, 42.2423684], [-87.9266947, 42.242629], [-87.926675, 42.2428254], [-87.9266433, 42.2429949], [-87.9266454, 42.2430624], [-87.9266663, 42.2431354], [-87.926704, 42.2431911], [-87.9267526, 42.243231], [-87.9268684, 42.2432791], [-87.9269161, 42.2433033], [-87.9269577, 42.2433527], [-87.926964, 42.2433972], [-87.9269386, 42.2434692], [-87.9269338, 42.2435093], [-87.9269419, 42.2435648], [-87.9269372, 42.2436309], [-87.9269218, 42.2436752], [-87.9269001, 42.243707], [-87.9268606, 42.2437332], [-87.9267726, 42.2437581], [-87.9267189, 42.243778], [-87.9266557, 42.243809], [-87.9265641, 42.2438809], [-87.9265308, 42.2439059], [-87.9264723, 42.2439219], [-87.9263606, 42.2439267], [-87.9263092, 42.2439288], [-87.9262646, 42.2439486], [-87.9262444, 42.2439843], [-87.9262114, 42.2440748], [-87.9261222, 42.2441638], [-87.926059, 42.2443251], [-87.9260306, 42.2443775], [-87.9259799, 42.2444087], [-87.925808, 42.2446199], [-87.9257269, 42.2446933], [-87.9256713, 42.2448031], [-87.9256684, 42.2448809], [-87.9257119, 42.2449922], [-87.9257569, 42.2450443], [-87.9258079, 42.2450972], [-87.9258818, 42.2451562], [-87.9259342, 42.2451896], [-87.925973, 42.245238], [-87.9259776, 42.2453269], [-87.9260069, 42.2454288], [-87.9260353, 42.2455351], [-87.9260264, 42.2456287], [-87.926008, 42.2457929], [-87.9259828, 42.2458644], [-87.925947, 42.2459268], [-87.9259025, 42.2459542], [-87.9258393, 42.245995], [-87.9257784, 42.2460578], [-87.9257317, 42.2461618], [-87.9257095, 42.2462968], [-87.9256867, 42.2463438], [-87.9256418, 42.2464149], [-87.9255804, 42.2464728], [-87.9255476, 42.2465114], [-87.9255353, 42.2465683], [-87.9255365, 42.2466218], [-87.9255523, 42.2467401], [-87.9256031, 42.2470408], [-87.9256711, 42.247267], [-87.925744, 42.2474161], [-87.925792, 42.2475584], [-87.9257925, 42.2476488], [-87.9257534, 42.2478926], [-87.9257182, 42.2480703], [-87.9257294, 42.2482208], [-87.925769, 42.2483388], [-87.9258303, 42.248491], [-87.9258918, 42.2486535], [-87.9258944, 42.2487479], [-87.9258707, 42.2488321], [-87.9257411, 42.2490801], [-87.9257337, 42.2491681], [-87.9257342, 42.249264], [-87.925759, 42.2493573], [-87.9258324, 42.2494306], [-87.9258955, 42.2494783], [-87.9260192, 42.2495611], [-87.9261062, 42.2496639], [-87.9261089, 42.2497907], [-87.9260794, 42.2499101], [-87.9260226, 42.250026], [-87.9259148, 42.2501735], [-87.9257128, 42.2504313], [-87.9256194, 42.250595], [-87.9255376, 42.2507291], [-87.9255245, 42.2508151], [-87.9255504, 42.250901], [-87.92557, 42.2510124], [-87.9255825, 42.2511697], [-87.9255872, 42.2513568], [-87.9255798, 42.2514344], [-87.9256122, 42.2514939], [-87.9256606, 42.2515578], [-87.9257411, 42.251613], [-87.925848, 42.251649], [-87.926046, 42.2517008], [-87.9262286, 42.2517795], [-87.9263364, 42.2518416], [-87.9264112, 42.2519035], [-87.9264723, 42.2519946], [-87.9265159, 42.252152], [-87.9265308, 42.2522293], [-87.9265053, 42.2522978], [-87.9264541, 42.2523514], [-87.9263734, 42.2525174], [-87.9263272, 42.2526959], [-87.9262989, 42.252788], [-87.9262355, 42.252868], [-87.9261469, 42.252989], [-87.9259951, 42.2531886], [-87.9259214, 42.2532317], [-87.9257868, 42.2533029], [-87.9257077, 42.2533198], [-87.9256251, 42.25336], [-87.9255819, 42.2534426], [-87.9254525, 42.2536772], [-87.925438, 42.2537614], [-87.9254553, 42.2538161], [-87.9255104, 42.2539072], [-87.9255457, 42.2539528], [-87.9255545, 42.2540018], [-87.9255287, 42.2541458], [-87.925462, 42.2542463], [-87.9254501, 42.2543134], [-87.9254736, 42.2544256], [-87.9254743, 42.2545458], [-87.925461, 42.2546682], [-87.9254298, 42.2547495], [-87.9253847, 42.2548167]], [[-87.9253847, 42.2548167], [-87.9253377, 42.2548461], [-87.9252737, 42.2548674], [-87.9251633, 42.2548713]], [[-87.9251633, 42.2548713], [-87.9249626, 42.2548693]], [[-87.9249626, 42.2548693], [-87.9249068, 42.2548658], [-87.9248349, 42.2548704], [-87.9247554, 42.2548894], [-87.9246955, 42.2549125]], [[-87.9246955, 42.2549125], [-87.9246544, 42.2549473], [-87.9246153, 42.2550048], [-87.9246088, 42.2551292], [-87.924611, 42.2553609], [-87.9245995, 42.2555369], [-87.9245865, 42.255673], [-87.9245623, 42.255725], [-87.9245227, 42.2557806], [-87.9244118, 42.2558652], [-87.9243207, 42.2559299], [-87.9238223, 42.2562276], [-87.923752, 42.2562812], [-87.9236645, 42.2563606], [-87.9235721, 42.2564305], [-87.9235057, 42.2564592], [-87.9234258, 42.2565021], [-87.9233738, 42.2565247], [-87.9233209, 42.2565567], [-87.9231749, 42.2566881], [-87.923041, 42.2568171], [-87.9229703, 42.2569042], [-87.9228923, 42.256963], [-87.9227503, 42.2570811], [-87.9226404, 42.2572711], [-87.9225901, 42.2573357], [-87.9225181, 42.2573938], [-87.9223395, 42.2575251], [-87.9222893, 42.2575832], [-87.9222737, 42.2576626], [-87.922256, 42.2577425], [-87.922197, 42.257891], [-87.922145, 42.2579975], [-87.9221069, 42.2580709], [-87.922013, 42.2581575], [-87.9219326, 42.2582187], [-87.9218602, 42.2582525], [-87.9217793, 42.2583352], [-87.9217476, 42.2584065], [-87.9217468, 42.258477], [-87.9217432, 42.2585659], [-87.9216807, 42.2586823], [-87.9215794, 42.2588138], [-87.9214316, 42.2589911], [-87.9213177, 42.259148], [-87.9208995, 42.2595751], [-87.9207364, 42.2599308], [-87.9203244, 42.2602675], [-87.9202322, 42.2604064], [-87.9201801, 42.2605936], [-87.9200927, 42.2607439], [-87.9200481, 42.2608627], [-87.9199924, 42.2609404], [-87.9198577, 42.261025], [-87.9197738, 42.2611094], [-87.9196952, 42.2613065], [-87.9195007, 42.2616196], [-87.9194608, 42.2617076], [-87.919408, 42.2618005], [-87.9194033, 42.2618257], [-87.9194255, 42.261861], [-87.9194626, 42.2618718], [-87.9194878, 42.2618791], [-87.9195386, 42.2618852], [-87.919669, 42.261901], [-87.9196739, 42.2619533], [-87.9196811, 42.2620292], [-87.9196858, 42.262079], [-87.9195976, 42.262316], [-87.9194461, 42.2625862], [-87.9193564, 42.2627871], [-87.9193114, 42.2629674], [-87.9193287, 42.2631019], [-87.9194559, 42.2632036], [-87.9195068, 42.2633217]], [[-87.9195068, 42.2633217], [-87.9196065, 42.2633672], [-87.919696, 42.2634247], [-87.9197293, 42.2634915], [-87.9197195, 42.2635554], [-87.9196882, 42.2636263], [-87.9196216, 42.2636974], [-87.9195262, 42.2637738], [-87.9194474, 42.2638312], [-87.9193983, 42.2638949], [-87.9193835, 42.2639636], [-87.9193878, 42.2640324], [-87.9194016, 42.2640969], [-87.919455, 42.2642241], [-87.9195684, 42.2645161], [-87.9197236, 42.2648537], [-87.91983, 42.2650855], [-87.9198752, 42.2652569], [-87.9198867, 42.2654317], [-87.9197837, 42.2657175], [-87.9198479, 42.2658309], [-87.919919, 42.2658606], [-87.9200137, 42.2658674], [-87.920089, 42.2658611], [-87.9201705, 42.2658488], [-87.9202963, 42.2658112], [-87.9203811, 42.2657926], [-87.9204745, 42.2657943], [-87.9205352, 42.2658168], [-87.9205988, 42.2658612], [-87.9206486, 42.2659026], [-87.9207023, 42.2659339], [-87.9207896, 42.2659484], [-87.9208687, 42.2659454], [-87.9209551, 42.2659209], [-87.9210955, 42.2658865], [-87.9212096, 42.2658632], [-87.9212723, 42.2658345], [-87.9213236, 42.2657965], [-87.9213551, 42.2657473], [-87.9214055, 42.2657017], [-87.9214606, 42.26568], [-87.9215344, 42.2656682], [-87.9216698, 42.2656596], [-87.9217646, 42.2656655], [-87.9218581, 42.2656788], [-87.9220154, 42.2657186], [-87.9220908, 42.265753], [-87.9222283, 42.2658227], [-87.9223058, 42.2658414], [-87.9223904, 42.2658393], [-87.9224734, 42.2658233], [-87.9225485, 42.2657963], [-87.9227367, 42.2657014], [-87.9227829, 42.2656837], [-87.9228647, 42.2656737], [-87.9229386, 42.2656827], [-87.9229909, 42.265699], [-87.923043, 42.2657313], [-87.9233157, 42.2658775], [-87.9233807, 42.2659016], [-87.9234694, 42.2659231], [-87.9236793, 42.2659396], [-87.9241404, 42.2659955], [-87.924293, 42.266023], [-87.9243554, 42.2660486], [-87.9243901, 42.2660731], [-87.9244251, 42.2661046], [-87.9244514, 42.2661564], [-87.9244674, 42.266211], [-87.9244652, 42.2662586], [-87.9244192, 42.2663936], [-87.9243943, 42.2665027], [-87.9243897, 42.2665798], [-87.9244101, 42.2667074], [-87.9244022, 42.2667747], [-87.9243374, 42.2669418], [-87.9243094, 42.2671035], [-87.9242792, 42.2671936], [-87.9242403, 42.2672571], [-87.9241764, 42.2673127], [-87.9238615, 42.2674033], [-87.9237798, 42.2674332], [-87.9237152, 42.2674646], [-87.9236689, 42.2675013], [-87.9236372, 42.2675545], [-87.9236244, 42.2676158], [-87.9236428, 42.2677325], [-87.9236695, 42.2677917], [-87.9237077, 42.2678363], [-87.9237618, 42.2678803], [-87.9238574, 42.2679327], [-87.9243754, 42.2681089], [-87.9244165, 42.2681256], [-87.9244486, 42.2681513], [-87.9244641, 42.2681806], [-87.9244799, 42.2682109], [-87.9244795, 42.2682449], [-87.9244721, 42.2683011], [-87.9244538, 42.2684126], [-87.9243983, 42.2685779], [-87.92435, 42.2687221], [-87.9243637, 42.2687941], [-87.9243944, 42.2688702], [-87.9243893, 42.2689405], [-87.9243679, 42.2689962], [-87.9243316, 42.2690384], [-87.9242793, 42.2690748], [-87.9241691, 42.2691494], [-87.9241335, 42.2692022], [-87.9241217, 42.2692648], [-87.9241213, 42.26935], [-87.9240838, 42.2695648], [-87.924042, 42.269619], [-87.9239759, 42.2696839], [-87.9239026, 42.2697326], [-87.923876, 42.2697713], [-87.9238721, 42.2698356], [-87.9238842, 42.2699683], [-87.9239808, 42.2701509], [-87.9240133, 42.2702011]], [[-87.9240133, 42.2702011], [-87.9241782, 42.2704557], [-87.9243515, 42.2706309], [-87.9244159, 42.2706801], [-87.9245607, 42.2707636], [-87.924746, 42.2708431]], [[-87.924746, 42.2708431], [-87.9250498, 42.2709675]], [[-87.9250498, 42.2709675], [-87.9252193, 42.2710426], [-87.9254358, 42.2711234], [-87.9255993, 42.2711719], [-87.9257925, 42.2712139], [-87.9268491, 42.2714524], [-87.9273064, 42.2715574], [-87.9275168, 42.2716533], [-87.927863, 42.2719472], [-87.9280439, 42.2720245], [-87.9285619, 42.272199], [-87.9288338, 42.2722502], [-87.9290614, 42.2722668], [-87.9293055, 42.2723255], [-87.9294468, 42.2723969], [-87.9295881, 42.2724124], [-87.9297082, 42.272407], [-87.9298298, 42.2724224], [-87.9302218, 42.2725979], [-87.9302908, 42.2726146], [-87.9303724, 42.272616], [-87.9306867, 42.2725529], [-87.9310708, 42.2725347], [-87.9312821, 42.2724894], [-87.9313814, 42.2724573], [-87.9315396, 42.2724219], [-87.9316835, 42.2724232], [-87.9317901, 42.2724422], [-87.9318906, 42.2724779], [-87.9319776, 42.2725224], [-87.9320925, 42.2726056], [-87.9322559, 42.2727347], [-87.9323891, 42.2728582], [-87.9325272, 42.2729574], [-87.9326453, 42.2729889], [-87.9328159, 42.273006], [-87.9330144, 42.2729936], [-87.9331943, 42.2729529], [-87.933412, 42.272861], [-87.9339286, 42.272685], [-87.9340778, 42.2726574], [-87.9342679, 42.2726483], [-87.9344664, 42.2726551], [-87.9345552, 42.2726786], [-87.9347433, 42.2727419], [-87.9350101, 42.2728755], [-87.9351785, 42.2729182], [-87.9353301, 42.2729301], [-87.9355125, 42.2729302], [-87.9358995, 42.2729042], [-87.9361768, 42.2729009], [-87.9365268, 42.2729149], [-87.9369037, 42.2729358], [-87.9371022, 42.2730175], [-87.9373061, 42.2731311], [-87.937791, 42.2734408], [-87.9380121, 42.2735933], [-87.9382159, 42.2737875], [-87.938366, 42.273987], [-87.9383561, 42.2741255], [-87.9382974, 42.2742727], [-87.9382563, 42.2743238], [-87.9381901, 42.2744359], [-87.9381429, 42.2746347], [-87.9380927, 42.2751776], [-87.9380524, 42.2753426], [-87.9379659, 42.2754762], [-87.9378258, 42.2756281]], [[-87.9378258, 42.2756281], [-87.9377333, 42.2757135], [-87.9373159, 42.2760747], [-87.9372353, 42.2761662], [-87.9372097, 42.2762259], [-87.9371969, 42.2762569], [-87.9371661, 42.2763202], [-87.9371436, 42.2763856], [-87.9370885, 42.2766445], [-87.9370613, 42.2767227], [-87.9369606, 42.2768432], [-87.9366685, 42.2770728], [-87.9364316, 42.277267], [-87.9362357, 42.2774599], [-87.935933, 42.277667], [-87.9356521, 42.2778012], [-87.9354234, 42.2779314], [-87.935273, 42.2780671], [-87.9351686, 42.2781741], [-87.9350866, 42.2782966], [-87.9349636, 42.278556], [-87.9347881, 42.2788541], [-87.934379, 42.2794539], [-87.9343301, 42.2795995], [-87.9341777, 42.2803977], [-87.9341534, 42.2804921], [-87.9340964, 42.2805761], [-87.9340452, 42.2806242], [-87.9339971, 42.2806762], [-87.9339325, 42.2807438], [-87.9338822, 42.2808163]], [[-87.9338822, 42.2808163], [-87.9338567, 42.2808743], [-87.9337926, 42.2811074], [-87.9337695, 42.2811394], [-87.9337688, 42.2811403], [-87.9337264, 42.2811858]], [[-87.9337264, 42.2811858], [-87.933677, 42.2812249], [-87.9336204, 42.2812442], [-87.9335402, 42.2812627], [-87.9331607, 42.2813119], [-87.9330623, 42.2813426], [-87.9329818, 42.2813878], [-87.9329406, 42.2814292], [-87.932918, 42.2814718], [-87.9328839, 42.2815337], [-87.932816, 42.2821065], [-87.9328332, 42.2824163], [-87.9328504, 42.2825491], [-87.932909, 42.2827656], [-87.9331166, 42.2831186], [-87.9333943, 42.2835686], [-87.9335172, 42.2837475], [-87.9335941, 42.283884], [-87.9336878, 42.2839375], [-87.9339724, 42.2840518], [-87.9342326, 42.2841932], [-87.9343309, 42.2842619], [-87.934382, 42.2843413], [-87.9344802, 42.2845825], [-87.9345575, 42.2848338], [-87.9345782, 42.2850955], [-87.9345741, 42.2852669], [-87.9346066, 42.2853962], [-87.9346717, 42.2855166], [-87.9347326, 42.2855827], [-87.9348587, 42.285685], [-87.9350701, 42.2857902], [-87.9352368, 42.2858474], [-87.9354116, 42.2858835], [-87.9355562, 42.2859594], [-87.9356861, 42.2859765], [-87.9358616, 42.285961], [-87.9363648, 42.2858777], [-87.9365035, 42.2858677], [-87.9365649, 42.2858819], [-87.9366183, 42.2859074]], [[-87.9366183, 42.2859074], [-87.9370752, 42.2861413]], [[-87.9370752, 42.2861413], [-87.9371246, 42.2861749], [-87.9371432, 42.2862034], [-87.9371525, 42.2862289], [-87.9371517, 42.2862585], [-87.9371432, 42.2862912], [-87.9371265, 42.2863066], [-87.9370661, 42.2863384], [-87.936997, 42.2863731], [-87.9369608, 42.2863999], [-87.936936, 42.2864247], [-87.9369096, 42.2864803], [-87.9369005, 42.286512], [-87.9368998, 42.2865517], [-87.9370211, 42.2866599], [-87.9371915, 42.2867289], [-87.9373968, 42.2867512], [-87.9376474, 42.2867306], [-87.9378872, 42.2866912], [-87.9383627, 42.2866656], [-87.9386015, 42.2866816], [-87.9388264, 42.2867227], [-87.939106, 42.2868372], [-87.9400191, 42.2871072], [-87.9402402, 42.2871917], [-87.9403381, 42.2872579], [-87.9404041, 42.28733], [-87.9404527, 42.2874307], [-87.9404873, 42.2875388], [-87.9405409, 42.2882536], [-87.9405559, 42.2884637], [-87.9406191, 42.288758], [-87.9406238, 42.2888734], [-87.9406302, 42.2889332], [-87.9406281, 42.2890213], [-87.9405976, 42.2892326], [-87.9405083, 42.2896768], [-87.940487, 42.2900692], [-87.9403921, 42.2902898], [-87.9403496, 42.2904631], [-87.9403581, 42.2905398], [-87.9404154, 42.2906521], [-87.9404788, 42.290771], [-87.9405231, 42.2908717], [-87.9405348, 42.2910067], [-87.9405142, 42.2911688], [-87.940547, 42.2913536], [-87.9405652, 42.2914939], [-87.9405829, 42.2917475], [-87.9406099, 42.2921149], [-87.9406374, 42.2924208], [-87.9406834, 42.2926894], [-87.9407737, 42.2929146], [-87.9408511, 42.2930565], [-87.9409428, 42.2933163], [-87.9410139, 42.2934594], [-87.9410968, 42.2935731], [-87.9413659, 42.2938067], [-87.9416743, 42.2940317], [-87.9421771, 42.2944533], [-87.9426135, 42.2946596], [-87.9429592, 42.2949069], [-87.9437128, 42.2956142], [-87.9441533, 42.2960687], [-87.9446491, 42.2964614], [-87.9447063, 42.2965327], [-87.9447332, 42.2966038], [-87.9447737, 42.2969125], [-87.9448277, 42.2970845], [-87.9448876, 42.2972056], [-87.945073, 42.2974463], [-87.9452236, 42.2976388], [-87.9452808, 42.2977431], [-87.9453545, 42.2978995], [-87.9453864, 42.2980323], [-87.9454558, 42.2982278], [-87.9455843, 42.2984942], [-87.9456996, 42.2986761], [-87.9458104, 42.2988154], [-87.9459953, 42.2989739], [-87.9461913, 42.2990971], [-87.946311, 42.299158], [-87.9464192, 42.299193], [-87.9467321, 42.2992285], [-87.9468641, 42.2992635], [-87.9475718, 42.2995995], [-87.9480352, 42.2998887], [-87.9481623, 42.3000506], [-87.9482061, 42.3002073], [-87.9483035, 42.3003574], [-87.9484868, 42.3004943], [-87.9487587, 42.3006158], [-87.9489924, 42.3007407], [-87.9491027, 42.3008577], [-87.9492171, 42.3009558], [-87.9497242, 42.3011917], [-87.950133, 42.3013061], [-87.9502756, 42.3013571], [-87.9503698, 42.3014083], [-87.9504213, 42.3014741], [-87.9504794, 42.3015509], [-87.9505259, 42.301623], [-87.9506416, 42.301719], [-87.9509642, 42.3018517], [-87.9511378, 42.3019122], [-87.9513866, 42.3020169], [-87.9514909, 42.3020792], [-87.9518686, 42.3023449], [-87.9520145, 42.3024125], [-87.9530535, 42.3029505], [-87.9537593, 42.3033705], [-87.9541338, 42.3035997], [-87.9545808, 42.3038123], [-87.955054, 42.3040871], [-87.9552467, 42.304218], [-87.9553855, 42.3043605], [-87.9554758, 42.3045269], [-87.9555893, 42.3047102], [-87.9556255, 42.30481], [-87.9556357, 42.3049509], [-87.9556181, 42.305032], [-87.9555778, 42.3051077], [-87.9555226, 42.3051674], [-87.9554525, 42.3052179], [-87.955325, 42.3052693], [-87.9551246, 42.3053224], [-87.9550269, 42.3053719], [-87.9549454, 42.3054253], [-87.9549006, 42.3054914], [-87.9548887, 42.3056236], [-87.9549165, 42.3056897]], [[-87.9549165, 42.3056897], [-87.9550638, 42.3060185], [-87.9550827, 42.3060491], [-87.9551132, 42.3060854]], [[-87.9551132, 42.3060854], [-87.9552427, 42.3061895], [-87.9553222, 42.3062459], [-87.9553662, 42.3062784], [-87.9553732, 42.3062836], [-87.9554024, 42.3063313]], [[-87.9554024, 42.3063313], [-87.9554331, 42.3063932], [-87.9554477, 42.3064597], [-87.9554844, 42.3066108], [-87.9555256, 42.3066818], [-87.9555856, 42.30677], [-87.9556713, 42.3068631], [-87.9557572, 42.3069644], [-87.9558282, 42.3070959], [-87.955918, 42.3072937], [-87.9561175, 42.3076731], [-87.9562521, 42.3079726], [-87.9564874, 42.308602], [-87.9566094, 42.30891], [-87.9568898, 42.309544], [-87.9569223, 42.3096692], [-87.9569375, 42.3097942], [-87.9569285, 42.3099229], [-87.9569233, 42.3100937], [-87.9569634, 42.3103987], [-87.9570112, 42.310604], [-87.9570779, 42.3107524], [-87.9571332, 42.3108849], [-87.9572254, 42.3110524], [-87.95731, 42.3111573], [-87.9574194, 42.311271], [-87.9579207, 42.3116975], [-87.9579946, 42.3117927], [-87.9580118, 42.3118474], [-87.9580158, 42.3119108], [-87.9579961, 42.3120034], [-87.9579202, 42.3122591], [-87.9579095, 42.3123281], [-87.9579116, 42.3124027], [-87.9579425, 42.3124724], [-87.9579971, 42.3125631], [-87.9580696, 42.3126341], [-87.9581064, 42.3126953], [-87.9581416, 42.312782], [-87.9581847, 42.3129848], [-87.9581807, 42.313034], [-87.9581711, 42.3130846], [-87.9581475, 42.3131267], [-87.9581006, 42.3131716], [-87.9580533, 42.3132067], [-87.9579285, 42.3132816], [-87.9577468, 42.3133774], [-87.9576722, 42.3134184], [-87.9576189, 42.3134621], [-87.9575723, 42.3134993], [-87.957543, 42.3135685], [-87.9575287, 42.3136366], [-87.9575338, 42.313707], [-87.9575769, 42.3138243], [-87.9576279, 42.3140244], [-87.9576878, 42.3141631], [-87.9577629, 42.3142682], [-87.9580231, 42.3144648], [-87.9582125, 42.3146001], [-87.9582892, 42.3146742], [-87.958329, 42.3147083], [-87.9583423, 42.3147497], [-87.9583586, 42.3147977], [-87.9583583, 42.3148506], [-87.9583302, 42.3149166], [-87.9582896, 42.3149605], [-87.9581935, 42.3150129], [-87.9580623, 42.3150609], [-87.9579066, 42.3150807], [-87.9578746, 42.3150848]], [[-87.9578746, 42.3150848], [-87.9571488, 42.3151448]], [[-87.9571488, 42.3151448], [-87.9570712, 42.3151559], [-87.9569811, 42.3151729], [-87.9568733, 42.3152058], [-87.9567257, 42.3152739], [-87.9564804, 42.3153637], [-87.9563275, 42.3154149], [-87.9561791, 42.315451], [-87.955863, 42.315503], [-87.9555628, 42.3155185], [-87.9552878, 42.3155284], [-87.9551667, 42.315537], [-87.9550746, 42.3155583], [-87.9549075, 42.3156009], [-87.954793, 42.3156217], [-87.9546399, 42.3156319], [-87.9544903, 42.3156391], [-87.9544693, 42.3156411], [-87.9544066, 42.3156472]], [[-87.9544066, 42.3156472], [-87.954354, 42.3158531]], [[-87.954354, 42.3158531], [-87.9543076, 42.3160686]], [[-87.9543076, 42.3160686], [-87.9542819, 42.3161752], [-87.9542483, 42.3163045], [-87.9541955, 42.3163924], [-87.9540417, 42.3165077], [-87.9538426, 42.3166374], [-87.9537734, 42.3167031], [-87.9537357, 42.3167663], [-87.9537288, 42.3168422], [-87.9537484, 42.3169254], [-87.9537736, 42.3170003], [-87.9538689, 42.3171811], [-87.9538896, 42.3172822], [-87.9538858, 42.3174985], [-87.9538764, 42.3180032], [-87.9538517, 42.3182474], [-87.9537844, 42.3185176], [-87.9537673, 42.3185862], [-87.9536982, 42.3187286], [-87.9536196, 42.318822], [-87.9534747, 42.3189039], [-87.9532624, 42.318956], [-87.9531153, 42.3189733], [-87.9529728, 42.318956], [-87.9528387, 42.318921], [-87.9527015, 42.3188912], [-87.9525232, 42.3189088], [-87.9523505, 42.3189555], [-87.9522162, 42.3189855], [-87.9520622, 42.3190009], [-87.951912, 42.3189811], [-87.9516852, 42.3189268], [-87.951234, 42.3187872], [-87.9510034, 42.3187398], [-87.9508539, 42.3187435], [-87.9507363, 42.3187811], [-87.9506605, 42.3188335], [-87.9504554, 42.3191727], [-87.9503451, 42.3193286], [-87.9502581, 42.3193984], [-87.9501366, 42.3194479], [-87.9498385, 42.3195367], [-87.9496414, 42.3196215], [-87.9495051, 42.3197007], [-87.9494333, 42.3197727], [-87.9494074, 42.3198253], [-87.9493967, 42.3198892], [-87.9494444, 42.3200013], [-87.9494624, 42.3200736], [-87.9494624, 42.3201806], [-87.9494408, 42.3202649], [-87.9493638, 42.3203561], [-87.9492683, 42.3204335], [-87.949105, 42.3205429], [-87.9489818, 42.320593], [-87.9488123, 42.3206477], [-87.9485935, 42.3208117], [-87.9484703, 42.3208937], [-87.9482217, 42.3209854], [-87.9479895, 42.3211349], [-87.9478004, 42.3213369], [-87.9476954, 42.3214646], [-87.9476392, 42.3215899], [-87.9476382, 42.3217759], [-87.9476174, 42.3218688], [-87.9475647, 42.32195], [-87.9474638, 42.3220982], [-87.9473058, 42.3225057], [-87.9472106, 42.3226814], [-87.9470977, 42.3230078], [-87.9470787, 42.3231734], [-87.9470966, 42.3234329]], [[-87.9470966, 42.3234329], [-87.9470541, 42.3235101], [-87.9469773, 42.3235762], [-87.9470543, 42.3236246], [-87.9471221, 42.3236722], [-87.9472609, 42.3237927]], [[-87.9472609, 42.3237927], [-87.9472009, 42.3237006], [-87.9471772, 42.3236247], [-87.9471304, 42.3235022], [-87.9470966, 42.3234329]], [[-87.9472609, 42.3237927], [-87.9473639, 42.3238926], [-87.9475743, 42.3240207], [-87.9478512, 42.3242603], [-87.9480201, 42.3244052], [-87.9481337, 42.3245355], [-87.9482212, 42.3246697], [-87.9482591, 42.3247519], [-87.9482647, 42.3248393], [-87.9482641, 42.3249028], [-87.9482491, 42.324961], [-87.9482048, 42.3250485], [-87.9481368, 42.325157], [-87.9480292, 42.3252813], [-87.9477697, 42.3254939], [-87.9476588, 42.3256139], [-87.9476039, 42.3257274], [-87.9475768, 42.3258336], [-87.9475927, 42.3259297], [-87.9476261, 42.3260022], [-87.9477025, 42.3260805], [-87.9477866, 42.3261676], [-87.9478349, 42.3262438], [-87.94786, 42.3263732], [-87.9478477, 42.3264961], [-87.9477924, 42.3266257], [-87.9475603, 42.3269287], [-87.9474459, 42.3271239], [-87.9474099, 42.3272408], [-87.9474134, 42.3273619], [-87.9474904, 42.3274861], [-87.9475804, 42.3276315], [-87.9476006, 42.3277208], [-87.9474766, 42.3278909], [-87.9474177, 42.3280143], [-87.9474087, 42.3281965], [-87.9473295, 42.3283564], [-87.9473581, 42.3284733], [-87.9474165, 42.3285338], [-87.9474667, 42.3286208], [-87.9474887, 42.3287151], [-87.9474706, 42.3288752], [-87.9474661, 42.3289646], [-87.947425, 42.3290433], [-87.9473484, 42.3291124], [-87.9472554, 42.3291631], [-87.947156, 42.3291998], [-87.9470669, 42.3292927], [-87.946953, 42.3294115], [-87.9468449, 42.3295042], [-87.9467284, 42.3295987], [-87.9466057, 42.3296427], [-87.9465397, 42.3296941], [-87.9464815, 42.3297598], [-87.9464546, 42.3298474], [-87.9464624, 42.3299558], [-87.9464923, 42.3300734], [-87.9465197, 42.3302714], [-87.9465253, 42.3304446], [-87.9464846, 42.3305733], [-87.9463683, 42.330775], [-87.9462828, 42.3309027], [-87.9462271, 42.3310475], [-87.9461367, 42.3313986], [-87.9460622, 42.3315861], [-87.9460336, 42.3316826], [-87.9460299, 42.3317913], [-87.9461549, 42.3322327], [-87.9461663, 42.3323345], [-87.9461686, 42.3324717], [-87.9461669, 42.3326405], [-87.9462137, 42.3328791], [-87.9462257, 42.3329691], [-87.9462177, 42.3330473], [-87.9461611, 42.3331775], [-87.9459969, 42.3333572], [-87.9456685, 42.3336141], [-87.945337, 42.333944], [-87.9449874, 42.3343345], [-87.9448158, 42.3344509], [-87.9446841, 42.3345612], [-87.9446067, 42.3346481], [-87.9445311, 42.3347848], [-87.9444402, 42.3348495], [-87.9443214, 42.3348906], [-87.9441965, 42.3349338], [-87.9440911, 42.3349498], [-87.9439381, 42.3349512], [-87.943552, 42.3349681], [-87.9433395, 42.3349754], [-87.9432044, 42.3350089], [-87.9430259, 42.3350662], [-87.9429213, 42.3351059], [-87.9428427, 42.3351535], [-87.942728, 42.3352599], [-87.9426257, 42.3353689], [-87.9425766, 42.335426], [-87.9424877, 42.3354802], [-87.942338, 42.335562], [-87.9420467, 42.3357114], [-87.9418331, 42.3358458], [-87.9417155, 42.3359975], [-87.9416565, 42.3361424], [-87.9415905, 42.3362608], [-87.9415205, 42.3363586], [-87.9414336, 42.3364595], [-87.9412863, 42.3365873], [-87.9411675, 42.3367161], [-87.9411259, 42.3368012], [-87.9411221, 42.3369153], [-87.9411005, 42.3370172], [-87.9410095, 42.3372051], [-87.9408168, 42.3374476], [-87.9406807, 42.3375916], [-87.940565, 42.33767], [-87.9402925, 42.3377953], [-87.9400764, 42.3379426], [-87.9399507, 42.3380126], [-87.9397074, 42.3381819], [-87.9394676, 42.3383295], [-87.9392965, 42.3384239], [-87.9391619, 42.3384716], [-87.9390717, 42.3385401], [-87.9389887, 42.3386634], [-87.9389172, 42.3387926], [-87.9387782, 42.3388925], [-87.9386427, 42.3389834], [-87.9384941, 42.3391408], [-87.9384468, 42.339198], [-87.9383876, 42.3392366], [-87.9383016, 42.3392501], [-87.9382071, 42.3392532], [-87.9380256, 42.3392218], [-87.9379011, 42.3392123], [-87.9378099, 42.339243], [-87.9377206, 42.3392928], [-87.9376456, 42.3393583], [-87.9375636, 42.3394743], [-87.9374816, 42.3396657], [-87.937365, 42.3402503], [-87.9373114, 42.3405439], [-87.9373067, 42.341024], [-87.9373298, 42.3413358], [-87.9373842, 42.3415046], [-87.9375063, 42.3416646], [-87.9376207, 42.3417766], [-87.937748, 42.3418428], [-87.9378759, 42.3418744], [-87.9379958, 42.3418825], [-87.9381543, 42.3419549], [-87.9382278, 42.3420272], [-87.9382615, 42.3421378], [-87.938317, 42.3423012], [-87.9383402, 42.3423607], [-87.938384, 42.3424105], [-87.9384525, 42.3424459], [-87.9386513, 42.3424793], [-87.9387362, 42.3425004], [-87.9388236, 42.3425348], [-87.9389032, 42.3425825], [-87.9389783, 42.342617], [-87.9390887, 42.3426361], [-87.9393866, 42.3426712], [-87.939662, 42.3427321], [-87.9397839, 42.3427479], [-87.9400537, 42.3427473], [-87.9402043, 42.3427721], [-87.9402871, 42.3428012], [-87.9403953, 42.3428695], [-87.9405457, 42.3430288], [-87.9406868, 42.3431297], [-87.9408459, 42.343272], [-87.9408904, 42.343368], [-87.9408982, 42.3434462], [-87.9408792, 42.3435376], [-87.9408765, 42.3435779], [-87.9408952, 42.3436733]], [[-87.9408952, 42.3436733], [-87.9408583, 42.3438467], [-87.9407807, 42.3440992], [-87.940734, 42.3441614]], [[-87.940734, 42.3441614], [-87.9406258, 42.3442472], [-87.9404849, 42.3443403], [-87.9404126, 42.3443683], [-87.9403585, 42.3443829], [-87.9402765, 42.3443752], [-87.9401703, 42.3443513], [-87.940091, 42.3443452], [-87.9400108, 42.3443685], [-87.9398566, 42.3444108], [-87.9397377, 42.3444166], [-87.9395433, 42.3443938], [-87.9392845, 42.3443691], [-87.9391182, 42.344361], [-87.9389858, 42.3443323], [-87.9388069, 42.344247], [-87.9387369, 42.3442308], [-87.938282, 42.3442688], [-87.9367734, 42.3444052], [-87.9366884, 42.3444151], [-87.9366177, 42.3444425], [-87.9364821, 42.3445074], [-87.9363804, 42.3445626], [-87.9363671, 42.3445713], [-87.9362572, 42.3446156], [-87.9360777, 42.3446275], [-87.9359122, 42.3446378], [-87.9357221, 42.3446932], [-87.9355437, 42.344752], [-87.935398, 42.3448065], [-87.9353066, 42.3448465], [-87.9351683, 42.3449907], [-87.9350952, 42.3451124], [-87.935058, 42.3451803], [-87.9350042, 42.3452231], [-87.9348731, 42.345257], [-87.9347372, 42.34528], [-87.9345974, 42.3452907], [-87.9343978, 42.3452976], [-87.9341406, 42.345297], [-87.9339758, 42.3452649], [-87.9337883, 42.3452056], [-87.9337171, 42.3451475], [-87.9336546, 42.3450795], [-87.9335687, 42.3450069], [-87.9334998, 42.3449469], [-87.9334, 42.3449395], [-87.9331486, 42.3449512], [-87.9328844, 42.3449742], [-87.9327029, 42.3449897], [-87.9326109, 42.3450132], [-87.9325722, 42.345036], [-87.9325466, 42.3450729], [-87.932528, 42.3451088], [-87.9325019, 42.3452239], [-87.9324814, 42.345301], [-87.9324649, 42.3453908], [-87.9324686, 42.345461], [-87.9324818, 42.3455871], [-87.9324858, 42.345649], [-87.9324694, 42.3457392], [-87.9324229, 42.3458385], [-87.9323624, 42.3459324], [-87.9323192, 42.3460254], [-87.9322604, 42.3463599], [-87.9322559, 42.3464443], [-87.9322306, 42.3465125], [-87.9321811, 42.3465579], [-87.9321332, 42.346608], [-87.9320896, 42.346664], [-87.9320607, 42.3467333], [-87.9320658, 42.3468098], [-87.9320614, 42.3471524], [-87.9320511, 42.3472662], [-87.93201, 42.3473675], [-87.9319608, 42.3474797], [-87.9318689, 42.3476112], [-87.9317675, 42.3477198], [-87.9312338, 42.3483908], [-87.9311754, 42.3485061], [-87.931054, 42.3488583], [-87.9309982, 42.348998], [-87.9309803, 42.3491528], [-87.9307822, 42.3497698], [-87.9307627, 42.3499071], [-87.9307604, 42.3500624], [-87.9307754, 42.3502089], [-87.9308177, 42.3504612], [-87.9308787, 42.3506771], [-87.9309076, 42.3508411], [-87.9309075, 42.3510911], [-87.9309161, 42.3512973], [-87.9309396, 42.3514271], [-87.9310087, 42.3516842], [-87.9310393, 42.3518399], [-87.9310379, 42.3519634], [-87.9310251, 42.3521053], [-87.9309606, 42.3523252], [-87.930919, 42.3525271], [-87.9308722, 42.3526895], [-87.9307608, 42.3529407]], [[-87.9307608, 42.3529407], [-87.930736, 42.35297], [-87.9302623, 42.353491]], [[-87.9302623, 42.353491], [-87.9301932, 42.3535307], [-87.9300591, 42.3535718], [-87.9299906, 42.3535851], [-87.9299256, 42.3536064], [-87.929841, 42.3536703], [-87.9297803, 42.3537572], [-87.9297143, 42.3538299], [-87.9296379, 42.3538758], [-87.9294923, 42.3539072], [-87.9293336, 42.3539312], [-87.9290692, 42.3540138], [-87.9288935, 42.3540502], [-87.9287571, 42.354108], [-87.928666, 42.3542113], [-87.928634, 42.3543063], [-87.9285996, 42.3544502], [-87.928621, 42.3545587], [-87.9286469, 42.3546718], [-87.9287372, 42.3548377], [-87.9288054, 42.3549588], [-87.9288519, 42.3550986], [-87.9288746, 42.3552668], [-87.9287919, 42.3554844], [-87.9287291, 42.3555474], [-87.9286524, 42.3555809], [-87.9285668, 42.355625], [-87.928529, 42.3556845], [-87.9284428, 42.3558386], [-87.9283689, 42.3559227], [-87.9282588, 42.3559967], [-87.9281477, 42.35608], [-87.9280303, 42.3561658], [-87.9279765, 42.3562638]], [[-87.9279765, 42.3562638], [-87.927905, 42.3562764], [-87.9278031, 42.3562963], [-87.9276529, 42.3563062], [-87.9274759, 42.3562963], [-87.9272699, 42.3563156], [-87.9267222, 42.3564231], [-87.9265908, 42.3564608], [-87.9261992, 42.3564806], [-87.9258381, 42.3564567], [-87.9256695, 42.3564596], [-87.9253054, 42.356476], [-87.9251859, 42.3564482], [-87.9251082, 42.356413], [-87.9249966, 42.3563811], [-87.9248778, 42.3563572], [-87.9247914, 42.3563678], [-87.9247015, 42.3564157], [-87.9246331, 42.3564582], [-87.9245071, 42.3564662], [-87.9242083, 42.3564582], [-87.9240644, 42.3564689], [-87.923888, 42.3564662], [-87.9236828, 42.3564609], [-87.9234345, 42.3564476], [-87.9232905, 42.3564449], [-87.9230961, 42.3564449]], [[-87.9279765, 42.3562638], [-87.9280516, 42.3563438], [-87.9281372, 42.3564718], [-87.9281634, 42.356647], [-87.9281714, 42.3567366]], [[-87.9281714, 42.3567366], [-87.9281739, 42.3568998]], [[-87.9281739, 42.3568998], [-87.9281863, 42.3570007], [-87.9281526, 42.3571502], [-87.9280997, 42.3572955], [-87.9279463, 42.3575034], [-87.9274544, 42.3580602], [-87.9272184, 42.3583556], [-87.9271253, 42.3584275], [-87.9268639, 42.3586093], [-87.9266471, 42.3587978], [-87.9264695, 42.3590784], [-87.9262717, 42.3593522], [-87.9261572, 42.3594569], [-87.9260731, 42.3595135], [-87.9259865, 42.3595378], [-87.9259307, 42.3595342], [-87.9258498, 42.3595512], [-87.9258108, 42.3595873], [-87.9257357, 42.3597266], [-87.9256306, 42.3598283], [-87.9253396, 42.360115], [-87.9249299, 42.3605232], [-87.9247027, 42.3608262], [-87.9245719, 42.3609195], [-87.9243532, 42.3609629], [-87.924224, 42.3609378], [-87.9240303, 42.360864], [-87.9239227, 42.3608909], [-87.9238612, 42.3609911], [-87.9238951, 42.3610642], [-87.9241966, 42.3611692], [-87.9246424, 42.3613571], [-87.9249258, 42.3614618], [-87.9252652, 42.3615484], [-87.9255062, 42.3616354], [-87.9256084, 42.3617372], [-87.9256233, 42.3618116]], [[-87.9256233, 42.3618116], [-87.9256147, 42.3618581], [-87.925592, 42.3619449], [-87.9253885, 42.3621687], [-87.9253047, 42.3622074], [-87.9252641, 42.3622187], [-87.9252129, 42.3622267]], [[-87.9252129, 42.3622267], [-87.9251744, 42.3622237], [-87.9250768, 42.3621948], [-87.9248749, 42.3620732], [-87.9246857, 42.3619575], [-87.9245163, 42.361852], [-87.9244133, 42.3617995], [-87.924247, 42.3617952], [-87.923898, 42.3618678], [-87.9237196, 42.3619444], [-87.923633, 42.3619492], [-87.9234646, 42.3619213], [-87.9232177, 42.3618863], [-87.9231109, 42.3618672], [-87.9228648, 42.3618034]], [[-87.9228648, 42.3618034], [-87.9228033, 42.3617916], [-87.9227788, 42.3617869], [-87.9226272, 42.3617843], [-87.9224513, 42.3617974], [-87.9221469, 42.3618314], [-87.9219154, 42.3618172], [-87.9216808, 42.3618511], [-87.921568, 42.3618692], [-87.9214818, 42.3618616], [-87.9214243, 42.3618413], [-87.9210901, 42.3616739], [-87.9209878, 42.361627], [-87.9208896, 42.3616234], [-87.9207983, 42.3616359], [-87.9206705, 42.3616904], [-87.9205524, 42.3618095], [-87.9204162, 42.3622693], [-87.9202854, 42.3625714], [-87.9200511, 42.3628891], [-87.9197384, 42.3633083], [-87.9195857, 42.3634392], [-87.9194321, 42.3635962], [-87.9194169, 42.3637084], [-87.9194532, 42.3638143], [-87.9196577, 42.3639748], [-87.9197637, 42.3641601], [-87.9197701, 42.3645161], [-87.9197719, 42.3647062], [-87.9197021, 42.3648836], [-87.9195553, 42.3650445], [-87.9195639, 42.3651484], [-87.9196495, 42.3653022], [-87.9197196, 42.3655943], [-87.919693, 42.3659014], [-87.9196889, 42.3661212], [-87.9197372, 42.3665293], [-87.9197071, 42.3666196], [-87.9196171, 42.3667191], [-87.9193344, 42.3668652], [-87.919204, 42.3669096], [-87.9189251, 42.3669724], [-87.9186888, 42.3671128], [-87.9186041, 42.3672025], [-87.9185512, 42.3672965], [-87.9184507, 42.367392], [-87.9183697, 42.3674394], [-87.9182545, 42.3674986], [-87.9181093, 42.3675731], [-87.9180725, 42.3676834], [-87.9179669, 42.3677895], [-87.917857, 42.3678878], [-87.9178201, 42.3680258], [-87.9177036, 42.3684412], [-87.9177013, 42.3686198], [-87.9176756, 42.3689209], [-87.9176617, 42.3690979], [-87.9176568, 42.3692074], [-87.9176704, 42.3693119], [-87.9177076, 42.3694327], [-87.9177797, 42.3695572], [-87.917899, 42.3697121], [-87.9179709, 42.3697781], [-87.918017, 42.3698025], [-87.9180784, 42.3698259]], [[-87.9180784, 42.3698259], [-87.9182519, 42.3698829]], [[-87.9182519, 42.3698829], [-87.9183508, 42.3699216], [-87.9184422, 42.3699783], [-87.9185514, 42.3700395], [-87.9188272, 42.3701834], [-87.9189838, 42.3702485], [-87.9190941, 42.3703612], [-87.9191797, 42.3704125], [-87.9193703, 42.3704661], [-87.9196778, 42.3705487], [-87.9198818, 42.370622], [-87.9200021, 42.3706717], [-87.9200808, 42.3707236], [-87.9201757, 42.3707928], [-87.9202997, 42.3708663], [-87.9204363, 42.3709695], [-87.9205024, 42.3710327], [-87.9207413, 42.3711373], [-87.9209198, 42.3712304], [-87.9210193, 42.3713047], [-87.9211828, 42.3714084], [-87.9213377, 42.371534], [-87.9214659, 42.3716386], [-87.9215337, 42.3717257], [-87.9216163, 42.3718104], [-87.9216201, 42.3718652]], [[-87.9216201, 42.3718652], [-87.9216021, 42.3721359]], [[-87.9216021, 42.3721359], [-87.9215807, 42.3721669], [-87.9215047, 42.3722117], [-87.9213749, 42.3722896], [-87.9212671, 42.3723226], [-87.9211004, 42.3723502], [-87.9210032, 42.3723563], [-87.9209142, 42.3723856], [-87.9208643, 42.372405]], [[-87.9208643, 42.372405], [-87.9207409, 42.372347], [-87.9206175, 42.3723153], [-87.9203949, 42.3723153], [-87.9199823, 42.3723267], [-87.9196444, 42.3723267], [-87.9195285, 42.3723153], [-87.9194946, 42.3723066], [-87.9194025, 42.3723008]], [[-87.9208643, 42.372405], [-87.9208237, 42.3724208], [-87.920767, 42.3724906], [-87.9207467, 42.3725718], [-87.9207513, 42.3727586], [-87.920804, 42.3729048], [-87.9208469, 42.3730143], [-87.9208442, 42.3731079], [-87.9208116, 42.3731755], [-87.9207673, 42.3732259], [-87.9206686, 42.3732907], [-87.9204493, 42.373431], [-87.9203529, 42.3735142], [-87.9202464, 42.3736953], [-87.9201873, 42.3737733], [-87.9200945, 42.3738178], [-87.9196921, 42.3738623], [-87.9195112, 42.3739023], [-87.9194281, 42.3739702], [-87.9193859, 42.374043], [-87.9193799, 42.3741292], [-87.9193844, 42.3741992], [-87.9194016, 42.3744659], [-87.9193841, 42.3747405], [-87.9193641, 42.3750464], [-87.9193624, 42.3754334], [-87.9193418, 42.3755301], [-87.919309, 42.3756132], [-87.9192457, 42.375721], [-87.9191612, 42.3758047], [-87.9189698, 42.375964], [-87.9187656, 42.3761173], [-87.9186632, 42.3761673], [-87.9185515, 42.3762032], [-87.918427, 42.3762219], [-87.9182421, 42.3762272], [-87.9180203, 42.3762226], [-87.917881, 42.3762315], [-87.9177468, 42.3762574], [-87.9175573, 42.3763193], [-87.9171099, 42.3764684], [-87.916588, 42.3765908], [-87.9164096, 42.3766534], [-87.9162774, 42.3767168], [-87.9161536, 42.3767834], [-87.9160549, 42.3768601], [-87.9159609, 42.3769433], [-87.915856, 42.377069], [-87.9157689, 42.3771949], [-87.9156686, 42.3773923], [-87.915617, 42.3774851], [-87.9155451, 42.3775798], [-87.9154527, 42.3776631], [-87.9153573, 42.3777286], [-87.9151845, 42.3778447], [-87.9151512, 42.377865], [-87.9148598, 42.3780423], [-87.9146995, 42.3781068], [-87.9144264, 42.3781931]], [[-87.9144264, 42.3781931], [-87.9143563, 42.3782205], [-87.9143042, 42.3782408]], [[-87.9143042, 42.3782408], [-87.9142453, 42.3782675], [-87.9142074, 42.3783072], [-87.9141814, 42.378369], [-87.9141663, 42.3784465], [-87.9141398, 42.3786806], [-87.9141035, 42.3787457], [-87.914041, 42.3787872], [-87.9139506, 42.378808], [-87.9138346, 42.3788043], [-87.9133245, 42.3787112], [-87.9132781, 42.3786932], [-87.9132275, 42.3786671], [-87.9131423, 42.3786046], [-87.9130671, 42.378554], [-87.9129886, 42.3785084], [-87.9129242, 42.3784935], [-87.912857, 42.3784923], [-87.9127925, 42.3785093], [-87.9127274, 42.3785591], [-87.9126968, 42.3786202]], [[-87.9126968, 42.3786202], [-87.9125156, 42.3790736]], [[-87.9125156, 42.3790736], [-87.9125042, 42.3791139], [-87.9124969, 42.3791441], [-87.9124961, 42.3791746], [-87.9124955, 42.3791973], [-87.9125211, 42.3793077], [-87.9125312, 42.3793324], [-87.9125431, 42.3793617]], [[-87.9125431, 42.3793617], [-87.9125662, 42.3794337], [-87.9126692, 42.3797541], [-87.912756, 42.3800416], [-87.9128032, 42.380209], [-87.9128429, 42.3804187], [-87.9128475, 42.3805142], [-87.9128666, 42.3805973], [-87.9129191, 42.3807119], [-87.9130138, 42.3808806], [-87.9130696, 42.3811211], [-87.91314, 42.3812441], [-87.9132685, 42.3813812], [-87.9133547, 42.3814795], [-87.9133942, 42.3815726], [-87.9134017, 42.3816765], [-87.9133863, 42.3817675], [-87.9134176, 42.3818446], [-87.9134553, 42.3819527], [-87.9134998, 42.3821255], [-87.9135447, 42.3823905], [-87.913614, 42.3827501], [-87.9136844, 42.3831902], [-87.9137368, 42.3834462], [-87.9138016, 42.3836966]], [[-87.9138016, 42.3836966], [-87.913914, 42.3840531]], [[-87.913914, 42.3840531], [-87.9139654, 42.3842017], [-87.9140296, 42.3843908], [-87.9140548, 42.3844673], [-87.91405, 42.3847995], [-87.9140509, 42.38488], [-87.9140648, 42.3849571]], [[-87.9140648, 42.3849571], [-87.9141177, 42.3850456], [-87.9142311, 42.3851879]], [[-87.9142311, 42.3851879], [-87.9143019, 42.3852575], [-87.914346, 42.3853227], [-87.9144016, 42.385427]], [[-87.9144016, 42.385427], [-87.9144434, 42.3856098]], [[-87.9144434, 42.3856098], [-87.9144751, 42.3858079], [-87.9145126, 42.3859838], [-87.9145638, 42.3861251], [-87.9147019, 42.3864342], [-87.9147709, 42.386604], [-87.9147968, 42.3866861], [-87.9148075, 42.3867723], [-87.9147418, 42.3871084], [-87.9147235, 42.387216], [-87.9147167, 42.3873235], [-87.9147443, 42.3874199], [-87.9147832, 42.3874716], [-87.9148565, 42.3875864], [-87.9149377, 42.3876762], [-87.9150201, 42.3877473], [-87.9151592, 42.3878169], [-87.9152385, 42.3878322], [-87.9154042, 42.3878579], [-87.9154969, 42.3878798], [-87.9156091, 42.3879241], [-87.9157086, 42.3879949], [-87.9159013, 42.3881587], [-87.9159716, 42.3882515], [-87.9160108, 42.3883392], [-87.9160447, 42.3884095], [-87.9160658, 42.3884774], [-87.9160785, 42.3887115], [-87.9160843, 42.3887978], [-87.9161044, 42.3889989], [-87.9161375, 42.3892107], [-87.9161464, 42.3893217], [-87.9162414, 42.3895029], [-87.9162882, 42.3896012], [-87.9163229, 42.3897236], [-87.9163569, 42.3898811], [-87.9163616, 42.3901272], [-87.9163869, 42.3903398], [-87.9164182, 42.3905017], [-87.9164567, 42.3906168], [-87.9165241, 42.3907441], [-87.9168802, 42.3912571], [-87.916986, 42.3913656], [-87.9170927, 42.391426], [-87.9172297, 42.3914745], [-87.9173571, 42.3915098], [-87.9175407, 42.39157], [-87.9176878, 42.3916601], [-87.9178003, 42.3917342], [-87.917879, 42.3918036], [-87.917927, 42.3918746], [-87.917944, 42.3919559], [-87.9179172, 42.3921276], [-87.9178919, 42.3922952], [-87.9178726, 42.3924953], [-87.917826, 42.3926881], [-87.9178126, 42.3927675], [-87.9178159, 42.3928416], [-87.9178418, 42.3929037], [-87.9179279, 42.3930177], [-87.9179873, 42.393094], [-87.9180687, 42.3931573], [-87.9181603, 42.3932197], [-87.9182147, 42.3932657], [-87.9182432, 42.3933188], [-87.918272, 42.3934033], [-87.9182937, 42.393506], [-87.9183162, 42.3935663], [-87.9183743, 42.3936514], [-87.9184517, 42.3937318], [-87.9185554, 42.3938689], [-87.9185897, 42.3939672], [-87.9186199, 42.3941005], [-87.9186424, 42.3942026], [-87.9186902, 42.3943148], [-87.9187422, 42.3943937], [-87.9189715, 42.3946428], [-87.919191, 42.3948384], [-87.9192529, 42.3948966], [-87.9192946, 42.394963], [-87.9193121, 42.3950331], [-87.919317, 42.3950985], [-87.919308, 42.3951671], [-87.9192703, 42.3953628], [-87.9192661, 42.3954711], [-87.9192852, 42.3955705], [-87.9193148, 42.3956648], [-87.9194173, 42.3958388], [-87.9195217, 42.3959981], [-87.9195699, 42.3960694], [-87.919653, 42.3961227], [-87.9198397, 42.3961654], [-87.9199864, 42.3962132], [-87.920093, 42.3962709], [-87.9201595, 42.3963402], [-87.9201904, 42.3964052], [-87.9202633, 42.3965935], [-87.9203129, 42.3968537], [-87.9204113, 42.3970056], [-87.9204536, 42.3970959], [-87.9204646, 42.3972093], [-87.9204801, 42.3974413], [-87.9205015, 42.3975321], [-87.9206801, 42.3978494], [-87.9207837, 42.3980052], [-87.9208292, 42.3981429], [-87.9208591, 42.3982757], [-87.9209364, 42.398372], [-87.9210301, 42.3984832], [-87.9211019, 42.3986476], [-87.9213247, 42.3990368], [-87.9214657, 42.399227], [-87.9216587, 42.3994674], [-87.921812, 42.3997276], [-87.9218573, 42.3999294], [-87.9218654, 42.4000576], [-87.9219368, 42.4001813], [-87.9220717, 42.4002608], [-87.922218, 42.4003233], [-87.9224364, 42.4004658], [-87.9225783, 42.400642], [-87.9226693, 42.4007622], [-87.922684, 42.4009117], [-87.9226727, 42.4010552], [-87.9227112, 42.4011958], [-87.922786, 42.4013308], [-87.9228508, 42.4014232], [-87.9229861, 42.4015526], [-87.9232795, 42.4017231], [-87.9235234, 42.4018508], [-87.9237705, 42.401916], [-87.9239077, 42.4019741], [-87.92399, 42.4020577], [-87.9240117, 42.4021644], [-87.9240012, 42.4022949], [-87.9239668, 42.4024537], [-87.9239437, 42.4026584], [-87.9239192, 42.4028285], [-87.9238742, 42.4030271], [-87.9238404, 42.4031351], [-87.9237705, 42.4033285], [-87.9237606, 42.4033874], [-87.9237765, 42.4034878], [-87.923809, 42.4035572], [-87.923873, 42.403628], [-87.9239401, 42.4036678], [-87.9240209, 42.4036962], [-87.9242436, 42.4037457], [-87.9244738, 42.4037969], [-87.9246637, 42.4038498], [-87.9248894, 42.4039678], [-87.9250416, 42.4040829], [-87.9251161, 42.404165], [-87.9251701, 42.404279], [-87.9251794, 42.4044437], [-87.925133, 42.4045874], [-87.9250368, 42.4046924], [-87.9249273, 42.4047948], [-87.9248346, 42.4049099], [-87.924773, 42.4050172], [-87.9247459, 42.4051492], [-87.9247624, 42.4053008], [-87.9248122, 42.4054488], [-87.9248737, 42.4055519], [-87.9249332, 42.4056705], [-87.9250356, 42.4058334], [-87.9251493, 42.4059623], [-87.9252624, 42.4060403], [-87.925432, 42.4061432], [-87.9256549, 42.4062395], [-87.9258851, 42.4063381], [-87.9260565, 42.4064091], [-87.9262073, 42.406502], [-87.9263027, 42.4065949], [-87.9263915, 42.4066814], [-87.9265401, 42.4068655], [-87.9267721, 42.4071528], [-87.9268366, 42.4072412], [-87.9268543, 42.4072867], [-87.9268588, 42.4073242], [-87.9268049, 42.4073543], [-87.9267102, 42.4073766], [-87.926571, 42.4073979], [-87.9263637, 42.4074309], [-87.9262376, 42.4074696], [-87.9261514, 42.4075134], [-87.9260968, 42.4076018], [-87.9260671, 42.4076915], [-87.9260908, 42.4077766], [-87.9261482, 42.4078785], [-87.9262446, 42.4080214], [-87.9263774, 42.4082199], [-87.9266205, 42.408603], [-87.9268949, 42.4090977], [-87.9272182, 42.4096075], [-87.927388, 42.4099216], [-87.9275714, 42.4102372], [-87.9277366, 42.4106013], [-87.9279298, 42.4110918], [-87.9280908, 42.4114614], [-87.9283035, 42.4119486], [-87.9285075, 42.4124836], [-87.9286604, 42.4128844], [-87.9287376, 42.4133026], [-87.9288225, 42.4137826], [-87.9288944, 42.4144717], [-87.9289406, 42.4152393], [-87.9289595, 42.4155559], [-87.9289568, 42.4161278], [-87.9289644, 42.4166596], [-87.928948, 42.4170473], [-87.9289522, 42.417111], [-87.9289991, 42.4171819], [-87.9290466, 42.4172313], [-87.9291248, 42.4172764], [-87.9292586, 42.417306], [-87.9294516, 42.4173276], [-87.9305311, 42.4174581], [-87.9309102, 42.4175333], [-87.9312456, 42.4176154], [-87.9313764, 42.4176474]], [[-87.9313764, 42.4176474], [-87.9312833, 42.4183563], [-87.9312801, 42.4189594], [-87.9312785, 42.4192663], [-87.9313059, 42.4194294], [-87.9314136, 42.4196029], [-87.9315266, 42.4197112], [-87.9322046, 42.4203005], [-87.9325626, 42.4206063], [-87.9327648, 42.4208499], [-87.9328484, 42.4210481], [-87.9329473, 42.4212992], [-87.9329544, 42.4214379], [-87.9329371, 42.4215326], [-87.9328529, 42.4216664], [-87.9327368, 42.4217768], [-87.9323827, 42.4220028], [-87.9322695, 42.4221136], [-87.9322693, 42.4222255], [-87.932192, 42.4223718], [-87.93207, 42.4225722], [-87.9319891, 42.4228518], [-87.9319475, 42.4229935], [-87.9318463, 42.4231715], [-87.9317592, 42.4232501], [-87.931579, 42.4232672], [-87.9313968, 42.4232694], [-87.9311885, 42.4232989], [-87.9310084, 42.4233221], [-87.9308048, 42.4233087], [-87.9305744, 42.4232762], [-87.9303886, 42.4233222], [-87.9301755, 42.4234445], [-87.9300214, 42.4235797], [-87.9299024, 42.4238424], [-87.9298123, 42.4240413], [-87.9296817, 42.4241784], [-87.9295843, 42.4242659], [-87.9295156, 42.4243877], [-87.9294796, 42.424578], [-87.9294435, 42.4246643], [-87.9294186, 42.4247331], [-87.9292252, 42.4251174], [-87.9290853, 42.4253447], [-87.9290188, 42.4255118], [-87.9289439, 42.4257903], [-87.9289278, 42.42586], [-87.9289258, 42.425982], [-87.9289271, 42.4261682], [-87.9289079, 42.426317], [-87.9288743, 42.426464], [-87.9288591, 42.4265842], [-87.9288416, 42.4267933], [-87.9288353, 42.4269442], [-87.9288442, 42.427038], [-87.9288633, 42.4271541], [-87.9288788, 42.4273086], [-87.9288635, 42.4274338], [-87.9288482, 42.4276088], [-87.9288578, 42.4276882], [-87.9288682, 42.4277533], [-87.9289017, 42.4278611], [-87.9289448, 42.4279692], [-87.9289684, 42.4280322], [-87.9289915, 42.4281673], [-87.9290011, 42.4282659], [-87.9290175, 42.4283444], [-87.9290339, 42.4283676], [-87.9290647, 42.4284026], [-87.9290879, 42.4284167], [-87.9291147, 42.428433], [-87.92915, 42.4284624], [-87.9291672, 42.4285102], [-87.9291635, 42.4285977]], [[-87.9469773, 42.3235762], [-87.9462196, 42.3238389], [-87.9460055, 42.3239068], [-87.9458268, 42.3239392], [-87.9454731, 42.3239604], [-87.9451482, 42.3239616], [-87.9444065, 42.3239242], [-87.9442215, 42.3239163], [-87.944088, 42.3239032], [-87.944002, 42.3239142], [-87.9439366, 42.3239524], [-87.9438937, 42.3239782], [-87.9438164, 42.3239956]], [[-87.9313764, 42.4176474], [-87.9319126, 42.4177756]], [[-87.9319126, 42.4177756], [-87.932262, 42.4178591]], [[-87.932262, 42.4178591], [-87.9327817, 42.417996], [-87.9333468, 42.4181184], [-87.9339501, 42.4182361], [-87.9346198, 42.4183437], [-87.9353552, 42.4184479], [-87.9357589, 42.4184994], [-87.9360547, 42.4185195], [-87.9362034, 42.4185611], [-87.936286, 42.4185895], [-87.9363129, 42.4186169], [-87.9363346, 42.418639], [-87.9363262, 42.4187231], [-87.9362441, 42.4189145], [-87.93615, 42.4191371], [-87.9360535, 42.4194395], [-87.935982, 42.4196639], [-87.9359474, 42.4197722], [-87.9359033, 42.419995]], [[-87.9359033, 42.419995], [-87.935891, 42.4201572], [-87.935934, 42.4203624], [-87.9359818, 42.4204819], [-87.9361524, 42.4206155], [-87.9363501, 42.4207704], [-87.9364023, 42.4208113], [-87.9364703, 42.4208896], [-87.9364913, 42.4209691], [-87.9364606, 42.421087], [-87.9364194, 42.4211505], [-87.9363359, 42.4212519], [-87.9362407, 42.4213318], [-87.9360829, 42.4214599], [-87.935953, 42.4215937], [-87.93579, 42.421772], [-87.9354925, 42.4220659], [-87.9353102, 42.4223592], [-87.9352608, 42.4225347], [-87.9352473, 42.4226993], [-87.9352276, 42.4228038], [-87.9351959, 42.4229003], [-87.9351098, 42.4230134], [-87.9349952, 42.423131], [-87.9349563, 42.423188], [-87.9349214, 42.4232629], [-87.9349178, 42.4233533], [-87.9349283, 42.4234287], [-87.9349284, 42.4234954], [-87.9349062, 42.4235886], [-87.9348645, 42.4237411], [-87.934758, 42.4239524], [-87.9346519, 42.4242554], [-87.9346223, 42.4244311], [-87.9346073, 42.4245461], [-87.934612, 42.4247122], [-87.9346498, 42.4248071], [-87.9346734, 42.4249203], [-87.934663, 42.4249814], [-87.934631, 42.4250393], [-87.9345669, 42.4250976], [-87.9344696, 42.4252385], [-87.9344368, 42.4253288], [-87.9345033, 42.4255406], [-87.9345468, 42.4257702], [-87.934563, 42.4259604], [-87.9346034, 42.426107], [-87.9346862, 42.4262322], [-87.9348776, 42.4263842], [-87.9349275, 42.4264484], [-87.9349586, 42.4265225], [-87.9349537, 42.4265592], [-87.9349499, 42.4265883], [-87.9349157, 42.4266522], [-87.9348431, 42.4267216], [-87.9345226, 42.426824], [-87.9341972, 42.4269527], [-87.9338636, 42.4271781], [-87.9336165, 42.4274834], [-87.9333808, 42.4278499], [-87.9333398, 42.4279712], [-87.9333348, 42.4281289], [-87.9333704, 42.4282666], [-87.9334349, 42.4283788], [-87.9334741, 42.4284595], [-87.9335292, 42.4285633], [-87.933543, 42.428665]], [[-87.933543, 42.428665], [-87.9335526, 42.4286979], [-87.9335595, 42.4287457], [-87.9335636, 42.428826], [-87.9335747, 42.4289013], [-87.9335857, 42.4289481], [-87.9335871, 42.4289725], [-87.9336064, 42.4290671], [-87.9336381, 42.429118], [-87.9336918, 42.4291699], [-87.9337525, 42.4292014], [-87.9338834, 42.429235], [-87.9340433, 42.4292726], [-87.9341343, 42.4293022], [-87.9341963, 42.42935], [-87.9342404, 42.4294232], [-87.9342928, 42.4295402], [-87.9343272, 42.4296094], [-87.9344099, 42.4296694], [-87.9345078, 42.429705], [-87.93463, 42.4297602], [-87.9347062, 42.4298251], [-87.9347214, 42.4299115], [-87.9347283, 42.4300092], [-87.9347228, 42.430057], [-87.9347104, 42.430115], [-87.9346856, 42.4301842], [-87.9346566, 42.4302523], [-87.9346222, 42.4303429], [-87.9346098, 42.4304212], [-87.934618, 42.4304884], [-87.9346428, 42.4305575], [-87.9346952, 42.4306572], [-87.9347628, 42.4307559], [-87.934811, 42.4308149], [-87.9349378, 42.4309126], [-87.9352245, 42.4310102], [-87.9355057, 42.4311201], [-87.9356876, 42.4312015], [-87.9359026, 42.4313765], [-87.9360735, 42.4315433], [-87.9362279, 42.4317671], [-87.9363381, 42.4319746], [-87.9363823, 42.4320926], [-87.9363767, 42.432174], [-87.9363568, 42.4322401], [-87.9362747, 42.4323508], [-87.9362272, 42.4324538], [-87.9362283, 42.4325376], [-87.9362687, 42.4326417], [-87.936341, 42.4328106], [-87.9363399, 42.4330053], [-87.9362692, 42.433161], [-87.936171, 42.4333068], [-87.9360669, 42.4334116], [-87.9359206, 42.4335124], [-87.9356635, 42.433652], [-87.9354111, 42.4338001], [-87.9353566, 42.4338635], [-87.935313, 42.4339768], [-87.9353089, 42.434084], [-87.9353372, 42.4342234], [-87.9354253, 42.4343653], [-87.9355475, 42.4345146], [-87.9357343, 42.4346644], [-87.9358603, 42.4347643], [-87.9359046, 42.4348347], [-87.9359048, 42.4348938], [-87.9358912, 42.4349599], [-87.9358371, 42.4350352], [-87.9357827, 42.4350975], [-87.9356453, 42.4352122], [-87.9355209, 42.435284], [-87.9352857, 42.4355001], [-87.9352239, 42.4356163], [-87.9352819, 42.4357998], [-87.9353185, 42.4360021], [-87.9352817, 42.4361761], [-87.9352238, 42.4363133], [-87.9352088, 42.4364006], [-87.9352174, 42.4365335], [-87.9352478, 42.4367356], [-87.9353086, 42.436944], [-87.935368, 42.4371316], [-87.935446, 42.4372873], [-87.9355356, 42.4374049], [-87.9355897, 42.4374465], [-87.9356975, 42.4374804], [-87.9357863, 42.4374959], [-87.9358961, 42.4375202], [-87.9359632, 42.4375455], [-87.9360161, 42.4375808], [-87.9360431, 42.4376218], [-87.9360642, 42.4376967], [-87.9360594, 42.4378558], [-87.9360177, 42.4380158], [-87.9359709, 42.4381373], [-87.9359608, 42.4382406], [-87.9359848, 42.4383758], [-87.9360535, 42.4385264], [-87.9361448, 42.4386683], [-87.936253, 42.4387887], [-87.9364328, 42.4389247], [-87.9365692, 42.4390513], [-87.936639, 42.43915], [-87.9367319, 42.4392805], [-87.9368361, 42.4393835], [-87.9370108, 42.4395109], [-87.9371534, 42.4396041], [-87.9372442, 42.4396743], [-87.9372865, 42.4397236], [-87.9373179, 42.4397961], [-87.9373201, 42.4398847], [-87.9372833, 42.4399518], [-87.9372127, 42.4400424], [-87.9370162, 42.4402428], [-87.9368237, 42.4404325], [-87.9367666, 42.440509], [-87.9367158, 42.4406292], [-87.9366552, 42.4408232], [-87.9365714, 42.4411639], [-87.9365645, 42.4412611], [-87.9365773, 42.4413547], [-87.9366378, 42.4415099], [-87.9367045, 42.4416728], [-87.9367557, 42.4418582], [-87.9368129, 42.4421572], [-87.9368422, 42.4423285], [-87.9369216, 42.4424761], [-87.9369882, 42.4425728], [-87.9370344, 42.4426797], [-87.9370793, 42.4427824], [-87.9371369, 42.4428467], [-87.9371741, 42.442883], [-87.9372452, 42.4429129], [-87.9373348, 42.4429489], [-87.9373872, 42.4429744], [-87.9374151, 42.4430028], [-87.9374539, 42.4430618], [-87.9375001, 42.4431376], [-87.9375362, 42.4432055], [-87.93758, 42.4433338], [-87.9376141, 42.4434799], [-87.9376317, 42.4437376], [-87.9376263, 42.4439542], [-87.9376105, 42.4441067], [-87.9376065, 42.4442401], [-87.9376402, 42.4443707], [-87.9377144, 42.4445008], [-87.9378428, 42.4446413], [-87.9379644, 42.4447193], [-87.9380489, 42.4447578], [-87.9381914, 42.4447906], [-87.9384182, 42.4447991], [-87.9385757, 42.4447977], [-87.9386711, 42.4448235], [-87.9387277, 42.4448825], [-87.93874, 42.4449514], [-87.9387222, 42.4451558], [-87.9387097, 42.4452542], [-87.9387267, 42.4453256], [-87.9387632, 42.4454173], [-87.9388066, 42.4454898], [-87.9388378, 42.4455718], [-87.9388354, 42.445679], [-87.9388065, 42.4458449], [-87.9387787, 42.4459971], [-87.9387442, 42.4461815], [-87.9387786, 42.4464888], [-87.9388291, 42.4465673], [-87.9388745, 42.4466442], [-87.9388791, 42.4467177], [-87.9388746, 42.4467849], [-87.9388504, 42.4468497], [-87.9386959, 42.4470539], [-87.938669, 42.4471181], [-87.9386744, 42.4471961], [-87.9387229, 42.4472822], [-87.9388187, 42.4474149], [-87.9390521, 42.4477087], [-87.9391832, 42.4478987], [-87.9392379, 42.4480287], [-87.9392601, 42.448132], [-87.9392764, 42.448276], [-87.939267, 42.4484067], [-87.9392528, 42.4485188], [-87.9392214, 42.4486624], [-87.9391661, 42.4487474], [-87.9390863, 42.44884], [-87.9389911, 42.4489192], [-87.9388332, 42.4490199], [-87.9387139, 42.4490594]], [[-87.9387139, 42.4490594], [-87.9386223, 42.4490738]], [[-87.9386223, 42.4490738], [-87.9385095, 42.4490997], [-87.9385065, 42.4491007], [-87.9384073, 42.4491317], [-87.9382728, 42.449207], [-87.9380195, 42.4494288], [-87.9379223, 42.449536], [-87.9378436, 42.4496806], [-87.9377963, 42.4498506], [-87.9377842, 42.4499887], [-87.9378189, 42.4501326], [-87.9378867, 42.4502288], [-87.937976, 42.4503043], [-87.9380932, 42.4504036], [-87.9381345, 42.4504611], [-87.9381576, 42.4505189], [-87.9381705, 42.4506283], [-87.9381904, 42.4511496], [-87.9381761, 42.4520023], [-87.9381699, 42.4526695], [-87.9381707, 42.4533258], [-87.9381659, 42.4536234], [-87.9381857, 42.45373], [-87.938212, 42.4537934], [-87.9382527, 42.4538504], [-87.9383728, 42.4539778], [-87.9385646, 42.4541198], [-87.9389644, 42.4543795], [-87.9390183, 42.4544327], [-87.9390594, 42.4544922], [-87.9390812, 42.4545709], [-87.9390959, 42.4546569], [-87.9391158, 42.4549119], [-87.9391098, 42.4551136], [-87.9391423, 42.4554377], [-87.9391312, 42.4555663], [-87.9390871, 42.4557198], [-87.9390306, 42.455942], [-87.9390257, 42.4560428], [-87.9390633, 42.456185], [-87.9391232, 42.4563279], [-87.9393157, 42.4567382], [-87.9393755, 42.4568416], [-87.9394577, 42.4569413], [-87.9397349, 42.4571313], [-87.940136, 42.4573727], [-87.9404792, 42.4576458], [-87.9407282, 42.457892], [-87.9408741, 42.4580656], [-87.9409428, 42.4582267], [-87.9410144, 42.4585431], [-87.9410715, 42.4588925], [-87.9412192, 42.4593347], [-87.941227, 42.4594402], [-87.941221, 42.4596296], [-87.9412429, 42.4598204], [-87.9413084, 42.4599547], [-87.9413897, 42.4600917], [-87.9415185, 42.4602206], [-87.9417305, 42.4603891], [-87.9419173, 42.4605733], [-87.9420757, 42.4608048], [-87.9422442, 42.4610818], [-87.9424956, 42.4614195], [-87.9425812, 42.461544], [-87.9426877, 42.4617295], [-87.942728, 42.4618235], [-87.942769, 42.4619295], [-87.9428179, 42.462116], [-87.94286, 42.4624349], [-87.9429385, 42.4627951], [-87.9432635, 42.4636164], [-87.9436187, 42.4647104], [-87.9437159, 42.4650066], [-87.9438553, 42.4652899]], [[-87.9438553, 42.4652899], [-87.9438846, 42.465361], [-87.9439165, 42.4654376]], [[-87.9439165, 42.4654376], [-87.9439187, 42.4654671], [-87.943924, 42.4655375]], [[-87.943924, 42.4655375], [-87.9439268, 42.4655853], [-87.9439281, 42.4656074]], [[-87.9439281, 42.4656074], [-87.9439581, 42.4657367], [-87.9439513, 42.4658052], [-87.9439355, 42.4658389], [-87.9438984, 42.4658922], [-87.9438391, 42.465949], [-87.943807, 42.4659925], [-87.9437797, 42.4660603], [-87.9437573, 42.4661534], [-87.9437532, 42.4662381], [-87.9437566, 42.466374], [-87.9437278, 42.4667109], [-87.9437109, 42.4668813], [-87.9437142, 42.4670331], [-87.9437277, 42.4671869], [-87.9437596, 42.4673638], [-87.9437858, 42.4675157], [-87.9437922, 42.4676537], [-87.9437809, 42.4677781], [-87.943754, 42.4679038], [-87.9437173, 42.4679685], [-87.943663, 42.4680275], [-87.9435642, 42.468122], [-87.9434774, 42.468174], [-87.9433973, 42.4682404], [-87.9433497, 42.4683137], [-87.9433173, 42.4683918], [-87.9432359, 42.4685687], [-87.9431224, 42.4687087], [-87.9429548, 42.4688306], [-87.9427352, 42.4689464], [-87.9425102, 42.4690473]], [[-87.9425102, 42.4690473], [-87.9419413, 42.4693107], [-87.9419224, 42.469393], [-87.9418775, 42.4696008], [-87.9418593, 42.4697568], [-87.9418774, 42.4699361], [-87.9418863, 42.4701119], [-87.9418755, 42.4701726], [-87.9418586, 42.4702141], [-87.9418333, 42.4702689], [-87.9418076, 42.4703074], [-87.9417789, 42.4703424], [-87.9416927, 42.4704004], [-87.9415676, 42.4704512], [-87.9414324, 42.470498], [-87.9413398, 42.470561], [-87.9413049, 42.4706417], [-87.941276, 42.4707354], [-87.9412603, 42.470872], [-87.9412927, 42.4712756], [-87.9412746, 42.4713993], [-87.9412614, 42.4714563], [-87.9411944, 42.4715888], [-87.9411157, 42.4716963], [-87.9407545, 42.472058], [-87.9405797, 42.4722434], [-87.9404604, 42.4724311], [-87.9403572, 42.4725961], [-87.9402668, 42.4727769], [-87.9402105, 42.472925], [-87.9401334, 42.4730619], [-87.9399872, 42.4732686], [-87.9399147, 42.4733425], [-87.9398385, 42.4734201], [-87.9395351, 42.4736322], [-87.9394214, 42.4738581], [-87.9392176, 42.4741746], [-87.9389257, 42.4744362], [-87.9387678, 42.4746506], [-87.938502, 42.4750951], [-87.938461, 42.4751449], [-87.9383826, 42.4752011], [-87.9382322, 42.4752964], [-87.9381116, 42.4753616], [-87.9380225, 42.4754088], [-87.9379088, 42.4754506], [-87.9377653, 42.4754944], [-87.9376151, 42.4755479], [-87.9374652, 42.4756222], [-87.9370936, 42.4758414], [-87.9369429, 42.4759518], [-87.9368469, 42.4760612], [-87.936732, 42.4762243], [-87.9366096, 42.4763788], [-87.9364468, 42.4765783], [-87.9363519, 42.4766702], [-87.9362856, 42.4767237], [-87.936211, 42.4767672], [-87.935979, 42.4768584], [-87.9357243, 42.4769115], [-87.9354294, 42.4769079], [-87.9353082, 42.4769247], [-87.9350479, 42.477046], [-87.9349351, 42.4770757], [-87.9346033, 42.4771789], [-87.9344888, 42.4772327], [-87.9344214, 42.477279], [-87.9343319, 42.4773641], [-87.9340874, 42.4776101], [-87.9339029, 42.4777907], [-87.9338638, 42.4778619], [-87.9338212, 42.4779635], [-87.9337707, 42.4781657], [-87.9336813, 42.4783418], [-87.9335306, 42.4785583], [-87.9334374, 42.4786893], [-87.9333337, 42.4788074], [-87.9330755, 42.4790858], [-87.9329823, 42.4792076], [-87.9329043, 42.4793369], [-87.9328498, 42.4795057], [-87.9328323, 42.4796173], [-87.9328327, 42.4797807], [-87.9328634, 42.4798723], [-87.9328886, 42.4799476], [-87.9329598, 42.4800741], [-87.9330609, 42.4801926], [-87.9331788, 42.4802914], [-87.933222, 42.4803147]], [[-87.933222, 42.4803147], [-87.9332237, 42.4803569], [-87.9332286, 42.4804079], [-87.9332386, 42.4804999], [-87.9332569, 42.4806718], [-87.9331994, 42.4807899], [-87.9331308, 42.4808816], [-87.9330524, 42.4809568], [-87.932848, 42.4811278], [-87.9328091, 42.4812048], [-87.9327935, 42.4812766], [-87.9327952, 42.4813698], [-87.9328173, 42.4814495], [-87.9328733, 42.4815347], [-87.9329352, 42.4815918], [-87.933009, 42.481628], [-87.9331279, 42.4816758], [-87.9335661, 42.4818328], [-87.933773, 42.4819509], [-87.933905, 42.4820637], [-87.933951, 42.4822075], [-87.9339503, 42.4823207], [-87.9339368, 42.4824461], [-87.9338848, 42.4825668], [-87.9337832, 42.4827097], [-87.9336477, 42.4828694], [-87.9334214, 42.4830879], [-87.9333619, 42.4831713], [-87.93331, 42.4832522], [-87.9332606, 42.4833815], [-87.9332334, 42.4835306], [-87.9332157, 42.4837119], [-87.933259, 42.484058], [-87.9333026, 42.4842246], [-87.9333669, 42.4843883], [-87.9334599, 42.4846034], [-87.9335528, 42.4848504], [-87.9335955, 42.4849896], [-87.933618, 42.4851099], [-87.9336338, 42.4852676], [-87.9336172, 42.4854202], [-87.933566, 42.4856208]], [[-87.933566, 42.4856208], [-87.9337418, 42.4859814], [-87.9337958, 42.486078], [-87.933843, 42.4861768]], [[-87.9176728, 42.1736849], [-87.9177587, 42.1736561], [-87.9178115, 42.1736268], [-87.9179174, 42.1735103]], [[-87.9180011, 42.1737537], [-87.9179717, 42.173723], [-87.9179231, 42.1736229], [-87.9179174, 42.1735103], [-87.9180878, 42.173245], [-87.9182181, 42.1730663], [-87.9182673, 42.1730157], [-87.9183354, 42.172974], [-87.9184666, 42.1729655], [-87.9185772, 42.1729707]], [[-87.9206254, 42.1817469], [-87.9246683, 42.1811685], [-87.9255215, 42.1810465], [-87.9255863, 42.1810372]], [[-87.9255863, 42.1810372], [-87.925773, 42.1810105], [-87.9256875, 42.1807489]], [[-87.9274715, 42.2021655], [-87.9274665, 42.20182], [-87.9274786, 42.2016929], [-87.9274894, 42.2016665], [-87.9275166, 42.2016506]], [[-87.9319004, 42.2192749], [-87.9317346, 42.2193758], [-87.9315795, 42.2194924], [-87.9313265, 42.2197384], [-87.9310768, 42.21994], [-87.930952, 42.2200149], [-87.9308488, 42.2200641], [-87.9302812, 42.2202736], [-87.9301296, 42.220311], [-87.929963, 42.2203293], [-87.9298279, 42.2203132], [-87.9294323, 42.2202032], [-87.9291554, 42.2201605], [-87.9289095, 42.2201529], [-87.9286305, 42.2201329], [-87.9285322, 42.2201195], [-87.9284698, 42.2200914], [-87.9281477, 42.2198691], [-87.9278667, 42.2197354], [-87.9278374, 42.2197325], [-87.9276668, 42.2197156], [-87.9274862, 42.2197728], [-87.927374, 42.2197868], [-87.927248, 42.2197702], [-87.927148, 42.2197394], [-87.9270018, 42.2196056], [-87.9268046, 42.2194979], [-87.9266619, 42.219453], [-87.9264557, 42.2194479], [-87.9262864, 42.2194522], [-87.9261622, 42.2194553], [-87.926066, 42.2194768], [-87.9259998, 42.2195013], [-87.9259107, 42.2195126], [-87.9258191, 42.2195126], [-87.92573, 42.2194843]], [[-87.933566, 42.4856208], [-87.9334417, 42.4857704], [-87.9333535, 42.4858331], [-87.933014, 42.4860352], [-87.9329212, 42.4861617], [-87.9328847, 42.4862506], [-87.9328692, 42.4863278], [-87.9328622, 42.4863623], [-87.9328685, 42.4863973], [-87.9328729, 42.4864218], [-87.9329057, 42.4864527], [-87.9329595, 42.4864625]], [[-87.9030248, 42.1398777], [-87.9030694, 42.1399486], [-87.9031642, 42.1400634], [-87.9033101, 42.1404051], [-87.903351, 42.1405616], [-87.9033082, 42.1407041], [-87.9032563, 42.1408358], [-87.9032612, 42.1408943], [-87.9032341, 42.141049], [-87.9032435, 42.1412727], [-87.9032441, 42.1412869], [-87.9032128, 42.1414357], [-87.903143, 42.1415215], [-87.9031369, 42.1415856], [-87.9031347, 42.1417047], [-87.9032112, 42.1418062], [-87.9034224, 42.1419429], [-87.9035966, 42.1420854], [-87.9037434, 42.1421797], [-87.9040104, 42.1422444], [-87.9041393, 42.1422833], [-87.9042364, 42.1423279], [-87.9044031, 42.1425017], [-87.9045488, 42.1426655], [-87.9046526, 42.1428249], [-87.9047303, 42.1430187], [-87.904786, 42.1432033], [-87.904892, 42.143749], [-87.9049387, 42.1439624], [-87.9050298, 42.1442453], [-87.9051299, 42.144601], [-87.9052434, 42.1449115], [-87.9053818, 42.1452665], [-87.9054842, 42.1455322], [-87.9055788, 42.1456191], [-87.905694, 42.145734], [-87.9057534, 42.145825], [-87.905819, 42.1459216], [-87.9060268, 42.1462974], [-87.906201, 42.1466857], [-87.9063899, 42.1470475], [-87.9067032, 42.1473567], [-87.9069978, 42.1477554], [-87.9077096, 42.1483829], [-87.9078642, 42.1485097], [-87.9078987, 42.1485987], [-87.9079909, 42.1487245], [-87.9080979, 42.1488055], [-87.9083808, 42.1491532], [-87.9085669, 42.149505], [-87.9086364, 42.1496007], [-87.908734, 42.1496665], [-87.9088818, 42.1497552], [-87.9089686, 42.149924], [-87.9090344, 42.150039], [-87.9091482, 42.1501454], [-87.9092625, 42.1502688], [-87.90942, 42.1505385], [-87.9095491, 42.1507825], [-87.9096303, 42.1509523], [-87.9096589, 42.1510123]], [[-87.9028591, 42.1399055], [-87.9029267, 42.1398818], [-87.9030248, 42.1398777]], [[-87.9026877, 42.139904], [-87.9027707, 42.1399047], [-87.9028591, 42.1399055]], [[-87.9026877, 42.139904], [-87.9025777, 42.1399032], [-87.9024078, 42.1398921], [-87.9020707, 42.1398958], [-87.9018536, 42.1399004], [-87.9016738, 42.1399143], [-87.9010667, 42.1399055], [-87.9003694, 42.1398894], [-87.8996379, 42.1398571], [-87.8990967, 42.1398188], [-87.8985356, 42.1397745], [-87.8979839, 42.1397261], [-87.8975884, 42.1396918]], [[-87.8975884, 42.1396918], [-87.8975928, 42.1396683], [-87.8976076, 42.1395895], [-87.8976233, 42.1395061], [-87.8976295, 42.1394733]], [[-87.9012534, 42.1397019], [-87.900839, 42.1396975], [-87.8997535, 42.1396529], [-87.8991944, 42.1396178], [-87.8988065, 42.1395934], [-87.8977946, 42.1394914], [-87.8976295, 42.1394733]], [[-87.9013968, 42.1397021], [-87.9013202, 42.1397026], [-87.9012534, 42.1397019]], [[-87.9029359, 42.1396926], [-87.9013968, 42.1397021]], [[-87.8939508, 42.1201034], [-87.8942818, 42.1204872], [-87.8943306, 42.1207228], [-87.8943061, 42.1209029], [-87.8942581, 42.1210514], [-87.8941252, 42.1212214], [-87.8938549, 42.1214253], [-87.8937936, 42.1216168], [-87.893839, 42.1218131], [-87.8938466, 42.1219796], [-87.8938354, 42.1220762], [-87.8938096, 42.1221704], [-87.8937468, 42.1222683], [-87.893631, 42.1224559], [-87.8935385, 42.1225963], [-87.8934448, 42.1228037], [-87.8933654, 42.122981], [-87.8931995, 42.1231586], [-87.8929613, 42.1235884], [-87.8928396, 42.1236691], [-87.8926763, 42.1237369], [-87.8925496, 42.1238047], [-87.8921064, 42.1242404], [-87.8918832, 42.1244097], [-87.8917816, 42.1246693], [-87.891758, 42.1249054], [-87.8918265, 42.1250973], [-87.8919065, 42.1252305], [-87.8920185, 42.1253958], [-87.892253, 42.1256193], [-87.8923999, 42.1257255], [-87.8925868, 42.1258021], [-87.8928307, 42.1258905], [-87.8931667, 42.1260182], [-87.8934823, 42.1264242], [-87.8936222, 42.1267151], [-87.8936341, 42.1268106], [-87.893517, 42.1273027], [-87.8934858, 42.1274738], [-87.8934704, 42.1275319], [-87.8934065, 42.1276485], [-87.8932677, 42.1277291], [-87.8931516, 42.1277955], [-87.8929023, 42.1278052], [-87.8926485, 42.1277986], [-87.8924752, 42.1278487], [-87.8923367, 42.1279207], [-87.8921322, 42.1282529], [-87.892088, 42.1285567], [-87.8921282, 42.1288217], [-87.8925244, 42.1295067], [-87.8926352, 42.1298752], [-87.89267, 42.1299671], [-87.8927685, 42.1300589], [-87.893113, 42.1302803], [-87.8932411, 42.1303895], [-87.893375, 42.1304206], [-87.894189, 42.1303961], [-87.8943341, 42.1304486], [-87.8944461, 42.1305304], [-87.8946258, 42.130949], [-87.8947189, 42.1311445], [-87.894868, 42.1313183], [-87.8950021, 42.1315364], [-87.8950103, 42.1318762], [-87.894996, 42.1321713], [-87.8950268, 42.1329851], [-87.8949889, 42.1333615], [-87.8949336, 42.1341704], [-87.8949555, 42.1345423], [-87.8950141, 42.1346883], [-87.8952144, 42.1347915], [-87.8954959, 42.1348063], [-87.8957893, 42.1348841], [-87.8959987, 42.1349724], [-87.8962626, 42.135199], [-87.8965686, 42.1354979], [-87.8971545, 42.1359251], [-87.8975191, 42.1361876], [-87.8981362, 42.1365922], [-87.8986166, 42.1368875], [-87.8989371, 42.1370448], [-87.8995051, 42.1372868], [-87.9, 42.1376801], [-87.9003351, 42.1380518], [-87.9005221, 42.1382126], [-87.9007482, 42.1382765], [-87.9013701, 42.1384013], [-87.9014932, 42.1384301], [-87.9016683, 42.1384908], [-87.9017261, 42.138598], [-87.9017632, 42.1386725], [-87.9018572, 42.1387573], [-87.901974, 42.1388514], [-87.9021179, 42.138941], [-87.9023271, 42.1390527], [-87.902437, 42.1392205], [-87.9024992, 42.1393365], [-87.9025897, 42.1394004], [-87.9027487, 42.1394692], [-87.9028415, 42.1395297], [-87.9029099, 42.1396002], [-87.902926, 42.1396414], [-87.9029359, 42.1396926]], [[-87.8938548, 42.1200424], [-87.8939508, 42.1201034]], [[-87.8926714, 42.1189186], [-87.8927995, 42.1190222], [-87.8929306, 42.1191283], [-87.8934615, 42.1197024], [-87.8938548, 42.1200424]], [[-87.8925025, 42.1187819], [-87.8926714, 42.1189186]], [[-87.8874315, 42.111264], [-87.8875219, 42.1114075], [-87.8876916, 42.1116483], [-87.8877067, 42.1117447], [-87.8876744, 42.1118763], [-87.8876594, 42.1120499], [-87.8876648, 42.1121738], [-87.887618, 42.1124167], [-87.8872731, 42.1129084], [-87.8870507, 42.1133399], [-87.8869658, 42.113428], [-87.8868089, 42.1135114], [-87.8866841, 42.1136353], [-87.8866658, 42.1137181], [-87.8867282, 42.1138186], [-87.8868049, 42.1140892], [-87.8867731, 42.1146416], [-87.886877, 42.1150428], [-87.8870846, 42.1154001], [-87.8874718, 42.1166899], [-87.8876559, 42.1169314], [-87.8878257, 42.1171152], [-87.8880151, 42.1172609], [-87.8881726, 42.1173921], [-87.8884274, 42.1174827], [-87.8886769, 42.1175562], [-87.8889087, 42.1175982], [-87.8892025, 42.1176271], [-87.889429, 42.117593], [-87.8897068, 42.1175326], [-87.8899333, 42.1174263], [-87.8900891, 42.1174013], [-87.890266, 42.1174683], [-87.8905751, 42.1176823], [-87.8913892, 42.1180852], [-87.8919106, 42.1183498], [-87.8922779, 42.1186001], [-87.8925025, 42.1187819]], [[-87.8873853, 42.1111906], [-87.8874315, 42.111264]], [[-87.881602, 42.1096125], [-87.8816392, 42.1096198], [-87.8823956, 42.1097818], [-87.8830715, 42.1099012], [-87.8835374, 42.1098939], [-87.8839814, 42.1097846], [-87.8842666, 42.1097425], [-87.8844227, 42.109756], [-87.8846112, 42.1097908], [-87.8847427, 42.1098014], [-87.8849016, 42.109787], [-87.8852001, 42.1097302], [-87.8853629, 42.1097245], [-87.8856044, 42.1097523], [-87.8857483, 42.1098135], [-87.8858353, 42.1099337], [-87.8859577, 42.1100225], [-87.8863235, 42.1101489], [-87.8866845, 42.110233], [-87.8868516, 42.1103264], [-87.8869135, 42.1104198], [-87.8869465, 42.1105651], [-87.8869461, 42.1106844], [-87.8869906, 42.1107552], [-87.8871518, 42.1108434], [-87.887342, 42.1111218], [-87.8873853, 42.1111906]], [[-87.8814346, 42.1094303], [-87.8814324, 42.1095156], [-87.8814457, 42.109558], [-87.8814874, 42.10959], [-87.881602, 42.1096125]], [[-87.8814384, 42.1092146], [-87.8814346, 42.1094303]], [[-87.8813718, 42.1089044], [-87.8814229, 42.1090204], [-87.881436, 42.1090605], [-87.8814398, 42.1091241], [-87.8814384, 42.1092146]], [[-87.8803628, 42.1006752], [-87.8803127, 42.1007466], [-87.8802968, 42.1007686], [-87.8802049, 42.1008935], [-87.8799391, 42.1011287], [-87.8797948, 42.1013132], [-87.8796534, 42.1014473], [-87.8791006, 42.1018308], [-87.8788872, 42.102111], [-87.8788353, 42.1022346], [-87.8788547, 42.1023597], [-87.878977, 42.1024778], [-87.8791316, 42.1026579], [-87.8792472, 42.1027387], [-87.8794872, 42.1028125], [-87.8799413, 42.1031029], [-87.8804907, 42.1034238], [-87.8807552, 42.1036739], [-87.8809683, 42.1039433], [-87.8813381, 42.1043216], [-87.8819418, 42.104754], [-87.8821162, 42.1049403], [-87.8823556, 42.1051363], [-87.8824535, 42.1051772], [-87.8825605, 42.1051862], [-87.882799, 42.1051635], [-87.8829225, 42.1051601], [-87.8831131, 42.1052191], [-87.8833761, 42.105269], [-87.8838011, 42.1052883], [-87.8838608, 42.1052963], [-87.8839586, 42.1053618], [-87.8844142, 42.1057044], [-87.8848729, 42.106351], [-87.8849228, 42.1064853], [-87.884916, 42.1066819], [-87.8849142, 42.1067934], [-87.8848512, 42.106884], [-87.882603, 42.1077819], [-87.882181, 42.1079392], [-87.8818484, 42.1080626], [-87.8813764, 42.1083293], [-87.8812959, 42.1084566], [-87.8813335, 42.1086636], [-87.8813563, 42.108865], [-87.8813718, 42.1089044]], [[-87.8803628, 42.1006752], [-87.8808597, 42.1007508], [-87.8813934, 42.100832], [-87.8821639, 42.1009604], [-87.8823813, 42.1009937], [-87.8826376, 42.1010319], [-87.8830156, 42.101091], [-87.8831476, 42.1010933], [-87.8832546, 42.1010817], [-87.8835861, 42.1009637]], [[-87.8835861, 42.1009637], [-87.883751, 42.1009005], [-87.8838076, 42.1008845], [-87.8838854, 42.1008825], [-87.8840222, 42.1009103], [-87.8841519, 42.1009373], [-87.8843151, 42.1009439], [-87.8844577, 42.1009174], [-87.8846964, 42.1008487], [-87.8847931, 42.1008159], [-87.8849179, 42.1007947], [-87.8850841, 42.10079], [-87.8853281, 42.100805]], [[-87.8826515, 42.095815], [-87.8829628, 42.096206], [-87.8835403, 42.0966895], [-87.8839479, 42.0972019], [-87.8841463, 42.0974486], [-87.8846058, 42.0980518], [-87.8848904, 42.0982347], [-87.8850465, 42.0983831], [-87.885091, 42.0984825], [-87.8851088, 42.0987003], [-87.8851681, 42.0987693], [-87.8853836, 42.0988873], [-87.8855242, 42.0993572], [-87.8856534, 42.0998069], [-87.8856206, 42.0998623], [-87.8856186, 42.0999022], [-87.8855652, 42.0999647], [-87.8854725, 42.1000543], [-87.8854388, 42.1001314], [-87.8854388, 42.1001814], [-87.8854111, 42.1007089], [-87.885376, 42.1007501], [-87.8853281, 42.1007634], [-87.8853281, 42.100805]], [[-87.8824528, 42.0954953], [-87.8825991, 42.0956753], [-87.8826098, 42.0957428], [-87.8826515, 42.095815]], [[-87.8830881, 42.091711], [-87.8831577, 42.0918555], [-87.8831981, 42.0919661], [-87.8834197, 42.0925728], [-87.8834103, 42.0928863], [-87.8834052, 42.0933384], [-87.8836249, 42.0939044], [-87.8835753, 42.0940208], [-87.8834787, 42.0941044], [-87.8832642, 42.0941771], [-87.8830335, 42.0942218], [-87.8825373, 42.0944273], [-87.8823424, 42.0948851], [-87.8823227, 42.0952473], [-87.8824528, 42.0954953]], [[-87.8830691, 42.0916477], [-87.8830881, 42.091711]], [[-87.8733638, 42.0659937], [-87.8733407, 42.0660454], [-87.8735094, 42.0664705], [-87.8735234, 42.0665597], [-87.8734777, 42.0667762], [-87.8734865, 42.0668502], [-87.8735725, 42.0669418], [-87.8736878, 42.0670312], [-87.8737377, 42.0671231], [-87.8737803, 42.0673378], [-87.8738199, 42.0675981], [-87.8737394, 42.0677811], [-87.8737464, 42.0679741], [-87.8738136, 42.0681377], [-87.8739264, 42.0682426], [-87.874337, 42.0684424], [-87.8744159, 42.0685122], [-87.8744465, 42.0686011], [-87.8744951, 42.0688479], [-87.8745598, 42.0689409], [-87.8746911, 42.0690012], [-87.8748393, 42.0690267], [-87.8753364, 42.0690755], [-87.8756099, 42.0691331], [-87.8759395, 42.0692506], [-87.8761081, 42.0693693], [-87.876158, 42.0694359], [-87.876317, 42.069504], [-87.876403, 42.0695305], [-87.8765739, 42.069501], [-87.8767337, 42.0694712], [-87.8769205, 42.0694771], [-87.8771232, 42.0695624], [-87.8772251, 42.0697008], [-87.8772868, 42.0699997], [-87.877393, 42.0708643], [-87.8775592, 42.0725334], [-87.8777027, 42.0728478], [-87.8778278, 42.0729879], [-87.8780558, 42.0730818], [-87.8784977, 42.0731965], [-87.878635, 42.0732599], [-87.8790179, 42.0733105], [-87.8793748, 42.0733136], [-87.8803402, 42.0732053], [-87.8806806, 42.0732333], [-87.8809771, 42.0732749], [-87.8813035, 42.0732648], [-87.8815742, 42.0732832], [-87.8824463, 42.0735419], [-87.8825988, 42.0735814], [-87.8831092, 42.0735964], [-87.8834347, 42.0735342], [-87.8840087, 42.0734038], [-87.8841527, 42.0734153], [-87.8844581, 42.0735272], [-87.8848204, 42.0737609], [-87.8854772, 42.0742396], [-87.8866564, 42.075518], [-87.8869147, 42.075857], [-87.8869751, 42.0759877], [-87.8869901, 42.0761419], [-87.8869574, 42.0762624], [-87.8868937, 42.0763928], [-87.8869555, 42.0765372], [-87.8870877, 42.0766671], [-87.8874843, 42.07695], [-87.8875993, 42.0770796], [-87.8876667, 42.0772597], [-87.8877383, 42.0775814], [-87.8878285, 42.0778246], [-87.8877697, 42.0779932], [-87.8876848, 42.0780616], [-87.887545, 42.0781742], [-87.8873486, 42.0783038], [-87.8869456, 42.0785164], [-87.8861725, 42.0787836], [-87.8859792, 42.0788794], [-87.8859277, 42.0789049], [-87.8858075, 42.0790073], [-87.8856757, 42.0792176], [-87.8856289, 42.0794414], [-87.8856648, 42.0796552], [-87.8859061, 42.0799631], [-87.8862684, 42.0803708], [-87.8863979, 42.0804887], [-87.8865654, 42.0806247], [-87.8866847, 42.0808742], [-87.886703, 42.0810492], [-87.88663, 42.0811763], [-87.8863897, 42.0815649], [-87.8860807, 42.0819025], [-87.8860062, 42.0820209], [-87.8859692, 42.0827922], [-87.8860218, 42.0829642], [-87.886371, 42.0832444], [-87.8866473, 42.083505], [-87.8867567, 42.0836242], [-87.8868041, 42.0837268], [-87.8866591, 42.0839967], [-87.886643, 42.0842907], [-87.8865422, 42.0844016], [-87.8863454, 42.0845563], [-87.8863087, 42.0846889], [-87.8863881, 42.0850048], [-87.8864024, 42.0852707], [-87.8863392, 42.0856795], [-87.8862798, 42.086231], [-87.8863686, 42.0864263], [-87.8865083, 42.086654], [-87.8866478, 42.0867296], [-87.8869164, 42.0868786], [-87.8870082, 42.0869514], [-87.8870335, 42.0870343], [-87.8870228, 42.0873138], [-87.8870203, 42.0875811], [-87.8870222, 42.087649], [-87.8870018, 42.0877289], [-87.8869711, 42.0878291], [-87.8869562, 42.0878748], [-87.8869498, 42.0879034], [-87.8869546, 42.0879433], [-87.8870265, 42.0881098], [-87.8871582, 42.0884905], [-87.8871797, 42.088805], [-87.8872467, 42.089645], [-87.8871958, 42.0897555], [-87.8870335, 42.0899058], [-87.8868806, 42.0899525], [-87.8865829, 42.0899087], [-87.886194, 42.0898251], [-87.8858332, 42.0898351], [-87.8856602, 42.0898152], [-87.8854727, 42.0898331], [-87.8851372, 42.089861], [-87.8848561, 42.0899246], [-87.8845524, 42.0901663], [-87.8843741, 42.0903755], [-87.8839119, 42.0908123], [-87.8838675, 42.0908668], [-87.8837688, 42.0909674], [-87.8836667, 42.0910153], [-87.8834107, 42.0910576], [-87.883172, 42.091146], [-87.8831408, 42.0911696], [-87.8830953, 42.0913164], [-87.8830866, 42.0914238], [-87.8830691, 42.0916477]], [[-87.8734128, 42.0658928], [-87.8733965, 42.065938], [-87.8733638, 42.0659937]], [[-87.8735571, 42.057236], [-87.8736408, 42.0572366], [-87.8737009, 42.0572438], [-87.8737616, 42.0572695], [-87.8738221, 42.0573149], [-87.8738514, 42.0573596], [-87.8738503, 42.0574131], [-87.8737899, 42.0575204], [-87.8737349, 42.0576924], [-87.8737022, 42.0579212], [-87.8736676, 42.0582631], [-87.8736678, 42.0588804], [-87.8736667, 42.0594784], [-87.8736584, 42.0599867], [-87.8736478, 42.0603332], [-87.8736262, 42.0619662], [-87.873566, 42.0621504], [-87.8733181, 42.0623914], [-87.8732281, 42.0624976], [-87.8732023, 42.0627051], [-87.8733559, 42.0635896], [-87.873373, 42.0638324], [-87.8733053, 42.0639322], [-87.8731897, 42.0642559], [-87.8731822, 42.0643609], [-87.8732015, 42.064434], [-87.8732725, 42.0645579], [-87.8733115, 42.0646907], [-87.8733562, 42.0651728], [-87.8733767, 42.0652609], [-87.8733663, 42.0653375], [-87.8733893, 42.06544], [-87.8734838, 42.0655742], [-87.8734791, 42.065718], [-87.8734128, 42.0658928]], [[-87.8732281, 42.0572174], [-87.8732602, 42.0572202], [-87.8733521, 42.0572282], [-87.8734174, 42.0572284], [-87.8734995, 42.0572329], [-87.8735571, 42.057236]], [[-87.8721206, 42.0536274], [-87.8729081, 42.0536003], [-87.8729331, 42.0536135], [-87.8729959, 42.0537063], [-87.8732387, 42.0540145], [-87.8733852, 42.0541797], [-87.8734196, 42.0543185], [-87.8734173, 42.0548898], [-87.8734337, 42.0555481], [-87.8734893, 42.0563849], [-87.8734976, 42.0566671], [-87.8734292, 42.0567651], [-87.8732312, 42.0569666], [-87.8731338, 42.0570616], [-87.8731177, 42.0571186], [-87.8731335, 42.0571756], [-87.8731618, 42.0572026], [-87.8732281, 42.0572174]], [[-87.8720378, 42.0536247], [-87.8720824, 42.0536239], [-87.8721206, 42.0536274]], [[-87.8720083, 42.0536253], [-87.8720378, 42.0536247]], [[-87.8718805, 42.0536366], [-87.8719629, 42.0536324], [-87.8720083, 42.0536253]], [[-87.870013, 42.0536636], [-87.8704657, 42.0536441], [-87.8706426, 42.0536381], [-87.870921, 42.0536585], [-87.8710728, 42.0536656], [-87.8718805, 42.0536366]], [[-87.8700096, 42.0534554], [-87.8700111, 42.0535447], [-87.870013, 42.0536636]], [[-87.8699617, 42.0519354], [-87.8699708, 42.0519868], [-87.869987, 42.0520325], [-87.8700936, 42.0522434], [-87.870113, 42.0524524], [-87.87017, 42.0527035], [-87.8701615, 42.0528063], [-87.8700089, 42.0531705], [-87.8699709, 42.0532752], [-87.8700096, 42.0534554]], [[-87.8699546, 42.0518655], [-87.8699581, 42.0519002], [-87.8699617, 42.0519354]], [[-87.8745085, 42.0441545], [-87.8742327, 42.0446596], [-87.8742078, 42.0448051], [-87.8742172, 42.044954], [-87.8741841, 42.04512], [-87.8740854, 42.0453475], [-87.8740646, 42.0454465], [-87.8740631, 42.0455281], [-87.8740604, 42.0457009], [-87.8741346, 42.0457936], [-87.8742008, 42.045953], [-87.8741871, 42.0460866], [-87.8741492, 42.0469991], [-87.8741242, 42.0470809], [-87.8740761, 42.0471381], [-87.8739703, 42.0471996], [-87.8738243, 42.0472651], [-87.8721029, 42.0479723], [-87.8720151, 42.0480778], [-87.8720313, 42.0481961], [-87.8720535, 42.0482225], [-87.8721478, 42.0483401], [-87.8722497, 42.0485784], [-87.8722433, 42.0486934], [-87.8722028, 42.0488564], [-87.8722048, 42.0489606], [-87.8722453, 42.0490929], [-87.8722338, 42.0491788], [-87.8721855, 42.0492286], [-87.8719441, 42.049378], [-87.8719036, 42.0494334], [-87.8718878, 42.0494896], [-87.8718454, 42.0496123], [-87.8716898, 42.0497759], [-87.8713651, 42.0502648], [-87.8712258, 42.0503921], [-87.8708864, 42.0506371], [-87.8706647, 42.0507373], [-87.8703782, 42.050815], [-87.8702223, 42.0509017], [-87.8700472, 42.051011], [-87.8699489, 42.0510967], [-87.8698925, 42.0512381], [-87.8698978, 42.0515654], [-87.8699495, 42.0516653], [-87.8699546, 42.0518655]], [[-87.8745085, 42.0441545], [-87.8751933, 42.0441344], [-87.8756955, 42.044123], [-87.875754, 42.0441196], [-87.8758541, 42.0441047], [-87.8761129, 42.0440486], [-87.8763317, 42.043996], [-87.8764842, 42.0439605], [-87.8765766, 42.0439216], [-87.8766325, 42.0438902], [-87.8766783, 42.043853], [-87.8767107, 42.0438255], [-87.8767738, 42.0437866], [-87.8767967, 42.0437735]], [[-87.8767967, 42.0437735], [-87.8768854, 42.0437225], [-87.8769673, 42.0436754], [-87.8769829, 42.0436661]], [[-87.8769829, 42.0436661], [-87.8770065, 42.0436436], [-87.8770095, 42.0436276], [-87.877008, 42.0436116], [-87.8769987, 42.0435933], [-87.8767292, 42.0432524], [-87.8767122, 42.0432261], [-87.8767045, 42.0431848], [-87.8767153, 42.0431391], [-87.8767369, 42.0431036], [-87.8767739, 42.0430773], [-87.8768139, 42.0430578], [-87.8770742, 42.0429515], [-87.8773969, 42.0428304]], [[-87.8773969, 42.0428304], [-87.8776134, 42.042749], [-87.8777043, 42.0427147], [-87.877769, 42.0426815], [-87.8779785, 42.0425751], [-87.8780617, 42.0425293], [-87.8780987, 42.0424973], [-87.8781203, 42.0424744], [-87.8781418, 42.0424435], [-87.8781557, 42.0424149], [-87.8781665, 42.0423852], [-87.8781905, 42.0422919], [-87.8782049, 42.0421969], [-87.8782022, 42.0420138], [-87.8781957, 42.0416099], [-87.8781188, 42.0413309], [-87.8781083, 42.041296], [-87.8779975, 42.0410761], [-87.8779831, 42.0410441], [-87.8779727, 42.0410083], [-87.8779492, 42.0408233], [-87.8779453, 42.040768], [-87.8779531, 42.0407235], [-87.8779701, 42.0406702], [-87.8780601, 42.0404716], [-87.8780757, 42.0404435], [-87.8780992, 42.0403718], [-87.8781644, 42.0401887], [-87.8781775, 42.0401519], [-87.8782022, 42.0401141], [-87.8783496, 42.0398458], [-87.8783797, 42.0398109], [-87.878407, 42.039778], [-87.8784736, 42.039716], [-87.8787423, 42.0395212], [-87.8787827, 42.0394989], [-87.8789275, 42.0394592], [-87.8790766, 42.039436], [-87.8794454, 42.0394081], [-87.8796366, 42.0393845], [-87.8798147, 42.0393697], [-87.8801109, 42.0393548], [-87.8802086, 42.0393493], [-87.8803359, 42.0393602], [-87.8805276, 42.0393683], [-87.8807088, 42.0393699], [-87.8814701, 42.0393818], [-87.8820843, 42.0393968], [-87.8821662, 42.0393954], [-87.8822025, 42.0393795], [-87.8822111, 42.0393711]], [[-87.8822111, 42.0393711], [-87.8824109, 42.0391801]], [[-87.8824109, 42.0391801], [-87.8824328, 42.0391527], [-87.8824622, 42.0391022], [-87.882476, 42.0390335], [-87.8824671, 42.038946], [-87.8824697, 42.038901], [-87.8825411, 42.0387113], [-87.8825515, 42.0386878]], [[-87.8825515, 42.0386878], [-87.8825619, 42.0386151], [-87.8825571, 42.0385628], [-87.8825247, 42.0384822], [-87.8824376, 42.0383728], [-87.8819895, 42.0380745], [-87.881335, 42.0376332]], [[-87.881335, 42.0376332], [-87.8812826, 42.0375983], [-87.8812611, 42.0375868]], [[-87.8812611, 42.0375868], [-87.8812379, 42.0375743], [-87.8811717, 42.0375594], [-87.8810495, 42.0375593]], [[-87.8810495, 42.0375593], [-87.8803931, 42.0372042], [-87.8793527, 42.0366652], [-87.8788883, 42.036424], [-87.8784417, 42.0361658], [-87.8775491, 42.0356287], [-87.8771251, 42.0354049], [-87.8765926, 42.0351432]], [[-87.8765926, 42.0351432], [-87.8765123, 42.0351025], [-87.8762619, 42.0349757], [-87.875013, 42.0343033], [-87.8749396, 42.0342587], [-87.8748895, 42.0342206], [-87.8748516, 42.034188], [-87.8748149, 42.0341541], [-87.8747843, 42.0341169], [-87.8747426, 42.0340512], [-87.8747208, 42.0339834], [-87.8747097, 42.0339325], [-87.8747003, 42.0338639], [-87.8746964, 42.0336766], [-87.8746968, 42.0333278], [-87.8746974, 42.0328097], [-87.8746979, 42.0324701], [-87.874698, 42.0323504], [-87.8747026, 42.0321724], [-87.8747108, 42.031855], [-87.8747115, 42.0318297]], [[-87.8747115, 42.0318297], [-87.8746351, 42.0318297]], [[-87.8746351, 42.0318297], [-87.8746058, 42.0317954], [-87.8745704, 42.0317748], [-87.8745333, 42.0317602], [-87.874499, 42.0317524]], [[-87.874499, 42.0317524], [-87.8745058, 42.0317077]], [[-87.8745058, 42.0317077], [-87.874513, 42.0316598]], [[-87.874513, 42.0316598], [-87.8744978, 42.031634], [-87.8744623, 42.0316081], [-87.8744353, 42.0315997], [-87.8742341, 42.0315698], [-87.874092, 42.0315339], [-87.8739364, 42.0314283], [-87.8738613, 42.0312769], [-87.8738337, 42.0310702], [-87.8738306, 42.0310474], [-87.8738157, 42.0309362], [-87.8736306, 42.0304541], [-87.8735555, 42.0303644], [-87.8733088, 42.030207], [-87.8731452, 42.0301014], [-87.8730003, 42.0299361], [-87.8729547, 42.0296492], [-87.8729601, 42.0294659], [-87.8728879, 42.0292409], [-87.8727811, 42.0291243], [-87.8726525, 42.0290505], [-87.8725696, 42.0290117], [-87.8724938, 42.029001], [-87.872135, 42.0290045], [-87.8719677, 42.0289877], [-87.8715034, 42.0289006], [-87.8712695, 42.028898], [-87.871104, 42.0289416], [-87.8708976, 42.028944], [-87.8704741, 42.0288478], [-87.8702417, 42.0288214], [-87.8700622, 42.0288287], [-87.8698946, 42.0288475], [-87.8695489, 42.0288976], [-87.8693864, 42.0288715], [-87.8692568, 42.0288062], [-87.8692061, 42.0286595], [-87.8691955, 42.0280465], [-87.8692333, 42.0278683], [-87.8692105, 42.0273033], [-87.8692055, 42.0265067], [-87.8691591, 42.0253353], [-87.8691401, 42.0252382], [-87.8691668, 42.0250677], [-87.8691694, 42.0250462], [-87.8691773, 42.0249626], [-87.8691854, 42.0249166]], [[-87.8691854, 42.0249166], [-87.8691904, 42.024884], [-87.8691956, 42.0248507]], [[-87.8691956, 42.0248507], [-87.8691992, 42.0248267]], [[-87.8691992, 42.0248267], [-87.8692029, 42.0248027], [-87.8692085, 42.0247666]], [[-87.8692085, 42.0247666], [-87.8691575, 42.0246019], [-87.8691371, 42.0245049], [-87.8691353, 42.0243732], [-87.8690996, 42.0231618], [-87.8690787, 42.0227758], [-87.8690332, 42.0227106], [-87.869024, 42.0227054], [-87.8686699, 42.022505], [-87.8685265, 42.0223817], [-87.8684382, 42.0221889], [-87.8684223, 42.0220553], [-87.8684323, 42.0214837], [-87.8683954, 42.020938], [-87.8683122, 42.0207973], [-87.8681467, 42.0204164], [-87.8679233, 42.0201312], [-87.8678632, 42.0198778], [-87.8678583, 42.019668], [-87.8676436, 42.0194227], [-87.8675157, 42.019278], [-87.867374, 42.0191177], [-87.8670564, 42.0188113], [-87.8670299, 42.0187124], [-87.867047, 42.018526]], [[-87.867047, 42.018526], [-87.867, 42.0183639], [-87.86681, 42.0181144], [-87.8663915, 42.0177079], [-87.8663018, 42.017621], [-87.8660812, 42.0175173], [-87.865921, 42.0174829], [-87.8656751, 42.0174909], [-87.865376, 42.0175406], [-87.865314, 42.0175424], [-87.8651298, 42.0174978]], [[-87.8651298, 42.0174978], [-87.8651009, 42.0174821], [-87.865037, 42.017425], [-87.8649955, 42.0173364], [-87.8649062, 42.0169557], [-87.8648416, 42.0166909], [-87.8647977, 42.0166265], [-87.8647378, 42.0165884], [-87.8643625, 42.0164767], [-87.8641376, 42.0163353], [-87.8636884, 42.0158857], [-87.8631618, 42.0153919], [-87.8630105, 42.0152501], [-87.8628431, 42.015143], [-87.8627098, 42.0150412], [-87.8622835, 42.0146259], [-87.8622053, 42.0145404], [-87.8621757, 42.0144849], [-87.8621179, 42.0143987], [-87.8620386, 42.0143336], [-87.8609683, 42.0132951], [-87.8608669, 42.0131074], [-87.8604823, 42.0126295], [-87.8601859, 42.0121449], [-87.8601589, 42.012088], [-87.8601495, 42.0120408], [-87.8601456, 42.0119805], [-87.8601604, 42.011483], [-87.8601498, 42.0113995], [-87.860115, 42.0113273], [-87.8600703, 42.0113024], [-87.8600022, 42.0112535], [-87.8599701, 42.0112393]], [[-87.8599701, 42.0112393], [-87.8599115, 42.0112134], [-87.8598423, 42.0111709], [-87.8597698, 42.0111069], [-87.859675, 42.0110171], [-87.8596047, 42.0109661], [-87.8594855, 42.0109045], [-87.8594327, 42.0108487], [-87.8592927, 42.0105207]], [[-87.8592927, 42.0105207], [-87.8592375, 42.0103431], [-87.8591858, 42.0101764]], [[-87.8591858, 42.0101764], [-87.8593368, 42.0101995], [-87.8596066, 42.0101918], [-87.8599356, 42.0102092], [-87.8600157, 42.0101974], [-87.8600746, 42.0101792], [-87.8601142, 42.0101492], [-87.8601488, 42.0101031], [-87.86016, 42.0100501], [-87.8601467, 42.0099969], [-87.8601146, 42.0099553]], [[-87.8601146, 42.0099553], [-87.8599192, 42.0097573], [-87.8596342, 42.0093575], [-87.8595359, 42.0090778], [-87.8594165, 42.008576], [-87.8594252, 42.0079154], [-87.8594261, 42.0078482], [-87.8596353, 42.0073798], [-87.8597136, 42.0072449], [-87.8600442, 42.0067749], [-87.8601054, 42.0066879], [-87.8601717, 42.0065247]], [[-87.8601717, 42.0065247], [-87.8601285, 42.0058456], [-87.8601254, 42.0057965], [-87.8600765, 42.0053308], [-87.8601055, 42.0050343], [-87.8602459, 42.0043949], [-87.8602362, 42.0036813], [-87.8600906, 42.0034819]], [[-87.8600906, 42.0034819], [-87.8600617, 42.0034423], [-87.8597475, 42.0033209], [-87.8588971, 42.0030761], [-87.8587718, 42.0030299], [-87.858684, 42.0029479], [-87.8586461, 42.0028138], [-87.8585628, 42.0026763], [-87.8584298, 42.0025547], [-87.8578998, 42.0022627], [-87.8577896, 42.0021618], [-87.8576747, 42.0019622]], [[-87.8576747, 42.0019622], [-87.8575429, 42.0015912], [-87.8575208, 42.0014937], [-87.8574883, 42.0010268]], [[-87.8574883, 42.0010268], [-87.8574869, 42.0010069], [-87.8574924, 42.0007643], [-87.8574884, 42.0006961], [-87.8574859, 42.0006616]], [[-87.8574859, 42.0006616], [-87.8574816, 42.0006262], [-87.8574783, 42.0005983]], [[-87.8574783, 42.0005983], [-87.8574709, 42.0005622], [-87.8574374, 42.0005481], [-87.8573734, 42.0005399]], [[-87.8573734, 42.0005399], [-87.8573094, 42.0005317], [-87.8570837, 42.0004744], [-87.8568247, 42.0003128], [-87.8567466, 42.0002573], [-87.8566975, 42.0002046], [-87.8566702, 42.0001559], [-87.8566552, 42.0000718], [-87.8566852, 41.9994185], [-87.8567237, 41.9992379], [-87.8566976, 41.9990726], [-87.856612, 41.9988287], [-87.8565195, 41.9986724], [-87.8562853, 41.998475], [-87.8561853, 41.998281], [-87.8561217, 41.9980478], [-87.8561326, 41.9977424], [-87.8562219, 41.9971563], [-87.8562147, 41.9969872], [-87.8561781, 41.9967263], [-87.8561456, 41.9966903], [-87.8560138, 41.9966345], [-87.8558622, 41.9965269], [-87.8557849, 41.9964613], [-87.8557147, 41.9962299], [-87.8557561, 41.9961302], [-87.8557272, 41.9960789]], [[-87.8557272, 41.9960789], [-87.8557135, 41.9960128], [-87.8557071, 41.9959822]], [[-87.8557071, 41.9959822], [-87.8557032, 41.9959634]], [[-87.8557032, 41.9959634], [-87.8556905, 41.995902], [-87.8556841, 41.9958619]], [[-87.8556841, 41.9958619], [-87.855674, 41.9956245], [-87.855708, 41.9955738], [-87.8558661, 41.995463], [-87.8558897, 41.9954276], [-87.855889, 41.9953922]], [[-87.855889, 41.9953922], [-87.8557533, 41.9951813], [-87.8553534, 41.9947476], [-87.8551553, 41.9945358], [-87.8547994, 41.994362], [-87.8544675, 41.9943215], [-87.8544218, 41.9943038]], [[-87.8544218, 41.9943038], [-87.8543059, 41.9942589], [-87.8542282, 41.9941753]], [[-87.8542282, 41.9941753], [-87.854154, 41.9940475]], [[-87.854154, 41.9940475], [-87.8540179, 41.9937896], [-87.8533625, 41.9931984]], [[-87.8533625, 41.9931984], [-87.8529225, 41.9929688], [-87.8520459, 41.9925893], [-87.8516878, 41.9924068], [-87.8507399, 41.9915837], [-87.8501995, 41.9910522], [-87.8498774, 41.9906839], [-87.8496027, 41.9901119], [-87.8493696, 41.9895166], [-87.8491961, 41.989213], [-87.848965, 41.9890642], [-87.8485144, 41.988809], [-87.8481377, 41.9886603], [-87.8476604, 41.9885399], [-87.84715, 41.9884196]], [[-87.84715, 41.9884196], [-87.8470582, 41.9883896], [-87.8470175, 41.9883647], [-87.8469574, 41.9883252], [-87.8467714, 41.9880409], [-87.8467685, 41.9880313], [-87.8467584, 41.9879978]], [[-87.8467584, 41.9879978], [-87.8467403, 41.9878949], [-87.8467247, 41.9877903]], [[-87.8467247, 41.9877903], [-87.8467224, 41.9877083], [-87.846714, 41.9874088], [-87.846717, 41.9872457], [-87.8467177, 41.9872048], [-87.8467104, 41.9871662], [-87.8466862, 41.9870386], [-87.8466709, 41.9865131], [-87.8466151, 41.9854629], [-87.8466068, 41.9845951], [-87.8465975, 41.9842798]], [[-87.8465975, 41.9842798], [-87.846588, 41.9833965]], [[-87.846588, 41.9833965], [-87.846591, 41.9831514], [-87.8466061, 41.981898], [-87.8466016, 41.9811011]], [[-87.8466016, 41.9811011], [-87.8466139, 41.9810078], [-87.8466719, 41.9809605], [-87.8467359, 41.9809403], [-87.8489864, 41.9808823], [-87.8490589, 41.9808804], [-87.8503236, 41.9808498], [-87.8514673, 41.9808247], [-87.8524173, 41.9808038], [-87.8526754, 41.980798], [-87.8529809, 41.9807912], [-87.8533923, 41.9807954], [-87.8538883, 41.9807661], [-87.85448, 41.9807619], [-87.8547095, 41.9807626], [-87.854984, 41.9807547], [-87.8553554, 41.9807293], [-87.8554607, 41.9806363], [-87.8555766, 41.9805659], [-87.8557157, 41.9805123], [-87.8557848, 41.9804971], [-87.8558481, 41.9804755], [-87.8560195, 41.9802865], [-87.8560948, 41.9801437], [-87.8561302, 41.9800135], [-87.856139, 41.9797721], [-87.8561351, 41.9793696], [-87.8561637, 41.9789753], [-87.8562168, 41.9788759], [-87.8562972, 41.9787867], [-87.8564243, 41.9786618], [-87.8565629, 41.9785716], [-87.8566943, 41.9785073], [-87.856857, 41.978466], [-87.8570157, 41.9784518], [-87.8573711, 41.9784816], [-87.857472, 41.9784568], [-87.8575653, 41.9784209], [-87.8576341, 41.9783492], [-87.857721, 41.9782104], [-87.8577961, 41.9779364], [-87.8578557, 41.9776266], [-87.8578638, 41.9774553], [-87.8578899, 41.9772136], [-87.8579135, 41.9769818], [-87.8578907, 41.9767304], [-87.8577832, 41.9765214], [-87.8576816, 41.9764208], [-87.8575606, 41.9763381], [-87.8574541, 41.9763034], [-87.8572271, 41.9762528], [-87.8571618, 41.9762255], [-87.857088, 41.9761655], [-87.8569554, 41.9760555]], [[-87.8569554, 41.9760555], [-87.8568423, 41.9759199], [-87.8566837, 41.975698], [-87.8566107, 41.975606], [-87.8561755, 41.9751385], [-87.8561114, 41.9750562], [-87.8560865, 41.9750055], [-87.8560129, 41.9747572], [-87.8560083, 41.9747002], [-87.8560135, 41.974642], [-87.8560321, 41.9745195], [-87.856097, 41.9740996], [-87.8561026, 41.9739984], [-87.8561013, 41.973915], [-87.8560906, 41.9738203], [-87.8560432, 41.9735613], [-87.8560235, 41.9735051], [-87.8559853, 41.9734468], [-87.8559524, 41.9734147], [-87.8558043, 41.9733225]], [[-87.8558043, 41.9733225], [-87.8557564, 41.9732979], [-87.8556596, 41.9732123], [-87.8555431, 41.9730815], [-87.8552309, 41.9728155], [-87.855061, 41.9727011], [-87.8545966, 41.9723932], [-87.8541449, 41.9720415], [-87.8538809, 41.9716527], [-87.8537532, 41.9713295], [-87.8538891, 41.9704077], [-87.8540718, 41.969646], [-87.8540459, 41.9696074], [-87.8540032, 41.9695594], [-87.8539242, 41.9695069], [-87.8538134, 41.9694875], [-87.8514195, 41.969541], [-87.8513062, 41.9694836], [-87.8512364, 41.9693795], [-87.8512093, 41.9686705]], [[-87.8512093, 41.9686705], [-87.8511947, 41.9680876], [-87.8511702, 41.9678635], [-87.8510886, 41.9675934]], [[-87.8510886, 41.9675934], [-87.8512531, 41.9673664], [-87.8514196, 41.967245], [-87.851625, 41.9671567], [-87.8518112, 41.9670738], [-87.8519538, 41.9669943]], [[-87.8519538, 41.9669943], [-87.8520081, 41.9669472], [-87.8520606, 41.966887], [-87.8520988, 41.966833], [-87.8521463, 41.9667379], [-87.8521638, 41.966644], [-87.852156, 41.9664598], [-87.8521314, 41.9660775], [-87.8520961, 41.965495]], [[-87.8520961, 41.965495], [-87.8520747, 41.9651687], [-87.8520868, 41.9650377], [-87.8520999, 41.964976]], [[-87.8520999, 41.964976], [-87.8521265, 41.9648504], [-87.8522667, 41.9645207], [-87.8523342, 41.9644134], [-87.8524098, 41.9643424], [-87.8525959, 41.9642023], [-87.8528401, 41.9640838], [-87.8531993, 41.963943], [-87.8534612, 41.9638737], [-87.8537549, 41.9638386], [-87.8540932, 41.9639299], [-87.8542605, 41.9639358], [-87.8544277, 41.9639416]], [[-87.8544277, 41.9639416], [-87.8547232, 41.9638243], [-87.8550065, 41.9636774], [-87.8551008, 41.9635917], [-87.855169, 41.9634774], [-87.8551662, 41.963342], [-87.8550951, 41.9632639]], [[-87.8550951, 41.9632639], [-87.8548149, 41.9630771]], [[-87.8548149, 41.9630771], [-87.8546571, 41.9629583], [-87.8546161, 41.9629296], [-87.8545673, 41.9628955], [-87.8545363, 41.9628544], [-87.8545577, 41.9626476], [-87.8548264, 41.9623105], [-87.8552196, 41.9622093], [-87.8554462, 41.9621398], [-87.8558202, 41.9617369], [-87.8560599, 41.9612531], [-87.8565226, 41.9602698], [-87.8569998, 41.9594868], [-87.8572532, 41.959123], [-87.8577675, 41.9583494], [-87.8581539, 41.9577593], [-87.8583624, 41.9573283], [-87.8584503, 41.9570514], [-87.8584643, 41.9566357], [-87.8584481, 41.9565493], [-87.8584274, 41.9564563], [-87.858258, 41.9562907], [-87.8581838, 41.9561398], [-87.8581351, 41.9559936], [-87.8580834, 41.955899], [-87.8577562, 41.9556962], [-87.8566456, 41.9553945], [-87.8564961, 41.9553018], [-87.8564082, 41.9552138], [-87.8560751, 41.9549043], [-87.8560443, 41.9547916], [-87.8559731, 41.9546835], [-87.855775, 41.9546111], [-87.8552717, 41.9543429], [-87.8547181, 41.9540586], [-87.8542958, 41.9538181], [-87.8540731, 41.9537431], [-87.8539758, 41.9536775], [-87.8538798, 41.9535805], [-87.8537987, 41.9534538], [-87.8537584, 41.9533219], [-87.853729, 41.9532765], [-87.8536575, 41.9532464], [-87.8536115, 41.9531867], [-87.8536498, 41.9531171]], [[-87.8536498, 41.9531171], [-87.8536065, 41.9530427], [-87.8535538, 41.9529649]], [[-87.8535538, 41.9529649], [-87.8535579, 41.9528505], [-87.8535513, 41.9526907], [-87.8535493, 41.9525899], [-87.8535408, 41.952365], [-87.8535894, 41.9521706], [-87.8535353, 41.9518623], [-87.8536312, 41.9515359], [-87.8537246, 41.9510472], [-87.8539084, 41.9506775], [-87.854214, 41.9501589], [-87.8543918, 41.9497295], [-87.8544677, 41.9492449], [-87.8542515, 41.9488842], [-87.8540651, 41.9487606], [-87.8539881, 41.9486641], [-87.8539236, 41.9484995], [-87.8539205, 41.9484108], [-87.853934, 41.9483725], [-87.8539853, 41.9482264], [-87.854053, 41.9480221], [-87.8540101, 41.9477967], [-87.8539269, 41.9476329], [-87.8538862, 41.9475542]], [[-87.8538862, 41.9475542], [-87.8538596, 41.9475047]], [[-87.8538596, 41.9475047], [-87.8538379, 41.9474007], [-87.8538458, 41.9473286], [-87.8538665, 41.9472092], [-87.8538824, 41.9467237], [-87.8538177, 41.9464177], [-87.8536818, 41.9462099], [-87.8532984, 41.9449475], [-87.8532146, 41.9447578], [-87.8531602, 41.9446086], [-87.8529624, 41.9443677], [-87.8528004, 41.9441954], [-87.8526044, 41.9437638], [-87.8525459, 41.9435032], [-87.8525688, 41.9433689], [-87.8524254, 41.9426674], [-87.8523601, 41.9424466], [-87.8522708, 41.9422753], [-87.8522134, 41.9421389], [-87.8521763, 41.9419921], [-87.8520394, 41.9418176], [-87.851944, 41.9415867], [-87.8518659, 41.9413983], [-87.851616, 41.9401634], [-87.8514931, 41.9395624], [-87.8512012, 41.9390265], [-87.850974, 41.9387437], [-87.8508281, 41.9386093], [-87.8505463, 41.9384181], [-87.8504406, 41.9383579], [-87.8503783, 41.9383131], [-87.8500446, 41.9381596], [-87.8498337, 41.9380551], [-87.8497477, 41.9379933], [-87.8497116, 41.9379528], [-87.8496402, 41.9376758], [-87.8494547, 41.9375097], [-87.8494653, 41.9374719], [-87.8491723, 41.9371364], [-87.8488173, 41.9369755], [-87.8485944, 41.9366997], [-87.8482012, 41.936223], [-87.8479672, 41.9358977], [-87.8475443, 41.9352908], [-87.8473054, 41.9349758], [-87.8472118, 41.9347252], [-87.8471128, 41.9343426], [-87.8470819, 41.9341056], [-87.8471602, 41.9338428], [-87.8472798, 41.9335808], [-87.84739, 41.9333714], [-87.8474937, 41.9333012], [-87.8475435, 41.9331019], [-87.8475442, 41.9327966], [-87.847426, 41.9325927], [-87.8472806, 41.9324229], [-87.8471902, 41.9322762], [-87.8469038, 41.9320202], [-87.8466681, 41.9318916], [-87.8462864, 41.9317368], [-87.8455028, 41.9315034], [-87.845416, 41.9314], [-87.8453165, 41.9310289], [-87.8450259, 41.930586], [-87.8449677, 41.9303127], [-87.8450514, 41.930022], [-87.8450641, 41.9299777], [-87.8450497, 41.9299008]], [[-87.8450497, 41.9299008], [-87.8449612, 41.9296514]], [[-87.8449612, 41.9296514], [-87.8449346, 41.9296095], [-87.8448725, 41.9295789], [-87.8446426, 41.9295413], [-87.8445741, 41.9294916], [-87.8445383, 41.9293235], [-87.8441055, 41.9286857], [-87.8440516, 41.9285408], [-87.8440125, 41.9284562], [-87.8437927, 41.9282109], [-87.8436091, 41.928134], [-87.8432303, 41.9280792], [-87.843108, 41.9280219], [-87.8430169, 41.9279397], [-87.843035, 41.9276864], [-87.8429607, 41.9274348], [-87.8429263, 41.9271607], [-87.8427065, 41.9268966], [-87.8422656, 41.9261328], [-87.8422483, 41.9260892], [-87.8419907, 41.9254412], [-87.8419166, 41.9252548], [-87.841518, 41.9246825], [-87.8409145, 41.9239868], [-87.8401634, 41.9231007], [-87.8393837, 41.9225053], [-87.8380238, 41.9213767], [-87.8379533, 41.9213182], [-87.8377797, 41.9211122], [-87.8372979, 41.9206938], [-87.8362778, 41.9201057], [-87.8361979, 41.9200659], [-87.8361044, 41.9200724], [-87.8360104, 41.9200859], [-87.8359112, 41.9201473], [-87.8358357, 41.9202145], [-87.8357704, 41.9202975], [-87.8357331, 41.9203715], [-87.8357063, 41.9204432], [-87.835667, 41.920495], [-87.8356137, 41.9205222], [-87.8355101, 41.9205546]], [[-87.8355101, 41.9205546], [-87.8353045, 41.9205625]], [[-87.8353045, 41.9205625], [-87.8352228, 41.9205627], [-87.8351801, 41.9205553], [-87.8351199, 41.9205305], [-87.8350734, 41.9205007], [-87.8350344, 41.9204592], [-87.8350199, 41.920421], [-87.8350289, 41.9203817], [-87.8350636, 41.9203209], [-87.8350982, 41.9202496], [-87.8351166, 41.9201726], [-87.835121, 41.9201133], [-87.8351154, 41.9200645], [-87.8350867, 41.9199931], [-87.8350636, 41.9199342], [-87.8350125, 41.9198563], [-87.8349542, 41.9198068], [-87.834747, 41.919666], [-87.8346398, 41.9195985], [-87.8345494, 41.9195318], [-87.834203, 41.9192193], [-87.83405, 41.9190585], [-87.8339722, 41.9189697], [-87.8337523, 41.9186709], [-87.8335536, 41.9184309], [-87.8334199, 41.9182427], [-87.833323, 41.9181349], [-87.8332618, 41.9179907], [-87.8332235, 41.917868], [-87.8329016, 41.9169858], [-87.8328408, 41.9167173], [-87.8327969, 41.916453], [-87.8327977, 41.9161481], [-87.8327879, 41.9160358], [-87.8327568, 41.9159266], [-87.83272, 41.9157687], [-87.8327034, 41.9156573], [-87.8327137, 41.9156003], [-87.8327232, 41.9155475], [-87.8327663, 41.9154038], [-87.8327947, 41.9152455], [-87.8328348, 41.914932], [-87.8328502, 41.9148603], [-87.8328665, 41.9147247], [-87.8328564, 41.9145505], [-87.8329345, 41.9135395]], [[-87.8329345, 41.9135395], [-87.8329551, 41.9133136], [-87.8329837, 41.913185], [-87.8331184, 41.9127863], [-87.8332286, 41.9125105], [-87.8332378, 41.9123971], [-87.8332727, 41.9121934], [-87.8332612, 41.9120254], [-87.8330917, 41.9116412], [-87.8330988, 41.9115418], [-87.8331122, 41.9114889], [-87.8331303, 41.9114487], [-87.8332177, 41.9113997]], [[-87.8332177, 41.9113997], [-87.8336167, 41.9112081]], [[-87.8336167, 41.9112081], [-87.8337773, 41.9111173], [-87.8337333, 41.9110464], [-87.8336628, 41.9109462], [-87.8335845, 41.9108086], [-87.8333102, 41.9103665], [-87.8332841, 41.9102933], [-87.833254, 41.9101294], [-87.8332542, 41.9099663], [-87.83324, 41.9097743], [-87.8332109, 41.9097104], [-87.8331315, 41.9096617], [-87.8329512, 41.9096258], [-87.8328188, 41.909595], [-87.8326085, 41.9094967], [-87.8324641, 41.9094461], [-87.8324096, 41.9094354], [-87.8322681, 41.9094118]], [[-87.8810495, 42.0375593], [-87.8812165, 42.0376608]], [[-87.8812165, 42.0376608], [-87.881335, 42.0376332]], [[-87.9334998, 42.3449469], [-87.9335257, 42.344912], [-87.9335377, 42.3448785], [-87.9335538, 42.3448052], [-87.9335511, 42.3447477], [-87.9335377, 42.3446703], [-87.933557, 42.344569]], [[-87.9261076, 42.1977861], [-87.9261131, 42.1976483]], [[-87.9261065, 42.1980018], [-87.9261076, 42.1977861]], [[-87.9261065, 42.1980018], [-87.9261282, 42.1981248]]]}}, {"type": "Feature", "properties": {"name": "Fox River Trail", "length_mi": 48.6, "osm_source": "relation"}, "geometry": {"type": "MultiLineString", "coordinates": [[[-88.287771, 42.1537356], [-88.2877601, 42.1536534], [-88.2877875, 42.1535881], [-88.2860645, 42.1512525], [-88.285603, 42.1506391], [-88.2842105, 42.1486738], [-88.2826175, 42.1465588], [-88.2824923, 42.1463786], [-88.2808014, 42.1440494], [-88.2786213, 42.1410901], [-88.2780222, 42.1402801], [-88.2780017, 42.1402441], [-88.2780015, 42.1401998], [-88.278046, 42.1400991], [-88.2780819, 42.1400182], [-88.2780952, 42.1399034], [-88.278084, 42.1398344], [-88.2780458, 42.1397547], [-88.2779837, 42.1396904], [-88.2779018, 42.1396384], [-88.2777984, 42.1396183], [-88.2776415, 42.1396173], [-88.2775297, 42.1396162], [-88.2774894, 42.1395822], [-88.2774602, 42.1395454], [-88.2774181, 42.1394791], [-88.2773702, 42.1392327], [-88.2773231, 42.1390363], [-88.2764443, 42.1376402], [-88.2762113, 42.1369631], [-88.2760583, 42.1364281], [-88.2759213, 42.1358161], [-88.2759194, 42.1357949], [-88.2758713, 42.1352431], [-88.2758713, 42.1346961], [-88.2759233, 42.1341741], [-88.2759233, 42.1340331], [-88.2758723, 42.1338041], [-88.2758435, 42.1336617], [-88.2758462, 42.1335829], [-88.2758542, 42.1334219], [-88.2759472, 42.1331448], [-88.2761236, 42.1326187], [-88.276544, 42.1318133], [-88.276816, 42.1313971]], [[-88.276816, 42.1313971], [-88.2768651, 42.1313219]], [[-88.2768651, 42.1313219], [-88.2770077, 42.1311037], [-88.2780119, 42.1300153], [-88.2792393, 42.1287867], [-88.2832921, 42.1247899], [-88.2854706, 42.1226309], [-88.2891092, 42.1190081], [-88.2896411, 42.1183061], [-88.2900196, 42.1175187], [-88.2902484, 42.1169064], [-88.2904745, 42.1159907], [-88.2905611, 42.1147009], [-88.2905775, 42.1144563], [-88.2905442, 42.1136723], [-88.290468, 42.1128618], [-88.290022, 42.1115649], [-88.2898831, 42.1112958], [-88.2890532, 42.1098704], [-88.2885063, 42.1089478], [-88.2884705, 42.1088931], [-88.2884311, 42.1088278], [-88.2877036, 42.1076583]], [[-88.2877036, 42.1076583], [-88.2876459, 42.1075964]], [[-88.2876459, 42.1075964], [-88.287094, 42.1069936], [-88.286993, 42.1069154], [-88.2862366, 42.1063299], [-88.2854407, 42.1058796], [-88.2845895, 42.1055248], [-88.2829152, 42.1049803], [-88.2798894, 42.1040192], [-88.2787897, 42.1036628], [-88.2776835, 42.1033071], [-88.2768863, 42.1030436], [-88.2766064, 42.1029294], [-88.2760529, 42.1025729]], [[-88.2760529, 42.1025729], [-88.2759603, 42.1024933]], [[-88.2759603, 42.1024933], [-88.2757927, 42.1023371], [-88.2755795, 42.1020965], [-88.2754391, 42.1018196], [-88.2754072, 42.1016996], [-88.2753798, 42.1015529], [-88.2751922, 42.1009084], [-88.2749883, 42.1002062], [-88.274925, 42.1000148], [-88.2748591, 42.0998568], [-88.2748379, 42.0997992], [-88.2748207, 42.0997416], [-88.2747913, 42.0996137], [-88.2747753, 42.0995492], [-88.2747525, 42.0994827], [-88.2746749, 42.0992238], [-88.274527, 42.0987215], [-88.2744798, 42.098608], [-88.2744868, 42.0984812]], [[-88.2744868, 42.0984812], [-88.274497, 42.0983978], [-88.2745154, 42.0982958], [-88.2744437, 42.0983041], [-88.2743859, 42.0983124]], [[-88.2743859, 42.0983124], [-88.2743741, 42.0982572], [-88.2743365, 42.0981798], [-88.2743167, 42.098109], [-88.2740727, 42.0972559], [-88.2738539, 42.0964856], [-88.2737434, 42.0960965]], [[-88.2737434, 42.0960965], [-88.2737213, 42.0960344]], [[-88.2737213, 42.0960344], [-88.2734393, 42.0951216], [-88.2733378, 42.0947724]], [[-88.2733378, 42.0947724], [-88.2733262, 42.0947325], [-88.2733169, 42.0946967]], [[-88.2733169, 42.0946967], [-88.2732965, 42.094618], [-88.273156, 42.0940771], [-88.2729844, 42.0932873], [-88.2729194, 42.0925869], [-88.2729232, 42.0921143], [-88.2730101, 42.0913511], [-88.2732138, 42.0905995], [-88.273474, 42.08991], [-88.2735766, 42.0896314], [-88.2740184, 42.0885269], [-88.2742752, 42.0878226], [-88.2743154, 42.0876874], [-88.2744263, 42.0872428], [-88.274479, 42.086625], [-88.274526, 42.085125], [-88.273305, 42.080813], [-88.272248, 42.077257], [-88.272121, 42.076903], [-88.2713037, 42.0738784], [-88.2704346, 42.0709079], [-88.2698799, 42.0689215], [-88.2697505, 42.0684964], [-88.2696678, 42.0680939], [-88.2696101, 42.0676542], [-88.2695868, 42.0672992], [-88.2695911, 42.0671124], [-88.2696198, 42.0668947], [-88.2696287, 42.0668016], [-88.269661, 42.066462], [-88.2696548, 42.0662813], [-88.269659, 42.0662087], [-88.2696771, 42.0661033], [-88.2696988, 42.0659768], [-88.2697377, 42.0657688], [-88.2697875, 42.0655654], [-88.2698524, 42.0653561], [-88.2699208, 42.0651495], [-88.270083, 42.0647111], [-88.2701665, 42.0645255], [-88.2703489, 42.0641427], [-88.270403, 42.0640397], [-88.2704567, 42.0639441], [-88.2704866, 42.0638963]], [[-88.2704866, 42.0638963], [-88.2705328, 42.0638227]], [[-88.2705328, 42.0638227], [-88.2707775, 42.0634321]], [[-88.2707775, 42.0634321], [-88.2708236, 42.0633586]], [[-88.2708236, 42.0633586], [-88.27101, 42.063061], [-88.2719895, 42.0619911], [-88.2726465, 42.0614557], [-88.2730998, 42.0611513], [-88.2734053, 42.0609475], [-88.2737097, 42.0607517], [-88.2737196, 42.0607466], [-88.2740273, 42.0605835], [-88.2743544, 42.0604209], [-88.2750202, 42.0601128], [-88.275396, 42.060007], [-88.2794258, 42.0586269], [-88.2796892, 42.0585161], [-88.2808168, 42.0581796], [-88.2819918, 42.0577955], [-88.2827064, 42.05756], [-88.2836481, 42.05723]], [[-88.2836481, 42.05723], [-88.2837813, 42.0571898], [-88.2840229, 42.057197], [-88.2841807, 42.0571687], [-88.2843797, 42.0570966], [-88.284518, 42.0570626], [-88.2847805, 42.0571033], [-88.2849663, 42.0571013], [-88.2856848, 42.0569028], [-88.2857558, 42.0568785], [-88.2859179, 42.0568229], [-88.2863165, 42.0565539], [-88.2870469, 42.0559363], [-88.2877229, 42.0550076], [-88.288028, 42.0546574]], [[-88.288028, 42.0546574], [-88.2880243, 42.0544306], [-88.2883188, 42.054037], [-88.2882746, 42.053873], [-88.2882255, 42.0538138]], [[-88.2882255, 42.0538138], [-88.2881968, 42.0538151], [-88.2881154, 42.0538147]], [[-88.2881154, 42.0538147], [-88.2881308, 42.0537959], [-88.2882038, 42.053689], [-88.2883009, 42.0535091], [-88.2885376, 42.053065], [-88.2886179, 42.052928], [-88.2887156, 42.0527309], [-88.2888152, 42.0525008], [-88.2889347, 42.0522038], [-88.2890182, 42.051955], [-88.2891079, 42.0516403], [-88.2891828, 42.0512596], [-88.2892609, 42.0507463], [-88.2892432, 42.0500064], [-88.2892388, 42.0499505], [-88.2892321, 42.0498734], [-88.2892014, 42.049392], [-88.2890619, 42.0487826], [-88.2888729, 42.0481514], [-88.2887061, 42.0476441], [-88.2886913, 42.0476169], [-88.2884117, 42.047103], [-88.2878452, 42.0460959], [-88.2869375, 42.0444346]], [[-88.2869375, 42.0444346], [-88.2869361, 42.0442621], [-88.286931, 42.0440709], [-88.2869336, 42.0439391], [-88.2869352, 42.0438567], [-88.2869358, 42.0438272], [-88.2869651, 42.0438272], [-88.2885305, 42.0438292], [-88.288608, 42.0438259], [-88.2886789, 42.0438114], [-88.2887595, 42.0437751], [-88.2888027, 42.043747], [-88.2888409, 42.0437221], [-88.2888962, 42.0436654], [-88.2889117, 42.0436322]], [[-88.2889117, 42.0436322], [-88.2889572, 42.0434895], [-88.2889465, 42.0433796], [-88.288931, 42.0432197]], [[-88.288931, 42.0432197], [-88.2889176, 42.0431823], [-88.288916, 42.0431562], [-88.2889127, 42.043105], [-88.2889074, 42.0430199], [-88.2888971, 42.0429181], [-88.2888932, 42.0428981], [-88.2888785, 42.0428236], [-88.2888688, 42.0427743], [-88.2888679, 42.0427717], [-88.2888566, 42.0427254], [-88.2888499, 42.0426979], [-88.2888451, 42.0426783], [-88.2888431, 42.042637]], [[-88.2888431, 42.042637], [-88.2888117, 42.0425491], [-88.2888007, 42.0425209], [-88.2887652, 42.0424185], [-88.2887597, 42.0423863], [-88.2887546, 42.0423266], [-88.2887545, 42.0422733]], [[-88.2887545, 42.0422733], [-88.2887414, 42.0421663], [-88.2887233, 42.0421231], [-88.2886995, 42.0420824], [-88.2886531, 42.0420278], [-88.2886056, 42.0419883], [-88.2885191, 42.0419434], [-88.2884186, 42.0419086]], [[-88.2884186, 42.0419086], [-88.2883615, 42.041908], [-88.2875455, 42.0418996], [-88.287089, 42.0418987], [-88.2870035, 42.0418985]], [[-88.2870035, 42.0418985], [-88.2870044, 42.0418243], [-88.2870049, 42.0417877]], [[-88.2870049, 42.0417877], [-88.2870078, 42.0417468]], [[-88.2870078, 42.0417468], [-88.2870106, 42.0416826], [-88.2870134, 42.0416199]], [[-88.2870112, 42.0415902], [-88.2870134, 42.0416199]], [[-88.2870112, 42.0415902], [-88.2876064, 42.0415931], [-88.2876997, 42.0415944]], [[-88.287804, 42.0415967], [-88.2877528, 42.0415954], [-88.2876997, 42.0415944]], [[-88.287804, 42.0415967], [-88.287826, 42.0415974], [-88.2880147, 42.0416154], [-88.2881828, 42.0416416], [-88.2883418, 42.0416736], [-88.2883486, 42.041675], [-88.288399, 42.0416797], [-88.2884541, 42.0416746], [-88.288507, 42.041657], [-88.2885393, 42.0416354], [-88.2885589, 42.0416116], [-88.2885705, 42.0415844], [-88.2885767, 42.0415437], [-88.2885464, 42.0412812], [-88.2885352, 42.0412129], [-88.2885517, 42.041199]], [[-88.2885517, 42.041199], [-88.2885509, 42.0411721], [-88.2885459, 42.0411483], [-88.2885192, 42.0410872], [-88.2884799, 42.0410247], [-88.2884421, 42.0409696], [-88.2883893, 42.0409115], [-88.2883151, 42.0408634]], [[-88.2883151, 42.0408634], [-88.288252, 42.0408353], [-88.2882023, 42.0407992], [-88.2881672, 42.0407506], [-88.2881175, 42.0406182], [-88.2880386, 42.0404735], [-88.2879636, 42.0403922]], [[-88.2879636, 42.0403922], [-88.2879003, 42.0403493], [-88.28785, 42.0403159], [-88.2878091, 42.0402875], [-88.287724, 42.0402202]], [[-88.287724, 42.0402202], [-88.2876332, 42.0400879], [-88.287452, 42.0398239], [-88.2873986, 42.0397467], [-88.2873562, 42.039632], [-88.2873343, 42.0395729], [-88.2873291, 42.0395588], [-88.287314, 42.0394932], [-88.287309, 42.0394363], [-88.2872679, 42.0393607], [-88.287261, 42.0393522], [-88.2872055, 42.0392831], [-88.2870595, 42.0391556], [-88.2869898, 42.0390956], [-88.2869096, 42.0389817], [-88.2868924, 42.0389596], [-88.2868317, 42.0388819], [-88.2867946, 42.0388373], [-88.2867677, 42.038805], [-88.2866407, 42.0386316], [-88.2863983, 42.0383767], [-88.2863637, 42.0383258], [-88.2863285, 42.0382738], [-88.2862378, 42.0381078], [-88.2861347, 42.0379761]], [[-88.2861347, 42.0379761], [-88.2859835, 42.0377829]], [[-88.2859835, 42.0377829], [-88.28557, 42.0372545]], [[-88.28557, 42.0372545], [-88.2854165, 42.0370583]], [[-88.2854165, 42.0370583], [-88.2851299, 42.0367233], [-88.2851027, 42.036652], [-88.2849916, 42.0365241], [-88.2847153, 42.0362088], [-88.2846657, 42.0361523], [-88.2845682, 42.0360409], [-88.2845185, 42.0359842], [-88.2845157, 42.035981], [-88.2840129, 42.0354051], [-88.2839621, 42.0353469], [-88.2838664, 42.0352373], [-88.2838146, 42.0351779], [-88.2833566, 42.0346534], [-88.2833057, 42.0346002], [-88.2832993, 42.0345935], [-88.2832673, 42.0345574], [-88.2832522, 42.0345475], [-88.283235, 42.0345389], [-88.2832223, 42.0345347], [-88.2832061, 42.0345317], [-88.283195, 42.0345284], [-88.283126, 42.0344545], [-88.2831191, 42.0344495], [-88.2831109, 42.0344466], [-88.2830936, 42.0344444], [-88.2830133, 42.034434], [-88.2830056, 42.0344322], [-88.2829978, 42.034429], [-88.2829865, 42.0344155]], [[-88.2829865, 42.0344155], [-88.2829616, 42.0343874], [-88.2826585, 42.0340458], [-88.2824663, 42.0338291], [-88.2822812, 42.0336205], [-88.2820191, 42.033325], [-88.2819523, 42.0332503], [-88.2818581, 42.033145], [-88.2815224, 42.0327696], [-88.2813368, 42.032562], [-88.2811495, 42.0323526], [-88.2810083, 42.0321946], [-88.2807753, 42.0319266], [-88.2807021, 42.0319641], [-88.2806209, 42.0320039]], [[-88.2806209, 42.0320039], [-88.2805848, 42.0319631], [-88.2805544, 42.031918], [-88.28054, 42.031892], [-88.2804969, 42.0317988], [-88.2804715, 42.0317452], [-88.2803962, 42.0316558], [-88.2803625, 42.0316158], [-88.280309, 42.0315425], [-88.2802467, 42.0314416], [-88.2801302, 42.0313249]], [[-88.2801302, 42.0313249], [-88.2801108, 42.0313053]], [[-88.2801108, 42.0313053], [-88.2799505, 42.0311434], [-88.2799417, 42.0311345]], [[-88.2799417, 42.0311345], [-88.2798404, 42.0310345], [-88.2796568, 42.0308532], [-88.2796402, 42.0308331], [-88.2795906, 42.0307732], [-88.2795524, 42.030727], [-88.2795223, 42.0306889], [-88.2794775, 42.0306099], [-88.2794523, 42.0305317], [-88.2794288, 42.0304647], [-88.2794021, 42.0304247], [-88.279379, 42.0303922], [-88.279351, 42.0303618], [-88.2793455, 42.0303558], [-88.2788359, 42.029987], [-88.2788042, 42.0299401], [-88.2787944, 42.0299255]], [[-88.2787944, 42.0299255], [-88.2787536, 42.0298594], [-88.2787193, 42.0298076]], [[-88.2787193, 42.0298076], [-88.2787137, 42.0297997], [-88.2786969, 42.0297762], [-88.278684, 42.029748], [-88.2786566, 42.0296392], [-88.2786162, 42.0295445], [-88.2785504, 42.0294218], [-88.2784569, 42.0292907], [-88.2783517, 42.0291433], [-88.2782699, 42.0290445], [-88.2781878, 42.028956], [-88.2781675, 42.0289309], [-88.2781187, 42.0288699], [-88.278072, 42.0287927], [-88.2779259, 42.0285005], [-88.2778609, 42.0283909], [-88.2777984, 42.028318], [-88.277769, 42.0282798], [-88.2776162, 42.0281375], [-88.2775583, 42.0280782], [-88.2774032, 42.0278229], [-88.2773244, 42.027704], [-88.2771102, 42.0273983], [-88.2768543, 42.0270449], [-88.276656, 42.0267576], [-88.2766113, 42.0266959], [-88.276456, 42.0264649], [-88.2762973, 42.0262225], [-88.2762234, 42.0260977], [-88.2759948, 42.0257363], [-88.2759379, 42.0256471], [-88.2758903, 42.0255567], [-88.2757541, 42.0253459], [-88.275678, 42.0252205], [-88.2754648, 42.0248518], [-88.2751892, 42.0243331], [-88.2751092, 42.0241766], [-88.274987, 42.0238767], [-88.2749214, 42.0237257], [-88.2748629, 42.0235687], [-88.2748153, 42.0234168], [-88.2747295, 42.023128], [-88.2746885, 42.0229711], [-88.2746255, 42.0226697], [-88.274591, 42.0224625], [-88.2745786, 42.0223352], [-88.2745501, 42.0218692], [-88.2745405, 42.0215391], [-88.2745511, 42.0212648], [-88.2746305, 42.0204615], [-88.2746445, 42.0203631], [-88.274657, 42.0203115], [-88.2747351, 42.0199895], [-88.2747495, 42.0199302], [-88.2747884, 42.019695], [-88.2747857, 42.0194719], [-88.2747737, 42.0193154], [-88.2747401, 42.019161], [-88.2746878, 42.0190305], [-88.2746409, 42.0189378], [-88.2745685, 42.0188063], [-88.2745229, 42.0187525], [-88.274374, 42.0186479], [-88.2742909, 42.018606], [-88.2742225, 42.0185662], [-88.2737558, 42.0180361], [-88.2733153, 42.0174963], [-88.2731819, 42.0173806], [-88.273068, 42.0173058], [-88.2729633, 42.0172356], [-88.2729206, 42.0171956], [-88.2729044, 42.0171608], [-88.2729013, 42.017105], [-88.2729105, 42.017043], [-88.2729274, 42.0169799], [-88.272974, 42.0167922], [-88.2729839, 42.0167523], [-88.2729845, 42.016747], [-88.2729974, 42.0166356], [-88.2730013, 42.0166015], [-88.2730311, 42.0160774], [-88.2731497, 42.0158593], [-88.2732943, 42.0157756], [-88.2733412, 42.0157622], [-88.2734987, 42.0157141], [-88.2738649, 42.0152276], [-88.2743216, 42.0144711], [-88.2744246, 42.0142996], [-88.2746383, 42.0140559]], [[-88.2746383, 42.0140559], [-88.2747074, 42.0138948]], [[-88.2747074, 42.0138948], [-88.2747614, 42.0137265], [-88.2747941, 42.0136244]], [[-88.2754291, 42.0135642], [-88.2753202, 42.0135637], [-88.2751906, 42.0135877], [-88.2751197, 42.0135921], [-88.2750121, 42.0135745], [-88.2748628, 42.0135825]], [[-88.2754291, 42.0135642], [-88.275432, 42.0136019], [-88.2754492, 42.0136227], [-88.2754794, 42.0136311], [-88.2755145, 42.0136335], [-88.2755459, 42.0136251], [-88.2755686, 42.0136087]], [[-88.2756268, 42.013626], [-88.2755686, 42.0136087]], [[-88.275867, 42.0136981], [-88.2756268, 42.013626]], [[-88.275867, 42.0136981], [-88.2759789, 42.0137429]], [[-88.2760732, 42.0137145], [-88.2760413, 42.0137117], [-88.2760091, 42.0137172], [-88.2759878, 42.0137289], [-88.2759789, 42.0137429]], [[-88.2792948, 42.0102863], [-88.279009, 42.0104729], [-88.2786968, 42.0106377], [-88.2783764, 42.0109287], [-88.2780807, 42.0112359], [-88.2777904, 42.0114781], [-88.2773248, 42.0119379], [-88.2769825, 42.0123001], [-88.2768264, 42.012469], [-88.2765753, 42.0128205], [-88.2764192, 42.013073], [-88.2762488, 42.0133048], [-88.2761608, 42.0134117], [-88.2760676, 42.0135826], [-88.2760559, 42.0136516], [-88.2760732, 42.0137145]], [[-88.2792948, 42.0102863], [-88.2796017, 42.0100716], [-88.2799241, 42.0099239], [-88.2803677, 42.0097541], [-88.2805973, 42.0095996], [-88.2810007, 42.0092106], [-88.281447, 42.0089619], [-88.2818478, 42.0088713], [-88.2820736, 42.0087897], [-88.2825043, 42.0083925], [-88.2828031, 42.0082029], [-88.2830778, 42.0080945], [-88.2854782, 42.0066396], [-88.2862413, 42.0061986], [-88.2870037, 42.0057512], [-88.2879089, 42.0051772], [-88.2883502, 42.0048533], [-88.2885914, 42.0046473], [-88.2888182, 42.00451], [-88.2890688, 42.0042359], [-88.2896439, 42.0036109], [-88.2902618, 42.0028838], [-88.2906652, 42.0022906], [-88.2909399, 42.001825], [-88.291206, 42.0013211], [-88.2914205, 42.0007981], [-88.2916531, 42.0001264], [-88.2916995, 41.9998215], [-88.2918224, 41.9991821], [-88.291854, 41.9989781], [-88.291884, 41.9986868], [-88.2919012, 41.9983105], [-88.2919191, 41.9978142], [-88.2919463, 41.9977943], [-88.2919784, 41.9977809], [-88.2920116, 41.9977917], [-88.292043, 41.9978115], [-88.2920591, 41.9980165], [-88.2920903, 41.9980378], [-88.2921581, 41.9980377], [-88.2922617, 41.9980362], [-88.2925991, 41.9980241], [-88.2929827, 41.9980234], [-88.2930361, 41.9980159], [-88.2930966, 41.9979832]], [[-88.2930966, 41.9979832], [-88.2931051, 41.9979112], [-88.2931286, 41.9974106], [-88.2932013, 41.9969817], [-88.2931148, 41.9966552], [-88.2931206, 41.9964012], [-88.2932102, 41.9961696], [-88.293401, 41.9959926], [-88.2935287, 41.9957633], [-88.2936473, 41.9955756], [-88.2936607, 41.9951912], [-88.293658, 41.9951524], [-88.2936436, 41.9949488], [-88.2936422, 41.9948106], [-88.2937094, 41.9946596], [-88.2937801, 41.9943675]], [[-88.2937801, 41.9943675], [-88.2937595, 41.9941678], [-88.2936854, 41.9940781]], [[-88.2936854, 41.9940781], [-88.2934118, 41.9940303], [-88.2932961, 41.9940294], [-88.2931899, 41.9940386], [-88.2931173, 41.9940873], [-88.2930979, 41.9941465], [-88.2931006, 41.9941775], [-88.2931028, 41.9942025], [-88.2931244, 41.9942359], [-88.2932015, 41.9942861]], [[-88.293665, 41.9942895], [-88.2932015, 41.9942861]], [[-88.2950135, 41.9942958], [-88.293665, 41.9942895]], [[-88.2955207, 41.994208], [-88.2955318, 41.9941964], [-88.2955543, 41.994173], [-88.295547, 41.9941491], [-88.2954851, 41.9941307], [-88.2953789, 41.9941807], [-88.2950993, 41.9941859], [-88.2950338, 41.9941728], [-88.2950056, 41.9941532], [-88.2950002, 41.9941254], [-88.2949913, 41.9940189], [-88.2950267, 41.9939781], [-88.2950338, 41.9938624], [-88.2950292, 41.9935465], [-88.2950285, 41.9934955], [-88.2949789, 41.9933416], [-88.2949843, 41.9932916], [-88.2950373, 41.9932666], [-88.2950453, 41.9931731], [-88.2950293, 41.99311], [-88.2949338, 41.9930193], [-88.2948842, 41.9929443], [-88.2948789, 41.992893], [-88.2949143, 41.9928325], [-88.2949639, 41.9927431], [-88.2949763, 41.9926655], [-88.2949532, 41.9925839], [-88.2948789, 41.9924761], [-88.2948471, 41.9923919], [-88.2948329, 41.9923051], [-88.2948223, 41.9922012], [-88.2947816, 41.9921367], [-88.2947055, 41.9920591], [-88.2946719, 41.9919868], [-88.2946931, 41.9918776], [-88.2947568, 41.9917698], [-88.2947791, 41.991685], [-88.2947412, 41.9915765], [-88.2946785, 41.9913522]], [[-88.2946785, 41.9913522], [-88.2946608, 41.9912334]], [[-88.2946608, 41.9912334], [-88.2946306, 41.9904898], [-88.2946134, 41.9899475], [-88.2947336, 41.9893861], [-88.2948109, 41.9890225], [-88.2948967, 41.9885951], [-88.2952046, 41.9879956], [-88.2953377, 41.9878567], [-88.2954085, 41.987739], [-88.2954208, 41.987526], [-88.2955318, 41.9871915], [-88.2955618, 41.9868727], [-88.295549, 41.9865472], [-88.2954203, 41.9863239], [-88.2953258, 41.9860049], [-88.2952658, 41.9856731], [-88.2952658, 41.9852265], [-88.2953173, 41.9849203], [-88.2952416, 41.9841957], [-88.2952252, 41.9840417], [-88.2952013, 41.9838149], [-88.2950914, 41.983471], [-88.2949009, 41.9816227], [-88.2948452, 41.9815516], [-88.2946478, 41.9812581], [-88.2945105, 41.9809646], [-88.2943846, 41.9808401], [-88.2943457, 41.9807643], [-88.2943731, 41.9806328], [-88.2944075, 41.9804414], [-88.2942959, 41.9801479], [-88.2942532, 41.9800346], [-88.2942827, 41.9799648], [-88.294394, 41.9798621], [-88.2944812, 41.9797425], [-88.2945619, 41.9794971], [-88.2944771, 41.978569], [-88.2943542, 41.9776503]], [[-88.2943542, 41.9776503], [-88.2942444, 41.9767917], [-88.2941757, 41.9763961], [-88.2939955, 41.9755091], [-88.2939526, 41.975222], [-88.2939475, 41.9749889], [-88.2939704, 41.9747983], [-88.2940272, 41.9744837], [-88.2940611, 41.9743129], [-88.2941592, 41.9740332], [-88.2941983, 41.9739619], [-88.2942841, 41.9737811], [-88.2943506, 41.9736278], [-88.2944144, 41.9734901], [-88.2944871, 41.9733579], [-88.2946134, 41.9731545], [-88.2946639, 41.9730831], [-88.2950139, 41.9725884], [-88.2955843, 41.9717821], [-88.2958134, 41.9714671], [-88.2962032, 41.9709126]], [[-88.2962032, 41.9709126], [-88.2967616, 41.9701285]], [[-88.2967616, 41.9701285], [-88.2969505, 41.969862], [-88.2970869, 41.9696576]], [[-88.2970869, 41.9696576], [-88.2977629, 41.968719]], [[-88.2977629, 41.968719], [-88.2996603, 41.9661349], [-88.3010125, 41.9641646], [-88.3015228, 41.9634034]], [[-88.3015228, 41.9634034], [-88.3015898, 41.963365], [-88.3017088, 41.9633144], [-88.301745, 41.9631999], [-88.3020701, 41.9626679], [-88.3021422, 41.9625503], [-88.3022223, 41.9624194], [-88.3023964, 41.9621347], [-88.3028194, 41.9614429], [-88.3030732, 41.96105], [-88.3030916, 41.9610215], [-88.3031805, 41.9608335], [-88.3035621, 41.9601714], [-88.3035158, 41.9601214], [-88.303502, 41.9601065]], [[-88.3069311, 41.9541849], [-88.3067868, 41.9545059], [-88.3062634, 41.9554464], [-88.306041, 41.955846], [-88.3058547, 41.9561501], [-88.3057028, 41.9563982], [-88.3056, 41.956566], [-88.3055372, 41.9566763], [-88.3052432, 41.9571925], [-88.305176, 41.957315], [-88.30497, 41.9576585], [-88.3041773, 41.9589804], [-88.3040185, 41.9592452], [-88.3036201, 41.9599096], [-88.303502, 41.9601065]], [[-88.3071795, 41.9542313], [-88.3071098, 41.9542303], [-88.3070562, 41.9542243], [-88.3069311, 41.9541849]], [[-88.3071795, 41.9542313], [-88.3073998, 41.9535485], [-88.3075087, 41.953415], [-88.307443, 41.9533108], [-88.3073849, 41.953222], [-88.3073862, 41.9531071], [-88.3075985, 41.952502], [-88.3076583, 41.9524226], [-88.3076835, 41.9523618], [-88.3078136, 41.951849], [-88.3082002, 41.9505161], [-88.3083526, 41.9500134], [-88.3083319, 41.9499762], [-88.3083213, 41.9499303], [-88.3083347, 41.9498736], [-88.3083341, 41.9498227], [-88.3083316, 41.949762], [-88.3083436, 41.9497042]], [[-88.3083436, 41.9497042], [-88.3085141, 41.9491132]], [[-88.3085141, 41.9491132], [-88.3090635, 41.9472528]], [[-88.3090635, 41.9472528], [-88.3090838, 41.9471853]], [[-88.3090838, 41.9471853], [-88.3094482, 41.9460084]], [[-88.3103358, 41.9431074], [-88.3101224, 41.9438465], [-88.3099782, 41.9443631], [-88.309877, 41.9446755], [-88.3097312, 41.9451928], [-88.3096304, 41.9455315], [-88.3094482, 41.9460084]], [[-88.3103358, 41.9431074], [-88.3113513, 41.9397135]], [[-88.3113513, 41.9397135], [-88.3115267, 41.9394871], [-88.3118118, 41.9393724], [-88.3119152, 41.9392278], [-88.3119829, 41.939023], [-88.3122867, 41.9386217], [-88.3123529, 41.9383722], [-88.3125214, 41.9380346], [-88.3128316, 41.937744], [-88.3130389, 41.9375409], [-88.3132185, 41.9370423], [-88.3133051, 41.9369541], [-88.3137509, 41.9366453], [-88.3137882, 41.9364889], [-88.3138098, 41.9361399], [-88.313788, 41.9359479], [-88.3138664, 41.935769], [-88.3138685, 41.935662], [-88.3139094, 41.9353762], [-88.3142876, 41.9350724], [-88.3143112, 41.9349554], [-88.3145037, 41.9345756], [-88.3146681, 41.9344348], [-88.3147286, 41.9343992], [-88.3149114, 41.9343494], [-88.3149875, 41.9343137], [-88.3151871, 41.9338728], [-88.3152351, 41.9337255], [-88.3152126, 41.9334944], [-88.3155154, 41.9330827], [-88.3156399, 41.9327932], [-88.3158098, 41.9321964], [-88.3160053, 41.9318906], [-88.3161801, 41.9317434], [-88.3162352, 41.9314682], [-88.3162444, 41.931244], [-88.3162255, 41.9311066], [-88.316246, 41.9309297], [-88.3163168, 41.9306749], [-88.3163164, 41.9305822], [-88.316402, 41.9300787], [-88.3164948, 41.9296374], [-88.3164947, 41.9294093], [-88.3164779, 41.9293095], [-88.3162749, 41.9289444], [-88.3163629, 41.9286049], [-88.3164298, 41.9284125], [-88.3164198, 41.9282806], [-88.3163748, 41.9280855], [-88.3163834, 41.9277101], [-88.3163091, 41.9275036], [-88.3160552, 41.9272291], [-88.316005, 41.9271749], [-88.315931, 41.9270949], [-88.3158456, 41.9270445], [-88.3157738, 41.9270021], [-88.3152688, 41.9269175], [-88.3147588, 41.9268627], [-88.3143987, 41.9268421], [-88.3140435, 41.9268507], [-88.3132617, 41.9269489], [-88.3128179, 41.9269133], [-88.3120542, 41.9269127], [-88.3118467, 41.926822], [-88.3117532, 41.9268118]], [[-88.311521, 41.926051], [-88.3116943, 41.9266188], [-88.3117532, 41.9268118]], [[-88.3121202, 41.9201077], [-88.3121235, 41.9214162], [-88.312145, 41.922619], [-88.3120799, 41.9227775], [-88.3120248, 41.9229333], [-88.3119089, 41.9232148], [-88.311794, 41.923494], [-88.311776, 41.923528], [-88.3115926, 41.9237432], [-88.311522, 41.923826], [-88.311521, 41.926051]], [[-88.3114037, 41.9170323], [-88.3115461, 41.9175758], [-88.311564, 41.917644], [-88.311754, 41.918342], [-88.3120574, 41.919466], [-88.3121333, 41.9198796], [-88.3121202, 41.9201077]], [[-88.3112876, 41.9166105], [-88.3114037, 41.9170323]], [[-88.3109976, 41.9155585], [-88.3110175, 41.9156304], [-88.3111912, 41.9162587], [-88.3112119, 41.9163342], [-88.3112876, 41.9166105]], [[-88.3119371, 41.9154163], [-88.3118428, 41.9154306], [-88.3117576, 41.9154435], [-88.3110892, 41.9155446], [-88.3109976, 41.9155585]], [[-88.3128957, 41.9152754], [-88.3127913, 41.9152919], [-88.3126473, 41.9153146], [-88.3120274, 41.9154034], [-88.3119371, 41.9154163]], [[-88.3125044, 41.9138493], [-88.31253, 41.9139509], [-88.3127022, 41.9145753], [-88.3127271, 41.9146655], [-88.3128787, 41.9152138], [-88.3128957, 41.9152754]], [[-88.3125044, 41.9138493], [-88.3124735, 41.9137408], [-88.3122947, 41.9131121], [-88.31215, 41.912592], [-88.3120547, 41.9124883], [-88.312036, 41.912468], [-88.3119866, 41.9124032]], [[-88.3120009, 41.9122847], [-88.3119491, 41.9122666], [-88.3118899, 41.9122372], [-88.311856, 41.9121921], [-88.3117453, 41.9120449], [-88.3115662, 41.9118338], [-88.3112542, 41.9115149], [-88.3110449, 41.911323], [-88.3109101, 41.9112248], [-88.3107989, 41.9110995], [-88.3103205, 41.910646], [-88.3099953, 41.9103434], [-88.3097593, 41.910143], [-88.3091961, 41.9097007], [-88.3087498, 41.9093242], [-88.3086632, 41.9092527], [-88.3080803, 41.9087681], [-88.307325, 41.9081102], [-88.3066898, 41.9074139], [-88.3063208, 41.9069604], [-88.3060547, 41.9065771], [-88.30578, 41.9061236], [-88.3054968, 41.9056125], [-88.3050676, 41.9050249], [-88.3047501, 41.9046799], [-88.3042608, 41.9042136], [-88.304175, 41.904105], [-88.3040119, 41.9037984], [-88.3037424, 41.9034536], [-88.3036581, 41.9033559], [-88.3033521, 41.9034861], [-88.3032406, 41.9035151], [-88.3031868, 41.9035312], [-88.302369, 41.9035549], [-88.3022062, 41.9035407], [-88.3021161, 41.9034902], [-88.300819, 41.9016775], [-88.3007589, 41.9015114], [-88.3008619, 41.9013389], [-88.3010679, 41.9011536], [-88.3013082, 41.9010003], [-88.3012138, 41.9007959], [-88.3011209, 41.9004381], [-88.3010674, 41.9002197], [-88.3011239, 41.9001537], [-88.3012126, 41.9000673], [-88.3013652, 41.9000019], [-88.3015601, 41.899918], [-88.301707, 41.8998684], [-88.3018036, 41.8998154], [-88.3018747, 41.8997643], [-88.3019478, 41.8997005], [-88.3019964, 41.8996209], [-88.3020406, 41.8995374], [-88.302062, 41.8994572], [-88.3020826, 41.8993763], [-88.3021152, 41.8993039], [-88.302167, 41.8991966], [-88.3021981, 41.8991056], [-88.3022093, 41.8990284], [-88.302195, 41.8989456], [-88.3022, 41.8988599], [-88.3022217, 41.8987476], [-88.302247, 41.8986375], [-88.3022602, 41.898545], [-88.3022596, 41.8984527], [-88.3022375, 41.8983836], [-88.302208, 41.8983445], [-88.3021556, 41.8983204], [-88.3020946, 41.8983084], [-88.3015905, 41.898308], [-88.3014621, 41.8980508], [-88.3012335, 41.897764], [-88.3011765, 41.8976925], [-88.3011088, 41.8975586], [-88.301106, 41.8975493], [-88.3010586, 41.8973917], [-88.3010286, 41.8972671], [-88.3009943, 41.8970416], [-88.3009748, 41.8969768], [-88.3009452, 41.8969331], [-88.3009061, 41.8968855], [-88.300847, 41.896836], [-88.3008008, 41.8967823], [-88.3006467, 41.8965635], [-88.3006306, 41.896505], [-88.3006298, 41.896459], [-88.3006376, 41.8963507], [-88.3006279, 41.8962511], [-88.3006248, 41.8960241], [-88.3005716, 41.8957995], [-88.3005349, 41.8956699], [-88.3004647, 41.8955582], [-88.3004006, 41.8954753], [-88.3003545, 41.8954387], [-88.30028, 41.8953886], [-88.3001592, 41.8953373], [-88.3000387, 41.895297], [-88.2999286, 41.8952451], [-88.2998329, 41.8951812], [-88.2997621, 41.8951105]], [[-88.2995321, 41.8943879], [-88.2995432, 41.8944879], [-88.2995734, 41.8945782], [-88.2996216, 41.8946666], [-88.2996498, 41.894741], [-88.2997048, 41.8949551], [-88.2997621, 41.8951105]], [[-88.2995375, 41.8943269], [-88.2995321, 41.8943879]], [[-88.3011623, 41.8880606], [-88.3011507, 41.8880967], [-88.3010716, 41.888241], [-88.300851, 41.8885195], [-88.3008025, 41.8885835], [-88.3007318, 41.8886049], [-88.3005086, 41.8886016], [-88.3002883, 41.8885959], [-88.3000736, 41.8901547], [-88.3000461, 41.8902855], [-88.3000552, 41.890298], [-88.3000716, 41.8903204], [-88.3002037, 41.8904073], [-88.3002774, 41.8904687], [-88.3003214, 41.8905352], [-88.30037, 41.8906589], [-88.3004351, 41.8908009], [-88.300431, 41.8909019], [-88.3003807, 41.8910322], [-88.3003626, 41.8912124], [-88.3003365, 41.8913906], [-88.3003204, 41.8915993], [-88.3002057, 41.8921449], [-88.3001259, 41.8922702], [-88.3000293, 41.8923865], [-88.299967, 41.8924613], [-88.2999033, 41.8925717], [-88.2998342, 41.8927329], [-88.2997551, 41.8929495], [-88.2996485, 41.8931372], [-88.2996981, 41.8932894], [-88.2996793, 41.8934442], [-88.2997356, 41.8936319], [-88.2997403, 41.8936858], [-88.2996062, 41.8940072], [-88.2995895, 41.8942293], [-88.2995375, 41.8943269]], [[-88.3016306, 41.8873213], [-88.3016175, 41.8873467], [-88.3012643, 41.8877436], [-88.3011623, 41.8880606]], [[-88.301865, 41.8864457], [-88.3018573, 41.8864776], [-88.3017322, 41.8869962], [-88.3017163, 41.8870512], [-88.3016622, 41.8872383], [-88.3016477, 41.8872883], [-88.3016306, 41.8873213]], [[-88.3019591, 41.8859003], [-88.301865, 41.8864457]], [[-88.3031711, 41.8823085], [-88.3031057, 41.8824726], [-88.3028105, 41.8832508], [-88.3027876, 41.8833532], [-88.3025616, 41.8838259], [-88.3024415, 41.8841646], [-88.3024239, 41.8842523], [-88.3024344, 41.8843524], [-88.3024143, 41.8844103], [-88.3023747, 41.8844935], [-88.3023264, 41.8845774], [-88.3023023, 41.8847103], [-88.3023073, 41.8848977], [-88.3023013, 41.8850262], [-88.3023121, 41.8851473], [-88.3022942, 41.885295], [-88.3021584, 41.8855559], [-88.3019857, 41.8857477], [-88.3019591, 41.8859003]], [[-88.3032264, 41.8819731], [-88.3031711, 41.8823085]], [[-88.3041379, 41.8775666], [-88.3041278, 41.8775807], [-88.3040996, 41.8777265], [-88.3041033, 41.8778506], [-88.3041095, 41.8779506], [-88.3040916, 41.8780251], [-88.3040538, 41.8781468], [-88.3038936, 41.8799388], [-88.3038841, 41.8801468], [-88.3039115, 41.8802789], [-88.3039029, 41.8804906], [-88.3038935, 41.8806761], [-88.3037987, 41.8808724], [-88.3036602, 41.8811101], [-88.3035371, 41.8813413], [-88.3033915, 41.8815428], [-88.3032867, 41.8816216], [-88.3032525, 41.8816984], [-88.3032264, 41.8819731]], [[-88.3041763, 41.8775137], [-88.3041379, 41.8775666]], [[-88.3058524, 41.8735029], [-88.3058458, 41.8735393], [-88.3052481, 41.8745276], [-88.3045735, 41.8756549], [-88.3041447, 41.8763684], [-88.3040544, 41.8765176], [-88.3040288, 41.8766001], [-88.3040742, 41.8767235], [-88.3040837, 41.8767803], [-88.3040833, 41.8768408], [-88.3039983, 41.8770461], [-88.3039858, 41.8771273], [-88.3040249, 41.8771852], [-88.3040714, 41.8772302], [-88.3041297, 41.8772787], [-88.3041881, 41.877342], [-88.3041934, 41.8774901], [-88.3041763, 41.8775137]], [[-88.3059199, 41.8733644], [-88.3058524, 41.8735029]], [[-88.3078966, 41.8699874], [-88.3076573, 41.8704577], [-88.3075711, 41.8706097], [-88.3074374, 41.8708272], [-88.3071536, 41.8713768], [-88.3060321, 41.8732129], [-88.3059199, 41.8733644]], [[-88.3078966, 41.8699874], [-88.3080967, 41.869522], [-88.3082164, 41.8692286], [-88.3084284, 41.8686543], [-88.308661, 41.86787], [-88.308839, 41.8671032], [-88.3089504, 41.8665933], [-88.3090933, 41.8661101], [-88.3091792, 41.8659056], [-88.3092993, 41.8655732], [-88.3095311, 41.8637131], [-88.3094967, 41.8633168], [-88.3093251, 41.8625561], [-88.3091277, 41.8616932], [-88.3089388, 41.8609197], [-88.3088702, 41.8605234], [-88.3086728, 41.8596284], [-88.3085268, 41.8595517], [-88.3083798, 41.8593642], [-88.3083552, 41.8590531], [-88.3084324, 41.8587463], [-88.3085097, 41.8585481], [-88.3083895, 41.8582412], [-88.308235, 41.8579663], [-88.3081749, 41.8576979], [-88.3080977, 41.8573974], [-88.3080376, 41.8569563], [-88.3078917, 41.8567517], [-88.3076943, 41.8565855], [-88.307514, 41.8562147], [-88.3073767, 41.8558567], [-88.3072222, 41.8554668], [-88.3070506, 41.8550704], [-88.3065159, 41.853871], [-88.3064674, 41.8537633], [-88.3063736, 41.8532374], [-88.3063143, 41.8528987], [-88.3062855, 41.8526859], [-88.3062633, 41.8525216], [-88.3062226, 41.8521881], [-88.3062107, 41.8520469], [-88.3061487, 41.8513118], [-88.3065745, 41.8512974]], [[-88.3065745, 41.8512974], [-88.3066093, 41.8512965]], [[-88.3066093, 41.8512965], [-88.3067424, 41.8512943], [-88.3077418, 41.851278]], [[-88.3077418, 41.851278], [-88.3078175, 41.851276], [-88.307872, 41.8512775], [-88.3079445, 41.8512878], [-88.3081749, 41.8514007], [-88.3082462, 41.8514058], [-88.3083048, 41.8514308]], [[-88.322942, 41.8067473], [-88.3229274, 41.8066952], [-88.3229148, 41.80665]], [[-88.3229614, 41.8067912], [-88.322946, 41.8067569], [-88.322942, 41.8067473]], [[-88.3089272, 41.8330872], [-88.3097093, 41.832913], [-88.3098686, 41.8328085], [-88.3099944, 41.8327196], [-88.3102019, 41.8325758], [-88.3103191, 41.8325371], [-88.3104552, 41.8325447], [-88.3106533, 41.8325679], [-88.3108991, 41.8325716], [-88.3110104, 41.832541], [-88.3111032, 41.8324617], [-88.3111875, 41.8323181], [-88.311224, 41.8321486], [-88.3111634, 41.8318942], [-88.3112432, 41.8309742], [-88.3112663, 41.8307498], [-88.3113218, 41.8306631], [-88.3115449, 41.8304198], [-88.3117416, 41.8301932], [-88.3126723, 41.829191], [-88.3130219, 41.8290929], [-88.3130791, 41.8290819], [-88.313168, 41.8290514], [-88.3132316, 41.8290151], [-88.3132805, 41.8289726], [-88.3133293, 41.8289245], [-88.3133829, 41.8288528], [-88.3134396, 41.8288009], [-88.3141633, 41.828297], [-88.3144093, 41.8281548], [-88.3144733, 41.8281211], [-88.3146201, 41.8280265], [-88.3146651, 41.8279711], [-88.3147146, 41.8278612], [-88.3148077, 41.8277669], [-88.3148874, 41.8277153], [-88.3150262, 41.8276254], [-88.3151343, 41.8275445], [-88.3152304, 41.8275021], [-88.315354, 41.8274546], [-88.3155338, 41.8274062], [-88.3156873, 41.8273747], [-88.3157678, 41.8273411], [-88.3159223, 41.8272405], [-88.3161381, 41.8271144], [-88.3163533, 41.8269887], [-88.3165225, 41.8268899], [-88.3167515, 41.8266932], [-88.3168427, 41.8265822], [-88.3168985, 41.8264276], [-88.3170065, 41.8261763], [-88.3170256, 41.8261178], [-88.3170561, 41.8260243], [-88.3171351, 41.8259145], [-88.3172526, 41.8257695], [-88.3174069, 41.8254892], [-88.3174409, 41.8254265], [-88.317574, 41.8251813], [-88.317692, 41.8251048], [-88.3178556, 41.8250371], [-88.3180644, 41.8249584], [-88.3182278, 41.8249279], [-88.3183236, 41.8249392], [-88.3183846, 41.8249464], [-88.3184231, 41.8249509], [-88.3185296, 41.8249564], [-88.3186985, 41.824918], [-88.318832, 41.8248541], [-88.3189215, 41.8247566], [-88.3189683, 41.8246428], [-88.3190863, 41.8243264], [-88.3191033, 41.8239109], [-88.3190788, 41.8238543], [-88.3190174, 41.8237127], [-88.3190269, 41.8230515], [-88.3190457, 41.8229441], [-88.3191539, 41.8228003], [-88.3193436, 41.8225677], [-88.3193966, 41.8224539], [-88.3194276, 41.8223334], [-88.3194799, 41.8222251], [-88.3195726, 41.8221364], [-88.3197406, 41.8219957], [-88.3198851, 41.8218463], [-88.3199722, 41.8217546], [-88.3199917, 41.8217203], [-88.3200387, 41.8216508], [-88.320166, 41.8215134], [-88.320197, 41.8214666], [-88.3204072, 41.8211494], [-88.320669, 41.82084], [-88.3207194, 41.8207396], [-88.3207522, 41.8204597], [-88.3207649, 41.8204117], [-88.3207792, 41.8203818], [-88.3207957, 41.8203505], [-88.3208324, 41.8202993], [-88.3208667, 41.820268], [-88.3209015, 41.8202328], [-88.3209319, 41.8201751], [-88.3209778, 41.8201013], [-88.321012, 41.8200504], [-88.3210512, 41.8200022], [-88.3211151, 41.8199356], [-88.3211875, 41.819857], [-88.3212939, 41.8197341], [-88.3213469, 41.8196792], [-88.3213667, 41.8196588], [-88.3214258, 41.8196014], [-88.3214627, 41.8195709], [-88.3214973, 41.819539], [-88.3215284, 41.8195083], [-88.3215425, 41.8194731], [-88.3215518, 41.8194185], [-88.3216533, 41.8192587], [-88.3217348, 41.8191278], [-88.321814, 41.8189997], [-88.3218767, 41.8189146], [-88.3218965, 41.8188789], [-88.3219153, 41.8188372], [-88.3219428, 41.8187884], [-88.3219873, 41.8187301], [-88.3220315, 41.8186798], [-88.3220774, 41.8186303], [-88.3221147, 41.8185849], [-88.322169, 41.8185287], [-88.3222122, 41.8184882], [-88.3222434, 41.8184725], [-88.3222584, 41.8184614], [-88.3222683, 41.8184506], [-88.3222759, 41.8184345], [-88.3222866, 41.8184005], [-88.3223161, 41.8183225], [-88.3223759, 41.818246], [-88.322401, 41.8182161], [-88.3224328, 41.8181887], [-88.3224638, 41.818163], [-88.3224988, 41.8181433], [-88.3225431, 41.8181122], [-88.3225766, 41.8180736], [-88.3226154, 41.8180109], [-88.3226405, 41.8179619], [-88.3226739, 41.81792], [-88.3226938, 41.8178933], [-88.3227315, 41.8178589], [-88.3227827, 41.8178162], [-88.3228332, 41.8177787], [-88.3228575, 41.8177589], [-88.322906, 41.8177348], [-88.3229994, 41.8176951], [-88.3230496, 41.8176776], [-88.323088, 41.8176642], [-88.323138, 41.8176431], [-88.3231722, 41.8176178], [-88.3232101, 41.8175473], [-88.3232335, 41.8173842], [-88.3232493, 41.817299], [-88.3233373, 41.8171841], [-88.323382, 41.8171237], [-88.3234971, 41.8169462], [-88.3236953, 41.8167495], [-88.3237548, 41.8166739], [-88.3238461, 41.8166099], [-88.3238851, 41.8165825], [-88.3239168, 41.8165359], [-88.3239504, 41.8163603], [-88.3240013, 41.8160548], [-88.3240453, 41.8158502], [-88.3240449, 41.8157315], [-88.324036, 41.8155318], [-88.3239619, 41.8151258], [-88.3238732, 41.8147745], [-88.3238228, 41.8145181], [-88.3237745, 41.8141843], [-88.3237521, 41.8140373], [-88.3236179, 41.8137073], [-88.3235555, 41.8135217], [-88.3235439, 41.8133857], [-88.323442, 41.812988], [-88.3234049, 41.8127647], [-88.3233794, 41.8125465], [-88.323386, 41.8123844], [-88.3233601, 41.8122501], [-88.323264, 41.8119316], [-88.3232359, 41.8117637], [-88.3232448, 41.8116479], [-88.3233199, 41.8114016], [-88.3233713, 41.811218], [-88.3234007, 41.8110144], [-88.3234164, 41.810855], [-88.3234105, 41.8107117], [-88.3233742, 41.8103709], [-88.3233572, 41.8102315], [-88.3233202, 41.8100947], [-88.3232119, 41.8098202], [-88.3231281, 41.8096225], [-88.3230489, 41.8093676], [-88.3229703, 41.8091178], [-88.3228367, 41.8087662], [-88.322811, 41.8087022], [-88.3227983, 41.8086245], [-88.3228024, 41.8085647], [-88.3228363, 41.8084899], [-88.3229104, 41.8083826], [-88.3231776, 41.8079892], [-88.323386, 41.807746], [-88.3234381, 41.8076747], [-88.3234772, 41.8075705], [-88.3234921, 41.8074126], [-88.3235001, 41.8072745], [-88.3234862, 41.8071848], [-88.3234843, 41.8071725], [-88.3234155, 41.8070541], [-88.323401, 41.8070379], [-88.3232822, 41.8069052], [-88.323211, 41.8068502], [-88.3230702, 41.806835], [-88.3230038, 41.8068241], [-88.3229758, 41.8068164], [-88.3229614, 41.8067912]], [[-88.3088774, 41.8331646], [-88.3089272, 41.8330872]], [[-88.3082923, 41.8339424], [-88.3083875, 41.8338835], [-88.3084816, 41.8337825], [-88.3088774, 41.8331646]], [[-88.308074, 41.8356275], [-88.3082223, 41.8347237], [-88.3082873, 41.8342011], [-88.3082923, 41.8339424]], [[-88.3080025, 41.8373472], [-88.3081513, 41.8371175], [-88.3083143, 41.8369576], [-88.3084555, 41.8368498], [-88.3084944, 41.8367639], [-88.3085105, 41.836684], [-88.3085836, 41.8362963], [-88.3086245, 41.8361111], [-88.3086501, 41.8360463], [-88.3086667, 41.836003], [-88.3086748, 41.835979], [-88.3086689, 41.8359583], [-88.3086567, 41.8359491], [-88.3086231, 41.8359456], [-88.3085719, 41.8359313], [-88.3084862, 41.8359216], [-88.3082933, 41.8358742], [-88.308172, 41.8358138], [-88.3081045, 41.8357198], [-88.308074, 41.8356275]], [[-88.3074217, 41.8390615], [-88.3075848, 41.8388952], [-88.3077192, 41.8385205], [-88.3078319, 41.8381328], [-88.3080025, 41.8373472]], [[-88.3063671, 41.8453473], [-88.3072345, 41.840361], [-88.3073121, 41.8396809], [-88.3074217, 41.8390615]], [[-88.3067604, 41.8496575], [-88.3066616, 41.8487764], [-88.3065885, 41.8486241], [-88.3065273, 41.8485259], [-88.3063059, 41.8458969], [-88.3063671, 41.8453473]], [[-88.3067376, 41.8513325], [-88.3067424, 41.8512943], [-88.3068378, 41.8506554], [-88.3068509, 41.8504159], [-88.3068387, 41.8501839], [-88.3068314, 41.8500978], [-88.3068175, 41.8499341], [-88.3068133, 41.8498849], [-88.3068047, 41.8498121], [-88.3067727, 41.8497005], [-88.3067604, 41.8496575]], [[-88.3065767, 41.8513345], [-88.3067376, 41.8513325]], [[-88.3065745, 41.8512974], [-88.3065767, 41.8513345]], [[-88.3078148, 41.7707166], [-88.3078185, 41.7708071], [-88.3078196, 41.7708841], [-88.3079045, 41.7708848]], [[-88.308154, 41.8700665], [-88.3078966, 41.8699874], [-88.3078356, 41.869965], [-88.3077048, 41.869958], [-88.3076323, 41.8699871]], [[-88.30896, 41.870299], [-88.308154, 41.8700665]], [[-88.3094601, 41.8704671], [-88.3094476, 41.8704352], [-88.309371, 41.8703893], [-88.30896, 41.870299]], [[-88.3149888, 41.7607608], [-88.3147674, 41.7606675], [-88.3145682, 41.7605773], [-88.314371, 41.7604879], [-88.3142439, 41.7604309], [-88.3141822, 41.7603978], [-88.314141, 41.7603552], [-88.3140941, 41.7603206], [-88.3139879, 41.7602995], [-88.3138374, 41.7602316]], [[-88.3086141, 41.7707028], [-88.3087204, 41.7707025]], [[-88.3087204, 41.7707025], [-88.3087655, 41.7707024], [-88.3088163, 41.7707016]], [[-88.3088163, 41.7707016], [-88.30923, 41.7706949]], [[-88.30923, 41.7706949], [-88.3107091, 41.7706762]], [[-88.3079501, 41.7707092], [-88.3086141, 41.7707028]], [[-88.3078148, 41.7707166], [-88.3079501, 41.7707092]], [[-88.3090933, 41.7672436], [-88.3090303, 41.7674908], [-88.3088616, 41.7677841], [-88.3084515, 41.768465], [-88.3081578, 41.76904], [-88.3080029, 41.7693922], [-88.3079215, 41.7696296], [-88.3078781, 41.7697496], [-88.3078532, 41.7698188], [-88.3078763, 41.7699411], [-88.3078997, 41.7701028], [-88.3078989, 41.770243], [-88.3078599, 41.7704209], [-88.307806, 41.7705613], [-88.3078148, 41.7707166]], [[-88.309151, 41.7670168], [-88.3090933, 41.7672436]], [[-88.3103398, 41.7610875], [-88.3102859, 41.7611569], [-88.3102229, 41.7612161], [-88.3101749, 41.761304], [-88.3101296, 41.7613853], [-88.3100753, 41.7614415], [-88.3100195, 41.7614841], [-88.3099656, 41.7615204], [-88.309907, 41.7615314], [-88.3097135, 41.7615442], [-88.309628, 41.7615716], [-88.3095782, 41.7616125], [-88.3095881, 41.7616332], [-88.3096406, 41.7617435], [-88.3095975, 41.7618185], [-88.3095896, 41.7619101], [-88.3096927, 41.7621205], [-88.3097452, 41.7622827], [-88.3098144, 41.7624745], [-88.3098142, 41.7626148], [-88.3097545, 41.7627549], [-88.3097207, 41.7629369], [-88.309656, 41.7632838], [-88.3095052, 41.763742], [-88.3094064, 41.7639676], [-88.3093814, 41.7640384], [-88.3093431, 41.7641468], [-88.3093164, 41.7642224], [-88.3092816, 41.7643981], [-88.3092435, 41.7646234], [-88.3092493, 41.764858], [-88.3093154, 41.7650183], [-88.3094212, 41.765283], [-88.3094509, 41.765397], [-88.3094531, 41.7655054], [-88.3094594, 41.7656625], [-88.3094769, 41.7657864], [-88.3095667, 41.7659854], [-88.3095917, 41.7661002], [-88.3095764, 41.766197], [-88.3095225, 41.7663128], [-88.309151, 41.7670168]], [[-88.3104291, 41.7609606], [-88.3103398, 41.7610875]], [[-88.3117742, 41.7584495], [-88.3119505, 41.7585424], [-88.3120723, 41.7586196], [-88.3121544, 41.7586768], [-88.3121894, 41.7587121], [-88.3122062, 41.7587691], [-88.3122079, 41.7587994], [-88.3121888, 41.7588401], [-88.3120436, 41.7589774], [-88.3119445, 41.7590805], [-88.3119388, 41.7590945], [-88.3119308, 41.7591142], [-88.3119414, 41.7591925], [-88.3119505, 41.7592623], [-88.3119512, 41.7592678], [-88.3119151, 41.7593706], [-88.3118046, 41.7595005], [-88.3116947, 41.7596443], [-88.3116501, 41.7597166], [-88.31151, 41.7598589], [-88.3113378, 41.7600405], [-88.311188, 41.7601801], [-88.311006, 41.7603407], [-88.3108774, 41.7604694], [-88.3108097, 41.7605314], [-88.3105095, 41.7608524], [-88.3104291, 41.7609606]], [[-88.3104188, 41.8707357], [-88.3094601, 41.8704671]], [[-88.3090643, 41.8804158], [-88.3090563, 41.880408], [-88.3090335, 41.8803856], [-88.3089893, 41.8803623], [-88.3089229, 41.8803521], [-88.3088536, 41.8803583], [-88.3087678, 41.8803776], [-88.3086503, 41.8804408], [-88.3085267, 41.8804934], [-88.3084059, 41.8805177], [-88.3082962, 41.8805409], [-88.3081719, 41.8805798], [-88.3080894, 41.8806194], [-88.3078863, 41.880737], [-88.3075744, 41.880883], [-88.3074403, 41.8809509], [-88.3072847, 41.8809749], [-88.3071077, 41.8809281], [-88.3069199, 41.8808631], [-88.3067161, 41.880875], [-88.3065391, 41.8809469], [-88.3063299, 41.8810188], [-88.3059888, 41.8810195], [-88.3056832, 41.8809739], [-88.3053301, 41.8810343], [-88.3052677, 41.8811187], [-88.3052046, 41.8811729], [-88.3051282, 41.8812385], [-88.3048567, 41.8816482]], [[-88.3091287, 41.8805014], [-88.3090643, 41.8804158]], [[-88.3052631, 41.8822639], [-88.3052455, 41.882247], [-88.3050825, 41.8821548], [-88.3049698, 41.882079], [-88.3049028, 41.8820011], [-88.3048831, 41.8819107], [-88.3048567, 41.8816482]], [[-88.3052955, 41.882295], [-88.3052631, 41.8822639]], [[-88.304, 41.886324], [-88.3040105, 41.8862801], [-88.3042256, 41.885381], [-88.304244, 41.885304], [-88.304503, 41.884273], [-88.3047159, 41.8833611], [-88.304747, 41.883277], [-88.3052191, 41.8823382], [-88.3052955, 41.882295]], [[-88.3039726, 41.8864433], [-88.30398, 41.8864109], [-88.304, 41.886324]], [[-88.303758, 41.887379], [-88.3037753, 41.8873033], [-88.303853, 41.8869647], [-88.3038901, 41.886803], [-88.3039328, 41.8866317], [-88.3039345, 41.8866235], [-88.3039726, 41.8864433]], [[-88.303758, 41.887379], [-88.3037288, 41.8875087], [-88.3036635, 41.8877995]], [[-88.3036635, 41.8877995], [-88.3036242, 41.8879747]], [[-88.3036242, 41.8879747], [-88.303589, 41.888131]], [[-88.303589, 41.888131], [-88.3035764, 41.8881871]], [[-88.3032371, 41.8886017], [-88.3032762, 41.8884394], [-88.3033454, 41.8881519], [-88.3035, 41.8881755], [-88.3035764, 41.8881871]], [[-88.3028703, 41.8904386], [-88.302847, 41.890424], [-88.3028329, 41.8903938], [-88.3028154, 41.890025], [-88.3028179, 41.8899619], [-88.3028271, 41.8898957], [-88.3028134, 41.8897673], [-88.3028002, 41.889643], [-88.3028128, 41.8895976], [-88.3028511, 41.8894593], [-88.3028726, 41.8894234], [-88.3028806, 41.8893914], [-88.3028672, 41.8893036], [-88.3028779, 41.8892676], [-88.3030077, 41.8890838], [-88.3030292, 41.8890417], [-88.3031358, 41.8887934], [-88.3031744, 41.8887285], [-88.303217, 41.8886567], [-88.3032371, 41.8886017]], [[-88.3048567, 41.8816482], [-88.3047842, 41.8816522]], [[-88.3047842, 41.8816522], [-88.3033683, 41.8816965]], [[-88.3033683, 41.8816965], [-88.3032525, 41.8816984]], [[-88.3112247, 41.9075152], [-88.3120027, 41.9080561], [-88.312161, 41.9081619], [-88.3122282, 41.9082079], [-88.3122469, 41.9082358], [-88.3122523, 41.9082677], [-88.3122228, 41.9083156], [-88.3121631, 41.9083643], [-88.3117425, 41.9087356], [-88.3116648, 41.9088027], [-88.3115226, 41.9088905], [-88.3115077, 41.9088942], [-88.3114663, 41.9089045], [-88.311249, 41.9089085], [-88.3111123, 41.9089026], [-88.3109652, 41.908892], [-88.3108146, 41.9088826], [-88.3107045, 41.9088686], [-88.3105766, 41.9088566], [-88.3104883, 41.9088499]], [[-88.3055936, 41.9003104], [-88.3055916, 41.9003501], [-88.305585, 41.900658], [-88.3056526, 41.9010573], [-88.3057829, 41.9014539], [-88.3060327, 41.9019666], [-88.3062617, 41.9023677], [-88.3066265, 41.902827], [-88.3070251, 41.9032607], [-88.3081415, 41.9045295], [-88.3086868, 41.9051489], [-88.3087566, 41.9052291], [-88.3091254, 41.9056516], [-88.3095028, 41.9060839], [-88.3099882, 41.9065969], [-88.3101894, 41.9067706], [-88.3102143, 41.9067885], [-88.3107795, 41.9071958], [-88.3112247, 41.9075152]], [[-88.3055961, 41.9002598], [-88.3055936, 41.9003104]], [[-88.3055961, 41.9002598], [-88.3056093, 41.900161], [-88.3056262, 41.9000348]], [[-88.3065747, 41.8980251], [-88.3065817, 41.8980686], [-88.3065806, 41.898106], [-88.306558, 41.8981443], [-88.3064043, 41.8983166], [-88.3062186, 41.8985544], [-88.3061155, 41.8986955], [-88.3060247, 41.8988367], [-88.3059178, 41.8990309], [-88.3058031, 41.899298], [-88.3057877, 41.8993339], [-88.3057091, 41.8995772], [-88.3056715, 41.8997019], [-88.3056555, 41.8997722], [-88.3056391, 41.8999173], [-88.3056293, 41.9000116], [-88.3056262, 41.9000348]], [[-88.305249, 41.8953654], [-88.3052436, 41.8954553], [-88.3052087, 41.8955491], [-88.3051202, 41.8956649], [-88.3049537, 41.8958422], [-88.3047141, 41.896206], [-88.3046106, 41.8963178], [-88.3045082, 41.8964331], [-88.3044551, 41.8965343], [-88.3044205, 41.8966411], [-88.3044145, 41.8968093], [-88.3044631, 41.8969487], [-88.304557, 41.8970225], [-88.304675, 41.8970984], [-88.304793, 41.8971363], [-88.3049513, 41.8971184], [-88.3051658, 41.8971004], [-88.3054099, 41.8971243], [-88.3056272, 41.8971583], [-88.3059088, 41.8972381], [-88.3060663, 41.8973334], [-88.306111, 41.8973554], [-88.306228, 41.8974518], [-88.3064223, 41.8976034], [-88.3065209, 41.8977272], [-88.3065433, 41.8977712], [-88.3065575, 41.8978525], [-88.3065607, 41.8979358], [-88.3065747, 41.8980251]], [[-88.3043142, 41.8946325], [-88.3043156, 41.8946506], [-88.3043451, 41.8947485], [-88.3044416, 41.8948643], [-88.3045892, 41.8949322], [-88.3048466, 41.8949721], [-88.3050451, 41.8950939], [-88.3050949, 41.8951536], [-88.3051766, 41.8952516], [-88.305249, 41.8953654]], [[-88.3043142, 41.8946325], [-88.3041653, 41.8945648], [-88.3040795, 41.8945109], [-88.3040151, 41.894437], [-88.3039588, 41.8943292], [-88.3039513, 41.8942931], [-88.3039346, 41.8942134], [-88.303881, 41.8940996], [-88.3038488, 41.8940357], [-88.3038032, 41.8939738], [-88.3037871, 41.8938899], [-88.3038032, 41.893818], [-88.303822, 41.8937282], [-88.303881, 41.8935325], [-88.3039185, 41.8934267], [-88.303932, 41.8933688], [-88.3039373, 41.8932909], [-88.3040044, 41.8929415], [-88.3040124, 41.8928437], [-88.3040079, 41.8927826], [-88.3039802, 41.8927558], [-88.3039807, 41.8927458]], [[-88.3039807, 41.8927458], [-88.3039831, 41.8926972], [-88.303992, 41.8926631]], [[-88.303992, 41.8926631], [-88.3039934, 41.8926577], [-88.3040029, 41.892624], [-88.3040795, 41.8923505], [-88.3042145, 41.8918329], [-88.3042191, 41.8918155], [-88.3041972, 41.891812]], [[-88.3041972, 41.891812], [-88.304119, 41.8917993]], [[-88.3104689, 41.9088234], [-88.3104883, 41.9088499], [-88.3104685, 41.9089965], [-88.3104844, 41.9090577], [-88.3105036, 41.9090782], [-88.3105517, 41.9091171], [-88.3107117, 41.909263], [-88.3107834, 41.9093617], [-88.3108317, 41.9094516], [-88.3108817, 41.909535], [-88.3109531, 41.9096187], [-88.3110427, 41.9097155], [-88.3111337, 41.9098141], [-88.3112142, 41.9099171], [-88.3112854, 41.9100217], [-88.3114608, 41.910248], [-88.3116521, 41.9104859], [-88.3118102, 41.9106858], [-88.3118469, 41.910728], [-88.3118964, 41.9107807], [-88.3119883, 41.910857], [-88.3121916, 41.9110039], [-88.3122262, 41.9110347], [-88.3122456, 41.9110544], [-88.3122591, 41.9110907], [-88.312258, 41.9111056], [-88.3122508, 41.9111211]], [[-88.3122508, 41.9111211], [-88.3122079, 41.9111829], [-88.3121907, 41.9112078], [-88.3121926, 41.9112364], [-88.3123984, 41.911431]], [[-88.3123984, 41.911431], [-88.3124723, 41.9115003], [-88.312485, 41.9115274], [-88.3125071, 41.9115545], [-88.3125927, 41.9115993], [-88.3126368, 41.9116319], [-88.3126578, 41.911667], [-88.3126643, 41.911691], [-88.3126783, 41.9117218], [-88.3127021, 41.9117507], [-88.3127289, 41.9117773], [-88.3127611, 41.9118009], [-88.3127823, 41.9118257], [-88.3127945, 41.9118554]], [[-88.3127945, 41.9118554], [-88.3128114, 41.9118823], [-88.3128468, 41.9119026], [-88.3128816, 41.9119236]], [[-88.3109101, 41.9112248], [-88.3109529, 41.9112186]], [[-88.3109529, 41.9112186], [-88.3121749, 41.9110428]], [[-88.3121749, 41.9110428], [-88.3122262, 41.9110347]], [[-88.2755686, 42.0136087], [-88.2755672, 42.0135888], [-88.2755545, 42.0135615], [-88.2755253, 42.0135436], [-88.2754864, 42.0135398], [-88.2754488, 42.013549], [-88.2754291, 42.0135642]], [[-88.2759789, 42.0137429], [-88.2759845, 42.0137735], [-88.2759961, 42.0137975], [-88.2760337, 42.0138172], [-88.2760602, 42.0138217], [-88.2760903, 42.0138159], [-88.2761134, 42.013804], [-88.2761268, 42.0137878], [-88.276126, 42.0137631], [-88.2761034, 42.0137306], [-88.2760732, 42.0137145]], [[-88.302799, 41.891524], [-88.3028938, 41.8915368], [-88.3032069, 41.8915789], [-88.3040255, 41.8917012], [-88.3041373, 41.8917178]], [[-88.3028449, 41.8913175], [-88.3028304, 41.8913828], [-88.302799, 41.891524]], [[-88.3028003, 41.8905919], [-88.3027063, 41.8910467], [-88.3026982, 41.8911625], [-88.3027063, 41.8912064], [-88.3027385, 41.8912444], [-88.3028449, 41.8913175]], [[-88.3032816, 41.888738], [-88.3031425, 41.889326], [-88.303106, 41.8894804], [-88.3030502, 41.8897159], [-88.302889, 41.8903975], [-88.3028703, 41.8904386], [-88.3028361, 41.8904892], [-88.3028113, 41.8905457], [-88.3028003, 41.8905919]], [[-88.303217, 41.8886567], [-88.3032515, 41.8886854], [-88.3032816, 41.888738]], [[-88.3107091, 41.7706762], [-88.3109009, 41.7706786]], [[-88.3115722, 41.866167], [-88.3115853, 41.8663687], [-88.3115631, 41.8665736], [-88.3115752, 41.86664], [-88.3115758, 41.866706], [-88.3116228, 41.8667668], [-88.3117655, 41.8668484], [-88.3118055, 41.8668846], [-88.3118122, 41.866941], [-88.311795, 41.8669951], [-88.3117521, 41.8670752], [-88.3114523, 41.8676179], [-88.3113306, 41.8678965], [-88.3112468, 41.8680885], [-88.3112038, 41.8681824], [-88.3111976, 41.8682432], [-88.3111992, 41.8683824], [-88.3111838, 41.8684503], [-88.3111519, 41.868526], [-88.311084, 41.8686106], [-88.311018, 41.8686876], [-88.3109695, 41.868777], [-88.3109484, 41.8688909], [-88.3109338, 41.8690929], [-88.3109406, 41.8691462], [-88.3109486, 41.8692083], [-88.3109779, 41.8692784], [-88.3110088, 41.8693621], [-88.3110132, 41.8694529], [-88.3109903, 41.8695335], [-88.3109369, 41.869586], [-88.3108576, 41.869625], [-88.3107874, 41.8696529], [-88.310733, 41.8696892], [-88.3107072, 41.8697322], [-88.3106931, 41.8697767], [-88.3105367, 41.8703497], [-88.3104188, 41.8707357], [-88.3102786, 41.8710465], [-88.3101455, 41.8713055], [-88.3100054, 41.8715795], [-88.3098992, 41.8717908], [-88.3098214, 41.8719384]], [[-88.3115722, 41.866167], [-88.3115802, 41.8660875]], [[-88.3121465, 41.8641758], [-88.31211, 41.864304], [-88.311926, 41.8650291], [-88.3119119, 41.8651229], [-88.3119324, 41.8651985], [-88.3119285, 41.8652561], [-88.3118841, 41.8653417], [-88.3117122, 41.8654839], [-88.3116368, 41.8655737], [-88.311594, 41.8656712], [-88.3115989, 41.8658013], [-88.3116012, 41.8658841], [-88.3115965, 41.8659658], [-88.3115802, 41.8660875]], [[-88.3121701, 41.8634376], [-88.3121046, 41.8636714], [-88.3120993, 41.8637712], [-88.3121368, 41.863985], [-88.3121465, 41.8641758]], [[-88.3109655, 41.8563273], [-88.3110159, 41.8572248], [-88.3111704, 41.8593088], [-88.3112648, 41.8602549], [-88.3114966, 41.8610539], [-88.3119601, 41.8627223], [-88.3121701, 41.8634376]], [[-88.3109623, 41.8562697], [-88.3109655, 41.8563273]], [[-88.310561, 41.8513815], [-88.3105844, 41.8516621], [-88.3107327, 41.8534402], [-88.3107584, 41.8538493], [-88.3109301, 41.8556969], [-88.3109623, 41.8562697]], [[-88.3082025, 41.8469717], [-88.3081458, 41.8470234], [-88.308091, 41.8472241], [-88.3080374, 41.8474708], [-88.307965, 41.8476181], [-88.3078802, 41.8477327], [-88.3077702, 41.8479591], [-88.3076891, 41.8481615], [-88.3076479, 41.8483738], [-88.3076356, 41.8487932], [-88.3076299, 41.8489211], [-88.308087, 41.8489205], [-88.3080879, 41.8492318], [-88.3080889, 41.8495869], [-88.3080898, 41.8499125], [-88.3080878, 41.8499967], [-88.3080857, 41.8500862], [-88.3080871, 41.8501], [-88.3081003, 41.850485], [-88.3081441, 41.8506874], [-88.308265, 41.8512465], [-88.3083048, 41.8514308], [-88.3083955, 41.8514245], [-88.3084758, 41.851419], [-88.3085148, 41.8514163], [-88.3091512, 41.8513724], [-88.3094643, 41.8513543], [-88.3097035, 41.8513404], [-88.3100809, 41.8513127], [-88.3104495, 41.8512856], [-88.310477, 41.8512944], [-88.3105095, 41.8513048], [-88.310561, 41.8513815]], [[-88.3082025, 41.8469717], [-88.308882, 41.8469971], [-88.3090308, 41.8469748], [-88.309105, 41.846927], [-88.309081, 41.8466383], [-88.3092242, 41.8464537], [-88.3092719, 41.8463164], [-88.3092993, 41.8460876], [-88.3093852, 41.845883], [-88.3093953, 41.8457897]], [[-88.3092516, 41.8446971], [-88.3092416, 41.8447527], [-88.3092523, 41.8449446], [-88.3092538, 41.8449716], [-88.3093251, 41.8453779], [-88.3093953, 41.8457897]], [[-88.3191234, 41.8287405], [-88.3162501, 41.8309645], [-88.3154287, 41.8316518], [-88.3146066, 41.8324621], [-88.3135422, 41.8335721], [-88.3120287, 41.8355369], [-88.3113834, 41.8365586], [-88.3106847, 41.8377195], [-88.3103584, 41.8383865], [-88.3102428, 41.8388155], [-88.3099072, 41.8402976], [-88.3095225, 41.8420658], [-88.3094109, 41.8426349], [-88.3092478, 41.8442014], [-88.3092341, 41.8446254], [-88.3092516, 41.8446971]], [[-88.3218333, 41.8261932], [-88.3207062, 41.8273828], [-88.3191234, 41.8287405]], [[-88.3246878, 41.8220522], [-88.3237917, 41.8236252], [-88.3236523, 41.8238286], [-88.3228262, 41.8250675], [-88.3218333, 41.8261932]], [[-88.3248229, 41.8218187], [-88.3246878, 41.8220522]], [[-88.3264511, 41.8126085], [-88.3269633, 41.8157863], [-88.326886, 41.8163109], [-88.3268174, 41.8168546], [-88.3267144, 41.817264], [-88.3261662, 41.8188874], [-88.3252359, 41.8210605], [-88.3252209, 41.8210955], [-88.3248229, 41.8218187]], [[-88.3255457, 41.8074955], [-88.3258519, 41.8091914], [-88.3263024, 41.8116858], [-88.3264511, 41.8126085]], [[-88.3248549, 41.8053414], [-88.3247843, 41.8057032], [-88.3247704, 41.8057744], [-88.3247478, 41.8059131], [-88.3247389, 41.8059673], [-88.324766, 41.8061967], [-88.3247685, 41.806297], [-88.3248369, 41.8064502], [-88.3248707, 41.8064766], [-88.3249124, 41.8065092], [-88.3250055, 41.8065675], [-88.325074, 41.8066071], [-88.325132, 41.8066604], [-88.3251463, 41.8067529], [-88.3251749, 41.8068534], [-88.3252378, 41.8071302], [-88.3253251, 41.8072829], [-88.325434, 41.8073825], [-88.3255457, 41.8074955]], [[-88.3221816, 41.7971154], [-88.3231095, 41.799229], [-88.3236238, 41.8006318], [-88.3242204, 41.8022589], [-88.3244169, 41.8029243], [-88.3248549, 41.8053414]], [[-88.322148, 41.7970414], [-88.3221639, 41.7970742], [-88.3221816, 41.7971154]], [[-88.3150729, 41.7822629], [-88.3152045, 41.782533], [-88.3152243, 41.7826451], [-88.3152461, 41.7827363], [-88.3153101, 41.7828305], [-88.3154534, 41.7831155], [-88.3155735, 41.7833075], [-88.3157968, 41.783632], [-88.3159426, 41.7838707], [-88.316346, 41.7841395], [-88.3165949, 41.7845427], [-88.3183476, 41.788162], [-88.3184016, 41.7883133], [-88.3183885, 41.7883668], [-88.3183605, 41.7884273], [-88.3183036, 41.7885138], [-88.3182721, 41.7885884], [-88.3182639, 41.7886515], [-88.318288, 41.7887107], [-88.3183198, 41.788777], [-88.3184706, 41.7889784], [-88.318529, 41.7890293], [-88.318633, 41.7890852], [-88.3187509, 41.789176], [-88.3188129, 41.789249], [-88.3189843, 41.7895972], [-88.3194592, 41.7907488], [-88.319596, 41.7910616], [-88.3196284, 41.7912079], [-88.3196419, 41.7913327], [-88.3196478, 41.7914406], [-88.3196681, 41.7915629], [-88.319769, 41.7918524], [-88.3198348, 41.7919628], [-88.3199109, 41.7920639], [-88.3199469, 41.7921189], [-88.3200008, 41.7922852], [-88.3200853, 41.7924721], [-88.3202795, 41.7927834], [-88.3203917, 41.7929417], [-88.3204553, 41.7930745], [-88.3212727, 41.7949802], [-88.3215645, 41.7956777], [-88.3216266, 41.7957666], [-88.3217123, 41.795844], [-88.3217411, 41.7959224], [-88.3218118, 41.7962955], [-88.3218507, 41.7963885], [-88.322148, 41.7970414]], [[-88.3149309, 41.7820255], [-88.3150729, 41.7822629]], [[-88.3109451, 41.7709246], [-88.310957, 41.7709469], [-88.3109615, 41.7713058], [-88.3108899, 41.7715145], [-88.3108985, 41.7723147], [-88.310932, 41.7726579], [-88.3110273, 41.7734093], [-88.3110788, 41.7737422], [-88.3112906, 41.7742442], [-88.3118296, 41.7754356], [-88.31293, 41.7778287], [-88.3141742, 41.7807174], [-88.3141966, 41.7808235], [-88.3141917, 41.7809522], [-88.3141605, 41.7810957], [-88.3141164, 41.7811437], [-88.314059, 41.7812015], [-88.3140241, 41.7812692], [-88.3140184, 41.7813513], [-88.3140735, 41.7814091], [-88.314212, 41.7815002], [-88.3143052, 41.7815709], [-88.3144279, 41.7817319], [-88.3145293, 41.7818154], [-88.3146504, 41.7818809], [-88.3147753, 41.7819186], [-88.314844, 41.781957], [-88.3148955, 41.7820146], [-88.3149309, 41.7820255]], [[-88.3109088, 41.7708556], [-88.3109238, 41.7708835], [-88.3109451, 41.7709246]], [[-88.3109009, 41.7706786], [-88.3109036, 41.7707326], [-88.3109074, 41.7708103], [-88.3109088, 41.7708556]], [[-88.3113055, 41.7657804], [-88.3111876, 41.7661912], [-88.311039, 41.7668126], [-88.3109699, 41.767211], [-88.310888, 41.767745], [-88.3108837, 41.7680867], [-88.3108976, 41.7685056], [-88.3109233, 41.7687127], [-88.3109389, 41.7688067], [-88.3109058, 41.7689263], [-88.3108811, 41.7690593], [-88.3108847, 41.7692206], [-88.3109265, 41.769305], [-88.3110233, 41.7695007], [-88.3110384, 41.7696223], [-88.310981, 41.7697775], [-88.3108982, 41.7699549], [-88.3108768, 41.7700814], [-88.31087, 41.7703331], [-88.310864, 41.77064], [-88.3109009, 41.7706786]], [[-88.3126546, 41.7629389], [-88.3126303, 41.7629912], [-88.3125944, 41.7630282], [-88.3125462, 41.7630716], [-88.3124808, 41.763098], [-88.3124414, 41.7631137], [-88.312409, 41.7631335], [-88.3123755, 41.7631661], [-88.3123377, 41.7632269], [-88.3123318, 41.7632583], [-88.3123214, 41.7632941], [-88.3122858, 41.7633416], [-88.312205, 41.7634402], [-88.3121025, 41.7635394], [-88.3119998, 41.7636414], [-88.3119, 41.7638097], [-88.311797, 41.7640465], [-88.3117353, 41.7642792], [-88.3117114, 41.7644467], [-88.3116476, 41.7646019], [-88.3113894, 41.7649085], [-88.3112878, 41.765035], [-88.3112355, 41.7651764], [-88.3112123, 41.7653576], [-88.3112298, 41.7655193], [-88.3112698, 41.7656475], [-88.3113055, 41.7657804]], [[-88.312719, 41.7625834], [-88.3126894, 41.7626466], [-88.3126454, 41.7627463], [-88.3126397, 41.762768], [-88.3126358, 41.7627831], [-88.3126426, 41.7628661], [-88.3126546, 41.7629389]], [[-88.3127504, 41.7623705], [-88.3126949, 41.7624193], [-88.3126645, 41.7624565], [-88.312686, 41.7625045], [-88.3127101, 41.7625505], [-88.312719, 41.7625834]], [[-88.3137449, 41.7603363], [-88.3136853, 41.7604037], [-88.3136626, 41.7604327], [-88.313483, 41.7606622], [-88.3134287, 41.7607355], [-88.3133917, 41.7607854], [-88.3132749, 41.7609318], [-88.3131233, 41.7611378], [-88.3130244, 41.761268], [-88.3129074, 41.7614947], [-88.3128743, 41.7616213], [-88.3128612, 41.7617469], [-88.3128677, 41.7618449], [-88.3128849, 41.7619375], [-88.3129031, 41.7620363], [-88.312906, 41.7620548], [-88.312916, 41.7621177], [-88.3128984, 41.7621818], [-88.3128953, 41.7621933], [-88.3128661, 41.7622567], [-88.3128109, 41.7623211], [-88.3127504, 41.7623705]], [[-88.3138374, 41.7602316], [-88.3137449, 41.7603363]], [[-88.3146973, 41.759485], [-88.3146828, 41.7595056], [-88.314632, 41.7595777], [-88.3145522, 41.7596098], [-88.3144975, 41.7596604], [-88.3144579, 41.759698], [-88.3142262, 41.7598823], [-88.3139823, 41.7601065], [-88.3138374, 41.7602316]], [[-88.3148244, 41.7593293], [-88.3146973, 41.759485]], [[-88.3157072, 41.758618], [-88.3156769, 41.7586539], [-88.3156649, 41.7586835], [-88.3156424, 41.7587018], [-88.3156237, 41.7587458], [-88.3155888, 41.7587918], [-88.3155405, 41.7588418], [-88.3154762, 41.7588979], [-88.3154186, 41.7589408], [-88.3154091, 41.7589479], [-88.3153394, 41.7589899], [-88.3153099, 41.7590079], [-88.3152884, 41.7590319], [-88.3152723, 41.7590559], [-88.3152482, 41.7590759], [-88.3152052, 41.7590979], [-88.3151516, 41.7591179], [-88.3150789, 41.7591445], [-88.3150148, 41.759168], [-88.3149451, 41.759208], [-88.3148819, 41.7592569], [-88.3148244, 41.7593293]], [[-88.315843, 41.7584827], [-88.3157072, 41.758618]], [[-88.3160932, 41.7583509], [-88.3160315, 41.7583769], [-88.3159778, 41.7583929], [-88.3159322, 41.758409], [-88.3158974, 41.758427], [-88.3158717, 41.7584528], [-88.315843, 41.7584827]], [[-88.3170569, 41.7580396], [-88.3170126, 41.7580423], [-88.3168697, 41.7580613], [-88.3166704, 41.7580935], [-88.3165491, 41.75812], [-88.3164527, 41.7581472], [-88.3163742, 41.7581809], [-88.3163082, 41.758216], [-88.3162621, 41.7582389], [-88.3162005, 41.7582849], [-88.3161495, 41.7583209], [-88.3160932, 41.7583509]], [[-88.3171317, 41.7580298], [-88.3170569, 41.7580396]], [[-88.3171317, 41.7580298], [-88.3171994, 41.7579695], [-88.3173715, 41.7578401], [-88.317385, 41.7578299], [-88.3174417, 41.7577872]], [[-88.3174417, 41.7577872], [-88.3179927, 41.7580974], [-88.3180286, 41.7581174], [-88.318085, 41.7581491]], [[-88.3186531, 41.7577118], [-88.3186302, 41.7577293], [-88.3181889, 41.7580769], [-88.318085, 41.7581491]], [[-88.3193024, 41.7572186], [-88.319223, 41.7572774], [-88.3187988, 41.7576007], [-88.3186531, 41.7577118]], [[-88.319931, 41.7567497], [-88.3194063, 41.7571414], [-88.3193024, 41.7572186]], [[-88.3234021, 41.75407], [-88.3228376, 41.7545098], [-88.3216129, 41.7554586], [-88.3215212, 41.7555306], [-88.3206583, 41.7562077], [-88.3202306, 41.756526], [-88.319931, 41.7567497]], [[-88.3242017, 41.753471], [-88.3240313, 41.7536068], [-88.3237282, 41.7538312], [-88.3237139, 41.7538426], [-88.3234021, 41.75407]], [[-88.3242017, 41.753471], [-88.3241184, 41.7534177], [-88.3240985, 41.7534031], [-88.3235007, 41.7531006]], [[-88.3235007, 41.7531006], [-88.3227863, 41.7527581]], [[-88.3227863, 41.7527581], [-88.3227518, 41.75274]], [[-88.3227518, 41.75274], [-88.3228019, 41.7526808]], [[-88.3228019, 41.7526808], [-88.3228293, 41.7526466], [-88.3228508, 41.7526141], [-88.3229017, 41.7525701], [-88.3229822, 41.7525368], [-88.3229745, 41.7525222]], [[-88.3229745, 41.7525222], [-88.3229554, 41.7524861], [-88.322942, 41.7524514]], [[-88.322942, 41.7524514], [-88.3229062, 41.7523413], [-88.3229044, 41.75227], [-88.3229527, 41.7521839], [-88.3230171, 41.7521199], [-88.3231297, 41.7520759], [-88.3235981, 41.7519357], [-88.3239988, 41.7518157], [-88.3241356, 41.7517557], [-88.3242187, 41.7516937], [-88.3249, 41.7509913], [-88.3249966, 41.7508872], [-88.3250556, 41.7507812], [-88.3251441, 41.750513], [-88.3251897, 41.750417], [-88.3252406, 41.750351], [-88.3260372, 41.7497927], [-88.3261392, 41.7497146], [-88.3262035, 41.7496206], [-88.3262304, 41.7495405], [-88.3262089, 41.7493604], [-88.3262089, 41.7492924], [-88.326225, 41.7492203], [-88.3262196, 41.7491583], [-88.3261901, 41.7490943], [-88.3260346, 41.7488541], [-88.3259702, 41.7487461], [-88.3259595, 41.748642], [-88.325989, 41.748556], [-88.3260587, 41.7484819], [-88.3261848, 41.7484159]], [[-88.3261848, 41.7484159], [-88.3268553, 41.7481557], [-88.3271262, 41.7480337], [-88.3273476, 41.7478665]], [[-88.3273476, 41.7478665], [-88.3273611, 41.7478425], [-88.3274239, 41.7477655], [-88.327483, 41.7476074], [-88.3275327, 41.7475003], [-88.3276722, 41.7472941], [-88.3277178, 41.7471861], [-88.3277983, 41.74703], [-88.3278304, 41.7469499], [-88.327868, 41.7468379], [-88.3279255, 41.7467269], [-88.3280248, 41.7466108], [-88.3281362, 41.7464797], [-88.3281481, 41.7463947], [-88.3281791, 41.7462976], [-88.3282703, 41.7461375], [-88.3282864, 41.7460754], [-88.3282623, 41.7459974], [-88.3281952, 41.7458993], [-88.3281684, 41.7458233], [-88.3281282, 41.7457572], [-88.3280316, 41.7456632], [-88.3279511, 41.7455651], [-88.3278975, 41.7454711], [-88.3278331, 41.745351], [-88.3277714, 41.7452209], [-88.3277231, 41.7450869], [-88.3277244, 41.7450039], [-88.3277446, 41.7448988], [-88.3278343, 41.7446176], [-88.3278921, 41.7444685], [-88.3280328, 41.7442874], [-88.3281937, 41.7440653]], [[-88.3291962, 41.7451165], [-88.3292094, 41.7450819], [-88.329185, 41.7450576], [-88.3290062, 41.7449757], [-88.328872, 41.7448877], [-88.328746, 41.7447785], [-88.3286037, 41.7446269], [-88.3285102, 41.7445146], [-88.3284207, 41.7443721], [-88.3282906, 41.7441173], [-88.328254, 41.7440748], [-88.3281937, 41.7440653]], [[-88.3291962, 41.7451165], [-88.3279654, 41.7445871]], [[-88.3279654, 41.7445871], [-88.3271251, 41.7442259]], [[-88.3271251, 41.7442259], [-88.32697, 41.7441501]], [[-88.3269942, 41.7439017], [-88.3269516, 41.7440545], [-88.32697, 41.7441501]], [[-88.3282807, 41.7422786], [-88.3281444, 41.742342], [-88.3279449, 41.7425505], [-88.327703, 41.7427662], [-88.3274094, 41.7430779], [-88.3272483, 41.7432778], [-88.3270829, 41.7434427], [-88.326899, 41.743592]], [[-88.326899, 41.743592], [-88.3269, 41.7436722], [-88.3269282, 41.7437692], [-88.3269942, 41.7439017]], [[-88.3269942, 41.7439017], [-88.3271895, 41.743863], [-88.327315, 41.7438235], [-88.3275006, 41.7436989], [-88.327615, 41.7435703], [-88.3279524, 41.7431741], [-88.3281568, 41.7429221], [-88.3283219, 41.742674], [-88.328361, 41.7425406], [-88.3283482, 41.7423941], [-88.3283054, 41.7423134], [-88.3282807, 41.7422786]], [[-88.3287579, 41.7403527], [-88.3287023, 41.7403727], [-88.3286594, 41.7404367], [-88.3286125, 41.7407226], [-88.328565, 41.7410422], [-88.3285152, 41.7415107], [-88.3285213, 41.7416312], [-88.3285174, 41.7417599], [-88.3284699, 41.7419602], [-88.328432, 41.7421109], [-88.3284066, 41.7422258], [-88.3283682, 41.7422595], [-88.3282807, 41.7422786]], [[-88.3291421, 41.7403807], [-88.3287579, 41.7403527]], [[-88.3331515, 41.7333823], [-88.333203, 41.7334395], [-88.3332252, 41.7335096], [-88.3331896, 41.7335976], [-88.3328945, 41.7338484], [-88.3326977, 41.7340744], [-88.3324175, 41.7343162], [-88.3320247, 41.73478], [-88.3318019, 41.7351043], [-88.3317198, 41.7354621], [-88.3316433, 41.7356653], [-88.3314985, 41.7359755], [-88.3315179, 41.7361266], [-88.3315172, 41.7362177], [-88.3314683, 41.7363413], [-88.3313965, 41.7364408], [-88.3313134, 41.7365309], [-88.3312182, 41.7366], [-88.331145, 41.7366354], [-88.3309435, 41.7367051], [-88.3308165, 41.7367737], [-88.3306288, 41.7369021], [-88.3304725, 41.7370423], [-88.3303226, 41.737343], [-88.3301556, 41.7377014], [-88.3299526, 41.7381956], [-88.3298383, 41.7386354], [-88.3297506, 41.7387892], [-88.3295388, 41.7390889], [-88.3294761, 41.7392529], [-88.3294973, 41.7394405], [-88.3295588, 41.7397563], [-88.3295642, 41.7399326], [-88.3294672, 41.7402354], [-88.3294312, 41.7403329], [-88.3293684, 41.7403718], [-88.3291877, 41.740384], [-88.3291421, 41.7403807]], [[-88.3366831, 41.7302725], [-88.336632, 41.7302829], [-88.3365712, 41.7303006], [-88.3364797, 41.7303441], [-88.3364312, 41.7303869], [-88.3363203, 41.7304686], [-88.3362734, 41.7305126], [-88.3362114, 41.7305396], [-88.3361217, 41.7305363], [-88.3360317, 41.7305498], [-88.3359384, 41.7305759], [-88.3358435, 41.7306279], [-88.3357659, 41.7306756], [-88.3356469, 41.7307337], [-88.3355256, 41.7307952], [-88.3354423, 41.7308639], [-88.3353601, 41.7309435], [-88.3352774, 41.7310268], [-88.3351995, 41.7311509], [-88.3351594, 41.7312278], [-88.3351207, 41.7312994], [-88.3351057, 41.7313636], [-88.3350534, 41.7314811], [-88.3350138, 41.731527], [-88.3349579, 41.7315641], [-88.334889, 41.7316325], [-88.3348078, 41.7317362], [-88.3347027, 41.7319822], [-88.3346391, 41.7320981], [-88.3345529, 41.7321877], [-88.3344051, 41.7323171], [-88.3343043, 41.7323803], [-88.3341766, 41.7324552], [-88.3340188, 41.7325223], [-88.3337415, 41.7326225], [-88.3335751, 41.7326715], [-88.3330449, 41.7328331], [-88.3328974, 41.7328792], [-88.3328132, 41.7329311], [-88.3328061, 41.7329984], [-88.3331515, 41.7333823]], [[-88.3473029, 41.6966354], [-88.3474187, 41.696904], [-88.3475636, 41.6971243], [-88.3477084, 41.6974527], [-88.3477248, 41.6975048], [-88.3478157, 41.6977932], [-88.348069, 41.6987366], [-88.348152, 41.6990609], [-88.3482165, 41.6992548], [-88.3482483, 41.699331], [-88.3483107, 41.6994062], [-88.348363, 41.6994579], [-88.348412, 41.6995214], [-88.3484645, 41.6996066], [-88.3485085, 41.6996949], [-88.3485432, 41.6997377], [-88.3487032, 41.6999083], [-88.3489096, 41.7001255], [-88.3489527, 41.7001643], [-88.3490018, 41.7002085], [-88.3491135, 41.7002959], [-88.3493016, 41.7004287], [-88.349425, 41.7005449], [-88.349484, 41.7007211], [-88.3495645, 41.7009254], [-88.3496396, 41.7015702], [-88.3496771, 41.7017224], [-88.3497576, 41.7018866], [-88.3497973, 41.7019653], [-88.3498649, 41.7023272], [-88.3498864, 41.7024914], [-88.3499615, 41.7026596], [-88.3501546, 41.7030521], [-88.3502243, 41.7032924], [-88.350278, 41.7036168], [-88.3503316, 41.7047863], [-88.3503852, 41.7054511], [-88.3504067, 41.7064083], [-88.3504443, 41.7072092], [-88.3504711, 41.7080783], [-88.3504979, 41.7087911], [-88.3505301, 41.70952], [-88.3505194, 41.7099525], [-88.3504657, 41.710357], [-88.3503423, 41.7109897], [-88.35021, 41.7114688], [-88.3500312, 41.7118387], [-88.3499132, 41.7120629], [-88.3497844, 41.7123673], [-88.3497201, 41.7127397], [-88.3496718, 41.7131561], [-88.3496128, 41.7137288], [-88.3495377, 41.7141933], [-88.3493982, 41.7145537], [-88.3491568, 41.7149741], [-88.3490817, 41.7150702], [-88.3487384, 41.7153425], [-88.3480839, 41.7159592], [-88.3479286, 41.7160969], [-88.3475689, 41.7164157], [-88.3471827, 41.7168001], [-88.3467875, 41.717129], [-88.3463995, 41.7175369], [-88.345922, 41.7180734], [-88.3454071, 41.718646], [-88.3448384, 41.7192186], [-88.3443235, 41.7197231], [-88.3438138, 41.7201555], [-88.343154, 41.7207001], [-88.3422903, 41.7214208], [-88.3420114, 41.7216691], [-88.3418075, 41.7219053], [-88.3417309, 41.7220461], [-88.3416703, 41.7221666], [-88.3416136, 41.7223104], [-88.3415722, 41.7225482], [-88.3415286, 41.7229623], [-88.3415125, 41.7231705], [-88.341534, 41.7235669], [-88.341534, 41.7240553], [-88.3415125, 41.7246399], [-88.3415286, 41.7248881], [-88.3414481, 41.7253325], [-88.3413837, 41.7257369], [-88.3413033, 41.7259931], [-88.3411692, 41.7262334], [-88.3408956, 41.7265577], [-88.3405845, 41.7270341], [-88.3403001, 41.7274665], [-88.340107, 41.7277147], [-88.33993, 41.728011], [-88.3397369, 41.7282151], [-88.3394043, 41.7284073], [-88.3391414, 41.7286195], [-88.3389, 41.7288517], [-88.3386908, 41.7289878], [-88.3384201, 41.7291468], [-88.3383387, 41.7292154], [-88.3383394, 41.7292258], [-88.3383298, 41.7292346], [-88.338312, 41.7292442], [-88.3382531, 41.7292669], [-88.3381507, 41.7293036], [-88.3380723, 41.7293444], [-88.3380287, 41.7293767], [-88.3379977, 41.7294153], [-88.3379741, 41.7294559], [-88.3379338, 41.7295088], [-88.3378959, 41.7295351], [-88.3378022, 41.7295832], [-88.3376887, 41.7296498], [-88.3376273, 41.7296921], [-88.3375651, 41.729741], [-88.3374782, 41.7298007], [-88.3373627, 41.7298562], [-88.3371958, 41.7299465], [-88.337096, 41.7300168], [-88.3370388, 41.7300702], [-88.3369564, 41.7301563], [-88.3368971, 41.7302137], [-88.3368635, 41.7302313], [-88.3367341, 41.730262], [-88.3366831, 41.7302725]], [[-88.3472783, 41.6964594], [-88.3473029, 41.6966354]], [[-88.347996, 41.6933185], [-88.3476516, 41.694634], [-88.3476436, 41.6947139], [-88.3476521, 41.6948637], [-88.3476444, 41.6949382], [-88.3472909, 41.6963595], [-88.3472783, 41.6964594]], [[-88.3485325, 41.6933385], [-88.3483823, 41.6933625], [-88.347996, 41.6933185]], [[-88.3509143, 41.6870292], [-88.3506826, 41.6873582], [-88.3503725, 41.6877984], [-88.3497589, 41.6888129], [-88.3496912, 41.6889721], [-88.3495565, 41.6894497], [-88.3494149, 41.6899516], [-88.3489187, 41.6918964], [-88.3485325, 41.6933385]], [[-88.3514095, 41.6867726], [-88.3512629, 41.6869364], [-88.3511465, 41.687009], [-88.3510308, 41.6870366], [-88.3509143, 41.6870292]], [[-88.3515866, 41.6865746], [-88.3514095, 41.6867726]], [[-88.351745, 41.686643], [-88.3515866, 41.6865746]], [[-88.353241, 41.6860756], [-88.3526918, 41.6863449], [-88.35258, 41.6864232], [-88.352482, 41.6864748], [-88.3523956, 41.6865058], [-88.3523285, 41.68653], [-88.3521748, 41.6867275], [-88.3521584, 41.6867458], [-88.3521356, 41.6867588], [-88.3521088, 41.6867667], [-88.3520849, 41.6867677], [-88.3520522, 41.6867661], [-88.3520245, 41.6867611], [-88.351745, 41.686643]], [[-88.3535493, 41.6860018], [-88.353241, 41.6860756]], [[-88.3548982, 41.6846117], [-88.3548453, 41.6846347], [-88.3547908, 41.6846951], [-88.3547678, 41.68473], [-88.35475, 41.6847752], [-88.354763, 41.6848172], [-88.3547881, 41.6848514], [-88.3550086, 41.684891], [-88.3552216, 41.6849455], [-88.3554024, 41.6850256], [-88.3554633, 41.6850645], [-88.355491, 41.6851231], [-88.3554945, 41.685187], [-88.3554819, 41.6852573], [-88.3553536, 41.6853597], [-88.3552868, 41.6854212], [-88.3550622, 41.6856282], [-88.3550283, 41.6856726], [-88.3549911, 41.6856905], [-88.3549506, 41.6856971], [-88.354795, 41.6857174], [-88.3547618, 41.6857243], [-88.3546773, 41.6857686], [-88.3544627, 41.6858657], [-88.3541956, 41.6859278], [-88.354036, 41.6859518], [-88.3538904, 41.6859595], [-88.3537801, 41.6859586], [-88.3537305, 41.6859622], [-88.3536891, 41.6859696], [-88.3535493, 41.6860018]], [[-88.3549697, 41.6846105], [-88.3549353, 41.6846071], [-88.3549031, 41.6846101], [-88.3548982, 41.6846117]], [[-88.3549697, 41.6846105], [-88.355309, 41.6847188], [-88.3555772, 41.684847], [-88.3557211, 41.6849073], [-88.3559171, 41.6849894]], [[-88.3559171, 41.6849894], [-88.3569126, 41.685446]], [[-88.3570627, 41.6854472], [-88.3570439, 41.6854308], [-88.3570181, 41.6854196], [-88.3569887, 41.6854154], [-88.3569591, 41.6854188], [-88.3569327, 41.6854294], [-88.3569126, 41.685446], [-88.3569013, 41.6854657], [-88.3568991, 41.6854872], [-88.3569062, 41.6855081], [-88.356922, 41.6855261], [-88.3569446, 41.6855394], [-88.3569718, 41.6855465], [-88.3570006, 41.6855467], [-88.357028, 41.68554], [-88.3570511, 41.6855271], [-88.3570673, 41.6855093], [-88.3570751, 41.6854886], [-88.3570735, 41.6854671], [-88.3570627, 41.6854472]], [[-88.3092516, 41.8446971], [-88.309401, 41.8445735]], [[-88.3095949, 41.8446019], [-88.3094782, 41.8446139], [-88.309401, 41.8445735]], [[-88.3095949, 41.8446019], [-88.3101848, 41.8445303], [-88.3106924, 41.8445366], [-88.3107644, 41.8445374]], [[-88.3103681, 41.8485433], [-88.3103599, 41.8484433], [-88.3102856, 41.8479598], [-88.3102217, 41.8474388], [-88.3101994, 41.8470315], [-88.3101781, 41.8465955], [-88.3101663, 41.8464485], [-88.3101678, 41.8463897], [-88.3101807, 41.846334], [-88.3102131, 41.8462373], [-88.3103399, 41.8458453], [-88.3104933, 41.8453591], [-88.3105177, 41.845281], [-88.3105413, 41.8452128], [-88.31066, 41.84487], [-88.3107644, 41.8445374]], [[-88.308163, 41.849225], [-88.3092402, 41.848906], [-88.309335, 41.848878], [-88.3097, 41.8487669], [-88.3103681, 41.8485433]], [[-88.308163, 41.849225], [-88.3080879, 41.8492318]]]}}, {"type": "Feature", "properties": {"name": "McHenry County Prairie Trail", "length_mi": 26.4, "osm_source": "relation"}, "geometry": {"type": "MultiLineString", "coordinates": [[[-88.3240915, 42.4950188], [-88.3235044, 42.4949442], [-88.3234806, 42.4949554], [-88.3232991, 42.4950645], [-88.3232241, 42.4950483], [-88.3229698, 42.4948327]], [[-88.3229698, 42.4948327], [-88.3226589, 42.494532], [-88.322144, 42.4940953], [-88.3189217, 42.4912693]], [[-88.3189217, 42.4912693], [-88.3165736, 42.4892283], [-88.3128142, 42.4859181], [-88.3117476, 42.4849544], [-88.3102907, 42.4836964], [-88.309441, 42.4828798], [-88.3089861, 42.4823165], [-88.3085141, 42.4815442], [-88.3081364, 42.4805947], [-88.3079293, 42.4799289], [-88.307926, 42.4797556], [-88.307911, 42.4794676], [-88.3078096, 42.4788784], [-88.307767, 42.4783059]], [[-88.307767, 42.4783059], [-88.3077346, 42.4780287]], [[-88.3077346, 42.4780287], [-88.3076557, 42.4775435], [-88.3076284, 42.4769449], [-88.3076287, 42.47655], [-88.3076386, 42.4761508], [-88.3076631, 42.4759446], [-88.3074653, 42.473916], [-88.3073499, 42.4725967], [-88.307334, 42.472417], [-88.307185, 42.470545], [-88.3071875, 42.4702186], [-88.3071565, 42.4692163], [-88.3071293, 42.4680429], [-88.3071154, 42.4672848], [-88.3071027, 42.4665895], [-88.3071023, 42.4665697], [-88.3069777, 42.4615003], [-88.3069317, 42.4596214], [-88.3068932, 42.4580461], [-88.3067631, 42.4527251], [-88.306719, 42.4514781], [-88.3067112, 42.4509919], [-88.306709, 42.4508575], [-88.3065743, 42.44513], [-88.3065555, 42.4446629], [-88.3065303, 42.4436235], [-88.3063715, 42.4370765], [-88.3063336, 42.4355691], [-88.3063026, 42.4346471]], [[-88.3063026, 42.4346471], [-88.3062915, 42.4343844], [-88.3062842, 42.43421]], [[-88.3062842, 42.43421], [-88.3062845, 42.4338956], [-88.3062511, 42.4327005], [-88.3061623, 42.4293094], [-88.3060189, 42.4229493], [-88.3060027, 42.4222279], [-88.3059969, 42.4219712], [-88.3059745, 42.4211447], [-88.3058709, 42.4173233]], [[-88.3058709, 42.4173233], [-88.3058689, 42.4172525]], [[-88.3058689, 42.4172525], [-88.3058352, 42.4161357], [-88.3058004, 42.4147158], [-88.3057381, 42.412116], [-88.3056409, 42.4080547], [-88.3056256, 42.407035], [-88.3056235, 42.406898], [-88.3056068, 42.4061621], [-88.3055917, 42.4054962], [-88.305438, 42.4044484], [-88.305258, 42.4037704], [-88.3051152, 42.403428], [-88.3049547, 42.403059], [-88.3043728, 42.4020216], [-88.3039923, 42.4015155], [-88.3035874, 42.4010639], [-88.3029161, 42.4004043], [-88.3016648, 42.399435], [-88.3008299, 42.3988445], [-88.3000285, 42.3982435], [-88.2985353, 42.3969891], [-88.297871, 42.3963419], [-88.2971453, 42.3955512], [-88.2970686, 42.3954572], [-88.2964179, 42.3946147], [-88.2958336, 42.3937406], [-88.2957706, 42.3936135], [-88.2945982, 42.3913007], [-88.2945371, 42.3911864]], [[-88.2945371, 42.3911864], [-88.294395, 42.3911335], [-88.2941199, 42.390623]], [[-88.2941199, 42.390623], [-88.2938774, 42.3900731], [-88.2905933, 42.3830748], [-88.2900783, 42.3819884], [-88.2887039, 42.3790789], [-88.2879414, 42.3774239]], [[-88.2879414, 42.3774239], [-88.2878907, 42.377311]], [[-88.2878907, 42.377311], [-88.2872424, 42.3759153], [-88.286425, 42.3741464], [-88.2849709, 42.3710984], [-88.2844937, 42.3700765], [-88.2830727, 42.3669578], [-88.2824643, 42.3650104], [-88.282382, 42.3647913], [-88.2823473, 42.3646981], [-88.2822991, 42.3645889], [-88.2822865, 42.3644476], [-88.2822551, 42.364296], [-88.2819583, 42.3633122], [-88.281767, 42.362686], [-88.2813951, 42.3614047], [-88.2808438, 42.3595915], [-88.2805755, 42.3587049], [-88.2805079, 42.3584814], [-88.2801301, 42.3572739], [-88.2793381, 42.354624], [-88.279016, 42.3535712], [-88.2787132, 42.3526151], [-88.2782888, 42.3511759], [-88.2780997, 42.3505345], [-88.2782505, 42.3505295], [-88.2783796, 42.35052], [-88.2783616, 42.3504369], [-88.2777863, 42.3485256]], [[-88.2777863, 42.3485256], [-88.2776828, 42.3482009]], [[-88.2776828, 42.3482009], [-88.2776681, 42.3481357], [-88.2776394, 42.3479584], [-88.277812, 42.347883], [-88.278121, 42.3478133], [-88.2784901, 42.3477498], [-88.2787869, 42.3477003], [-88.2790093, 42.3476081], [-88.2791635, 42.3474528], [-88.2796145, 42.3464304], [-88.2797089, 42.3462401], [-88.279769, 42.3461132], [-88.2799406, 42.3461957], [-88.2800967, 42.3462826], [-88.2803011, 42.3464177], [-88.2805414, 42.3465065], [-88.2806425, 42.3465013], [-88.2807572, 42.3463966], [-88.2808507, 42.3463098], [-88.2809067, 42.3461927], [-88.2809394, 42.3460865], [-88.2809534, 42.3459863], [-88.2809629, 42.3459164]], [[-88.2809629, 42.3459164], [-88.280974, 42.3458352]], [[-88.280974, 42.3458352], [-88.2809984, 42.3456563], [-88.2809622, 42.3454988], [-88.2809856, 42.3454015], [-88.2810604, 42.3452354], [-88.2811269, 42.3451376], [-88.2811643, 42.3450639], [-88.2811627, 42.3450032], [-88.2811532, 42.344937], [-88.281133, 42.3448906], [-88.2810831, 42.3448037], [-88.2809044, 42.3446291], [-88.2807415, 42.3444993], [-88.279981, 42.3438934], [-88.2792021, 42.3433066], [-88.2781451, 42.3424414], [-88.2772147, 42.3417727]], [[-88.2772147, 42.3417727], [-88.2770943, 42.3417304], [-88.2769222, 42.3417102], [-88.2769268, 42.341785], [-88.2769114, 42.3418542], [-88.2768412, 42.3418741], [-88.2763776, 42.3418621], [-88.2762207, 42.341832], [-88.2760954, 42.3417549], [-88.2760439, 42.3416471], [-88.2760353, 42.3414948], [-88.2760525, 42.341222], [-88.2761469, 42.3407779], [-88.2762327, 42.3403783], [-88.2763958, 42.339839], [-88.2766962, 42.3390904], [-88.2769194, 42.338697], [-88.2771855, 42.3382593], [-88.278121, 42.336984], [-88.2788642, 42.3360378]], [[-88.2788642, 42.3360378], [-88.2830649, 42.3304488], [-88.2844869, 42.3285348], [-88.2862234, 42.3261973], [-88.288853, 42.3227618], [-88.2901287, 42.3210952], [-88.2902059, 42.3209964], [-88.2903095, 42.3208587], [-88.2915449, 42.3192167], [-88.2935276, 42.3166083], [-88.2948408, 42.3148693], [-88.2961197, 42.3130668], [-88.2965574, 42.3122416], [-88.2969523, 42.3114483], [-88.2972614, 42.3107315], [-88.2975456, 42.3098381], [-88.2976732, 42.3092965], [-88.2977762, 42.3087761], [-88.2996318, 42.2993167], [-88.300511, 42.2949275], [-88.3014696, 42.2900669], [-88.3017679, 42.2884803], [-88.3019411, 42.2874544], [-88.3020851, 42.2865141], [-88.3021564, 42.2856549], [-88.3021662, 42.2846945]], [[-88.3021662, 42.2846945], [-88.3020306, 42.2846932], [-88.301895, 42.2846946]], [[-88.301895, 42.2846946], [-88.3018759, 42.2844963], [-88.3015387, 42.281198], [-88.3012273, 42.2783506], [-88.3011774, 42.2781873], [-88.3011418, 42.2780093], [-88.301119, 42.2779413], [-88.3011092, 42.2778699], [-88.3011214, 42.2778387], [-88.3011464, 42.277818], [-88.3011799, 42.2777866], [-88.3011982, 42.277747], [-88.3012001, 42.2777032], [-88.301202, 42.2776319], [-88.3011794, 42.2776049], [-88.3011663, 42.2775727], [-88.3010783, 42.2767845], [-88.301046, 42.2764362]], [[-88.301046, 42.2764362], [-88.3010243, 42.2761829]], [[-88.3010243, 42.2761829], [-88.3008476, 42.2744111], [-88.3007658, 42.274156], [-88.3008097, 42.2739743], [-88.3003816, 42.2698286]], [[-88.3003816, 42.2698286], [-88.3003523, 42.269545]], [[-88.3003523, 42.269545], [-88.3000679, 42.266939], [-88.3000667, 42.2665974], [-88.3001998, 42.2665405], [-88.3002886, 42.2664826], [-88.3003272, 42.2664053], [-88.3003814, 42.2663096], [-88.3003891, 42.2662641]], [[-88.3003891, 42.2662641], [-88.3003706, 42.2660562], [-88.3003384, 42.2657163], [-88.3003093, 42.2654103], [-88.3001439, 42.2637982], [-88.3000394, 42.2627789], [-88.2999393, 42.2618029], [-88.2999625, 42.261631], [-88.300043, 42.2615039], [-88.3003656, 42.2611996], [-88.3004543, 42.261116], [-88.3009379, 42.2606215], [-88.3013707, 42.2601995], [-88.30155, 42.2600392], [-88.3016608, 42.2599688], [-88.3018756, 42.2598921], [-88.3019472, 42.2598357], [-88.3019699, 42.2597658], [-88.3019678, 42.2596564], [-88.301939, 42.259608], [-88.301913, 42.2595643], [-88.3017909, 42.259419], [-88.3017698, 42.2593939], [-88.3016881, 42.2593158], [-88.3015122, 42.2591816], [-88.3011325, 42.2590913], [-88.3009914, 42.2590309], [-88.3008356, 42.2588795], [-88.3008146, 42.2588084], [-88.3008569, 42.2585498], [-88.3010487, 42.2581113], [-88.3012808, 42.257888], [-88.3013679, 42.2577376], [-88.30139, 42.2576246], [-88.3013822, 42.2575124], [-88.301427, 42.2574208], [-88.3015389, 42.2573504], [-88.3017902, 42.2572277], [-88.3019572, 42.257143], [-88.3020167, 42.2570938], [-88.3020506, 42.2569918], [-88.3020933, 42.2568116], [-88.3021448, 42.2566397], [-88.3022707, 42.256448], [-88.3023658, 42.2563776], [-88.3024924, 42.2563327], [-88.3027472, 42.2562691], [-88.3035858, 42.2560539], [-88.3037044, 42.2559979], [-88.3037722, 42.2559449], [-88.3037791, 42.2559331], [-88.3038323, 42.2558423], [-88.3038929, 42.2557365], [-88.3039708, 42.2555713], [-88.3040093, 42.2555085], [-88.3040839, 42.2554551], [-88.304153, 42.2554199], [-88.3042311, 42.2554024], [-88.3043618, 42.2553938], [-88.3045638, 42.2554012], [-88.3052327, 42.255424], [-88.3073292, 42.2555177], [-88.3089845, 42.2555719], [-88.3092057, 42.255571], [-88.3093154, 42.2555485]], [[-88.3093154, 42.2555485], [-88.3093462, 42.2555304], [-88.3093798, 42.2554822], [-88.3093904, 42.2554233], [-88.3093637, 42.255257], [-88.309393, 42.255213], [-88.3094427, 42.2551741]], [[-88.3094427, 42.2551741], [-88.3095746, 42.2550711], [-88.3096458, 42.2549811], [-88.3097536, 42.254808], [-88.3099203, 42.2547057], [-88.3100503, 42.2545913], [-88.3100626, 42.2544543], [-88.3101823, 42.2542853], [-88.3102292, 42.2540888], [-88.3102252, 42.2539444], [-88.3101584, 42.2537858], [-88.3101372, 42.2536533], [-88.3101387, 42.2535037], [-88.3101824, 42.2533703], [-88.3102858, 42.2531044], [-88.3103158, 42.2530299], [-88.3103262, 42.2529592], [-88.3103348, 42.2529283], [-88.3103955, 42.2528228], [-88.3105054, 42.2527164], [-88.3107307, 42.2525651], [-88.3109827, 42.2524149], [-88.3111317, 42.2523011], [-88.3111487, 42.2522523], [-88.3111951, 42.2520178], [-88.3112572, 42.2518419], [-88.3113265, 42.2516763], [-88.3115761, 42.251499]], [[-88.3115761, 42.251499], [-88.3114676, 42.2513816], [-88.3113675, 42.2512249]], [[-88.3113675, 42.2512249], [-88.3114346, 42.2511952], [-88.3115045, 42.2511556], [-88.3115432, 42.2511079], [-88.3115759, 42.2510527], [-88.3115881, 42.2510104], [-88.3116095, 42.2509373], [-88.3116156, 42.250825], [-88.3116628, 42.2494374], [-88.3116755, 42.2493301], [-88.3117097, 42.2492341], [-88.3117867, 42.2490397], [-88.3117939, 42.2489289], [-88.3118023, 42.2484734]], [[-88.3121154, 42.2484705], [-88.3118023, 42.2484734]], [[-88.3121154, 42.2484705], [-88.3121096, 42.2467216], [-88.3121229, 42.2457852], [-88.312196, 42.2456329]], [[-88.312196, 42.2456329], [-88.3120459, 42.2455051], [-88.3120254, 42.2454877], [-88.3116411, 42.2451895], [-88.3112791, 42.2449086], [-88.3111343, 42.2448332]], [[-88.3111343, 42.2448332], [-88.311112, 42.2441927], [-88.311115, 42.2439927], [-88.3111173, 42.2438352], [-88.3111207, 42.2436082], [-88.3111167, 42.2430141], [-88.3111137, 42.2425627], [-88.3111133, 42.2425035], [-88.3111158, 42.2423925], [-88.3111365, 42.2413105], [-88.3111381, 42.2412291]], [[-88.3162669, 42.2410628], [-88.3162875, 42.2410373], [-88.3162641, 42.2404025], [-88.3162632, 42.2403752], [-88.316249, 42.2399297], [-88.3162826, 42.2398466], [-88.316329, 42.2397843], [-88.3163949, 42.2392726], [-88.3163852, 42.2391284], [-88.3163914, 42.2390695], [-88.3164143, 42.2390286], [-88.3164465, 42.2389905], [-88.3164422, 42.2389398], [-88.316429, 42.238603], [-88.3164193, 42.2368109], [-88.3164097, 42.2366239], [-88.316386, 42.2357613], [-88.3163794, 42.2349039], [-88.3163626, 42.2343884], [-88.3163392, 42.2326825], [-88.316306, 42.2312861], [-88.3162826, 42.2302077], [-88.3162869, 42.2291157], [-88.316271, 42.2288108], [-88.3162481, 42.2287774], [-88.3162107, 42.2287442], [-88.3161827, 42.2287118], [-88.3161781, 42.2286663], [-88.3161722, 42.2285898], [-88.3161784, 42.2285647], [-88.3162164, 42.2285208], [-88.3162508, 42.2284798], [-88.316237, 42.2283859], [-88.3162282, 42.2269186], [-88.3162027, 42.2267758], [-88.3161487, 42.2266269], [-88.3161329, 42.2265555], [-88.3161432, 42.226449]], [[-88.3162677, 42.2411844], [-88.3162669, 42.2410628]], [[-88.3162677, 42.2411844], [-88.3161078, 42.2411834]], [[-88.3161078, 42.2411834], [-88.3156731, 42.2411879], [-88.3156302, 42.2411882], [-88.3139154, 42.2412033], [-88.3134133, 42.2412085], [-88.3129323, 42.2412135], [-88.3123965, 42.2412134]], [[-88.3123965, 42.2412134], [-88.3122166, 42.2412133], [-88.311502, 42.2412244], [-88.3114126, 42.2412255], [-88.3113162, 42.2412268], [-88.3111381, 42.2412291]], [[-88.3162448, 42.2412865], [-88.3162682, 42.2412723]], [[-88.3161432, 42.226449], [-88.3161801, 42.2260887]], [[-88.3161801, 42.2260887], [-88.3161848, 42.2259363], [-88.3161584, 42.2257562], [-88.3160222, 42.2252932], [-88.3160045, 42.2251832]], [[-88.3160045, 42.2251832], [-88.3159984, 42.224643], [-88.3159931, 42.2242946], [-88.3159903, 42.2241096], [-88.3159885, 42.2239532], [-88.3159828, 42.2237272], [-88.3159894, 42.2235316], [-88.3160198, 42.2232671], [-88.3160255, 42.223091], [-88.3160247, 42.2228877], [-88.3160164, 42.2226669], [-88.315968, 42.2223284], [-88.3159584, 42.2220541], [-88.3159887, 42.2218862], [-88.3160224, 42.221711], [-88.3160246, 42.2216629], [-88.3160299, 42.2215435], [-88.3160252, 42.2214548], [-88.3159948, 42.2213557], [-88.3159886, 42.2213431], [-88.3159444, 42.2212532], [-88.3159319, 42.2211447], [-88.3159304, 42.2211316], [-88.3159252, 42.221078], [-88.315928, 42.2209066], [-88.3159125, 42.2206719], [-88.3158996, 42.2203299], [-88.315903, 42.2199587], [-88.3159082, 42.2198726], [-88.3159202, 42.2198005], [-88.3159821, 42.219595], [-88.315994, 42.2195442], [-88.3159972, 42.2195201], [-88.315992, 42.2194834], [-88.3159777, 42.2194485], [-88.3159266, 42.2193452], [-88.3158492, 42.2191906], [-88.3158167, 42.2191252]], [[-88.3158167, 42.2191252], [-88.315814, 42.2190165], [-88.3158135, 42.2189951], [-88.3158176, 42.2189134]], [[-88.3158176, 42.2189134], [-88.3159142, 42.2188124], [-88.3159571, 42.2187456], [-88.3159599, 42.2187015], [-88.3159519, 42.2186099], [-88.315932, 42.2184422], [-88.3159255, 42.2183406], [-88.3159328, 42.2182172], [-88.3159525, 42.2180797], [-88.3159564, 42.2178694], [-88.3159546, 42.2177849], [-88.3159475, 42.2176965], [-88.3159432, 42.2176014], [-88.3159441, 42.2175431], [-88.3159579, 42.2174793], [-88.3159955, 42.217418], [-88.3160943, 42.2172536], [-88.3162457, 42.2170233], [-88.3162598, 42.2169989]], [[-88.3162598, 42.2169989], [-88.3161627, 42.2169237], [-88.3160576, 42.2168456]], [[-88.3160576, 42.2168456], [-88.3160546, 42.2167749], [-88.3160402, 42.2167394], [-88.3160256, 42.2167053]], [[-88.3160256, 42.2167053], [-88.3161091, 42.2165987], [-88.3161827, 42.2165047]], [[-88.3161827, 42.2165047], [-88.315935, 42.2162965], [-88.3159283, 42.2161191], [-88.3159227, 42.2160967], [-88.3158798, 42.2156835], [-88.3158483, 42.2154274], [-88.3158368, 42.2153339], [-88.315751, 42.2150224], [-88.3155729, 42.2143115], [-88.3154466, 42.2138985], [-88.3145502, 42.2120139]], [[-88.3145502, 42.2120139], [-88.3141937, 42.2112354]], [[-88.3141937, 42.2112354], [-88.3138462, 42.2105258], [-88.3138562, 42.2104582], [-88.3138935, 42.2104013], [-88.3139473, 42.2103533], [-88.3140224, 42.2103131], [-88.3141566, 42.210306], [-88.3150237, 42.2103021], [-88.3151784, 42.2102842], [-88.3152815, 42.2102305], [-88.315346, 42.2101738], [-88.3153502, 42.2100755], [-88.3152704, 42.2098383], [-88.3151632, 42.2096396], [-88.3150612, 42.2094728], [-88.3147769, 42.209135], [-88.3140795, 42.2083403], [-88.3136182, 42.207792], [-88.3134036, 42.2073986], [-88.3133124, 42.2071523], [-88.313232, 42.2068542], [-88.3132051, 42.2065721], [-88.3131998, 42.2063575], [-88.3132212, 42.2061549], [-88.3134144, 42.205229], [-88.3134251, 42.2051257], [-88.3134062, 42.2050657], [-88.3133875, 42.2050065], [-88.3133178, 42.2048754], [-88.3131998, 42.2047562], [-88.3130335, 42.2046608], [-88.3128565, 42.2046012], [-88.3127062, 42.2045813], [-88.311966, 42.2045932], [-88.3115797, 42.2046012], [-88.3113222, 42.2046409], [-88.3111988, 42.2046568], [-88.3111305, 42.2046631], [-88.3110518, 42.2046339]], [[-88.3110518, 42.2046339], [-88.3109445, 42.2044373], [-88.3095283, 42.2015444], [-88.3089446, 42.2002092], [-88.3073825, 42.1977929], [-88.3053817, 42.1954664], [-88.3052524, 42.1953454], [-88.3052307, 42.195221], [-88.305144, 42.1951101], [-88.3030396, 42.1926924]], [[-88.3030396, 42.1926924], [-88.3029804, 42.1926244]], [[-88.3029804, 42.1926244], [-88.3023872, 42.1919428], [-88.3015031, 42.1910016], [-88.3009881, 42.1902576], [-88.3005161, 42.189558], [-88.2999644, 42.1884729], [-88.2996885, 42.1877046], [-88.2994981, 42.1870771], [-88.2993808, 42.1864146], [-88.299333, 42.1860551], [-88.2993374, 42.1857947], [-88.2993208, 42.1855067], [-88.2992591, 42.1852885], [-88.2992715, 42.1850236], [-88.2993771, 42.1838462], [-88.2994872, 42.1832849], [-88.299593, 42.1829321], [-88.2996305, 42.1828072], [-88.3014602, 42.1766471], [-88.301649, 42.1757248], [-88.3017259, 42.175102]], [[-88.3017259, 42.175102], [-88.3017362, 42.1750193]], [[-88.3017362, 42.1750193], [-88.3017606, 42.1748215], [-88.3017177, 42.1740391], [-88.3016367, 42.1736099], [-88.301546, 42.1731295], [-88.3012456, 42.1723025], [-88.3007527, 42.1713465]], [[-88.3007527, 42.1713465], [-88.3003301, 42.1707418]], [[-88.3003301, 42.1707418], [-88.2993807, 42.1694452], [-88.298861, 42.1687354]], [[-88.298861, 42.1687354], [-88.298749, 42.1685854]], [[-88.298749, 42.1685854], [-88.2982934, 42.1679715], [-88.2982084, 42.167877], [-88.2980935, 42.1678283], [-88.2979518, 42.1678009], [-88.2977977, 42.1678306], [-88.2976868, 42.1679197], [-88.2976406, 42.1680065], [-88.2976375, 42.168075], [-88.2976591, 42.1681595], [-88.2977546, 42.1682348], [-88.2979421, 42.1683112], [-88.2981067, 42.1683849], [-88.2981833, 42.1684463], [-88.2982219, 42.1685294], [-88.2982141, 42.1686172], [-88.2981736, 42.1686756], [-88.2980935, 42.1687532], [-88.297961, 42.1688034], [-88.2978224, 42.1688057], [-88.2976591, 42.1687601], [-88.2970275, 42.1683947], [-88.2968457, 42.1683148], [-88.2966239, 42.168244], [-88.2964821, 42.168196], [-88.2963959, 42.1681206], [-88.2963342, 42.1680476], [-88.2963096, 42.1679699], [-88.2963034, 42.1678877], [-88.2963096, 42.1678443], [-88.2963363, 42.1677907], [-88.2963527, 42.1677576], [-88.2964945, 42.1676045], [-88.2965561, 42.1674904], [-88.2966269, 42.1672369], [-88.2966251, 42.1671207], [-88.2966393, 42.1670382], [-88.2966054, 42.1668555], [-88.2965047, 42.1665263], [-88.2964423, 42.1662902], [-88.296393, 42.1660507], [-88.2962911, 42.1658416], [-88.2961771, 42.1656223], [-88.2960659, 42.1654551], [-88.2956035, 42.1648044], [-88.295504, 42.1646503], [-88.2953998, 42.164452], [-88.2953985, 42.1644284], [-88.2954098, 42.1644047], [-88.2954275, 42.1643876]], [[-88.2954275, 42.1643876], [-88.2954358, 42.1642545]], [[-88.2954358, 42.1642545], [-88.2954541, 42.1641348]], [[-88.2954541, 42.1641348], [-88.2954564, 42.1640486], [-88.2954485, 42.1639886], [-88.2954092, 42.1638871], [-88.295369, 42.1638559], [-88.2953455, 42.1638288], [-88.2952145, 42.1636778], [-88.295048, 42.1634632], [-88.2949388, 42.1633237], [-88.2944638, 42.162717]], [[-88.2944638, 42.162717], [-88.2941254, 42.1622587], [-88.2934082, 42.1612872]], [[-88.2934082, 42.1612872], [-88.2927512, 42.1603567], [-88.2924422, 42.1599686], [-88.2923668, 42.1598916], [-88.29234, 42.1598777], [-88.2923024, 42.1598747], [-88.2922662, 42.1598876], [-88.2922461, 42.1598856], [-88.2921463, 42.1598302], [-88.2921026, 42.1598001], [-88.2920959, 42.1597813], [-88.2921053, 42.1597544], [-88.2921401, 42.1597067], [-88.2921589, 42.1596779], [-88.2921656, 42.159652], [-88.2921629, 42.1596202], [-88.2921509, 42.1595914], [-88.2912605, 42.1583347], [-88.2910431, 42.158028], [-88.2883652, 42.1543885], [-88.2879792, 42.153851], [-88.2878097, 42.1538035], [-88.287771, 42.1537356]]]}}, {"type": "Feature", "properties": {"name": "Millennium Trail", "length_mi": 23.1, "osm_source": "way"}, "geometry": {"type": "MultiLineString", "coordinates": [[[-88.0319751, 42.3771229], [-88.0322434, 42.3772616], [-88.0326423, 42.3774251]], [[-88.0114831, 42.3806854], [-88.0117298, 42.3806735], [-88.0120088, 42.3806537], [-88.0122019, 42.3805943], [-88.0124862, 42.3804992], [-88.0127759, 42.3803962], [-88.0130012, 42.3803328], [-88.0132801, 42.3802892], [-88.0136127, 42.3802575], [-88.0138863, 42.3802575], [-88.0142028, 42.3802852], [-88.0144925, 42.3803407], [-88.0149056, 42.3804001], [-88.0151148, 42.3804279], [-88.0153347, 42.3804199], [-88.0154849, 42.3803922], [-88.0156566, 42.3803645], [-88.0158068, 42.3803684], [-88.0159999, 42.3804239], [-88.0162306, 42.3805269], [-88.0163701, 42.3805784], [-88.0164934, 42.3806022], [-88.0166329, 42.3805943], [-88.0167348, 42.3805665], [-88.0168207, 42.3804794], [-88.0168743, 42.3803605], [-88.0169172, 42.3801544], [-88.0169279, 42.3799999], [-88.0168797, 42.3797344], [-88.0168314, 42.3795363], [-88.0168421, 42.3793857], [-88.0168689, 42.3792232], [-88.0169333, 42.3789973], [-88.0169709, 42.3788666], [-88.0170621, 42.3787199], [-88.0171318, 42.378605], [-88.0171479, 42.3784822], [-88.0171264, 42.3783395], [-88.0170513, 42.378177], [-88.016987, 42.3780066], [-88.0169226, 42.3777847], [-88.0168689, 42.377654], [-88.0167617, 42.3775866], [-88.01659, 42.3775589], [-88.0164291, 42.3775589], [-88.0163057, 42.3775272], [-88.016252, 42.3774479], [-88.0162359, 42.3773528], [-88.0162145, 42.3772616], [-88.0161877, 42.3771864]], [[-88.0695923, 42.2661499], [-88.0714921, 42.2661705], [-88.0717576, 42.2661447], [-88.074582, 42.2661308], [-88.0749411, 42.2661584]], [[-88.0695923, 42.2661499], [-88.0693914, 42.2661408], [-88.0692809, 42.2661743], [-88.0691964, 42.2661859], [-88.0682874, 42.2661818], [-88.0678392, 42.2661928], [-88.0675471, 42.2661939], [-88.0666974, 42.2661755], [-88.066328, 42.2661798], [-88.0661329, 42.2661947], [-88.0659863, 42.2662031], [-88.0656896, 42.2662042], [-88.0641309, 42.2662], [-88.0622076, 42.2662042], [-88.0620547, 42.2661983], [-88.0618161, 42.2661797], [-88.0616511, 42.2661632], [-88.0615627, 42.2661595], [-88.0613115, 42.2661642], [-88.0611381, 42.2661674], [-88.0609526, 42.2661744], [-88.060833, 42.2661877], [-88.060668, 42.2661774], [-88.0593042, 42.2661725], [-88.0591171, 42.2661892], [-88.0579779, 42.2661769], [-88.0577324, 42.2661826], [-88.057591, 42.2661863], [-88.0572336, 42.2661722], [-88.0570762, 42.2661662], [-88.0561404, 42.2661594], [-88.0560324, 42.2661606], [-88.0545831, 42.2661781], [-88.05339, 42.2661775], [-88.052437, 42.2661831], [-88.0518798, 42.2661863], [-88.0504207, 42.2661989], [-88.0477385, 42.2662182], [-88.0466789, 42.2662353], [-88.0464988, 42.2662306], [-88.0455615, 42.266221], [-88.0451725, 42.2662214], [-88.0438608, 42.2662521], [-88.0432559, 42.2662923]], [[-88.149877, 42.314857], [-88.149872, 42.314829], [-88.1498709, 42.3147927], [-88.149869, 42.314732], [-88.149847, 42.314626], [-88.149807, 42.314512], [-88.149785, 42.314378], [-88.149788, 42.314299], [-88.14987, 42.314046], [-88.149866, 42.313832], [-88.149781, 42.313621], [-88.149666, 42.313481], [-88.149548, 42.313381], [-88.149398, 42.313291], [-88.149215, 42.313217], [-88.149039, 42.313173], [-88.148868, 42.313152], [-88.148747, 42.313149], [-88.148601, 42.313161], [-88.148133, 42.313265], [-88.148009, 42.31328], [-88.147804, 42.313282], [-88.147613, 42.313259], [-88.147446, 42.313209], [-88.14729, 42.313134], [-88.147203, 42.313078], [-88.147037, 42.312924], [-88.146964, 42.312805], [-88.146907, 42.312673], [-88.146888, 42.312584], [-88.146887, 42.312455], [-88.14693, 42.312292], [-88.1469916, 42.3121866], [-88.147078, 42.312087], [-88.147209, 42.311976], [-88.147401, 42.311838], [-88.147462, 42.311774], [-88.147525, 42.311659], [-88.14753, 42.311468], [-88.147489, 42.311361], [-88.147424, 42.311269], [-88.147344, 42.311191], [-88.147209, 42.311038], [-88.147165, 42.310955], [-88.147143, 42.310871], [-88.147142, 42.310728], [-88.147163, 42.31063], [-88.147198, 42.310543], [-88.147331, 42.310291], [-88.147349, 42.310179], [-88.147335, 42.310054], [-88.14725, 42.309873], [-88.14712, 42.309744], [-88.146977, 42.309656], [-88.146673, 42.309527], [-88.146531, 42.309442], [-88.146413, 42.309341], [-88.146348, 42.309263], [-88.146257, 42.309081], [-88.146238, 42.308995], [-88.146242, 42.30877], [-88.146264, 42.308692], [-88.1463046, 42.3085915], [-88.146325, 42.30851], [-88.146325, 42.308407], [-88.146304, 42.308338], [-88.146252, 42.308251], [-88.1461363, 42.3081535], [-88.145971, 42.308054]], [[-88.14989, 42.316972], [-88.1498889, 42.3169035], [-88.149886, 42.316719], [-88.149843, 42.316539], [-88.149806, 42.316432], [-88.1497952, 42.3163473], [-88.1497952, 42.3162631], [-88.149806, 42.316179], [-88.1498202, 42.3160865], [-88.149843, 42.316005], [-88.149864, 42.315838], [-88.1498257, 42.3156532], [-88.149806, 42.315574], [-88.1497952, 42.3155054], [-88.1497952, 42.3154397], [-88.1498257, 42.3152898], [-88.149865, 42.315113], [-88.149873, 42.3149432], [-88.149877, 42.314857]], [[-88.14989, 42.316972], [-88.1498871, 42.3170544], [-88.1498776, 42.317326], [-88.1498793, 42.3174424], [-88.1499151, 42.3176303], [-88.149912, 42.317718], [-88.149873, 42.317799], [-88.149831, 42.317842], [-88.149778, 42.317879], [-88.149705, 42.317911], [-88.149635, 42.317925], [-88.149559, 42.317927], [-88.1493765, 42.3179121], [-88.1491726, 42.3178909], [-88.148654, 42.317878], [-88.1485051, 42.317879], [-88.148327, 42.3179], [-88.1482, 42.317931], [-88.1480972, 42.3179822], [-88.1480328, 42.3180312], [-88.147979, 42.318092], [-88.147848, 42.318307], [-88.147813, 42.31834], [-88.147773, 42.318363], [-88.147685, 42.318386], [-88.147535, 42.318394], [-88.14713, 42.318372], [-88.146823, 42.318385], [-88.146515, 42.318384], [-88.145932, 42.31833], [-88.145866, 42.318331], [-88.145751, 42.318345], [-88.145639, 42.318396], [-88.145596, 42.3184308], [-88.145576, 42.318447], [-88.145523, 42.318534], [-88.14551, 42.318639], [-88.145512, 42.31898], [-88.145495, 42.319032], [-88.14549, 42.319124], [-88.145455, 42.319262], [-88.145445, 42.319407], [-88.145429, 42.319451], [-88.145424, 42.319736], [-88.145409, 42.319776], [-88.1453998, 42.320121], [-88.1453697, 42.320201], [-88.1453126, 42.3203076], [-88.1452495, 42.3204765], [-88.1452345, 42.3208387], [-88.1452461, 42.3210576], [-88.1452117, 42.3217995], [-88.1453029, 42.3222137], [-88.1452899, 42.3224063], [-88.1452378, 42.3226567], [-88.1452117, 42.3231479], [-88.1452247, 42.3233117], [-88.1452899, 42.323591], [-88.1452768, 42.3238607], [-88.1452378, 42.3241592], [-88.1452347, 42.3242479], [-88.1452207, 42.3246279], [-88.1452316, 42.3248731], [-88.1452899, 42.3251224], [-88.1452797, 42.3254577], [-88.1452508, 42.3257195], [-88.1452473, 42.3259143], [-88.1452638, 42.3262203], [-88.1453029, 42.32675], [-88.1452638, 42.3270197], [-88.1452768, 42.3272316], [-88.1453811, 42.3275686], [-88.1454071, 42.3278576], [-88.1453029, 42.3284258], [-88.1452247, 42.3287243], [-88.1451481, 42.3290226], [-88.1451352, 42.3291288], [-88.1451384, 42.3292925], [-88.1451596, 42.3293985], [-88.1452724, 42.3298837], [-88.1452805, 42.3299569], [-88.1452491, 42.3302477], [-88.1452237, 42.3312981], [-88.1451387, 42.3316241], [-88.1451497, 42.3316827], [-88.1452297, 42.3318057], [-88.1452514, 42.3318741], [-88.1452458, 42.3322101], [-88.1452379, 42.3324057], [-88.1452759, 42.3325225], [-88.1453651, 42.3326446], [-88.1454197, 42.332746], [-88.1454332, 42.3328045], [-88.1454212, 42.3328536], [-88.1453448, 42.3330047], [-88.1452921, 42.3331358], [-88.1452773, 42.3331879], [-88.1452743, 42.3332755], [-88.1452998, 42.33341], [-88.1453687, 42.333537], [-88.1454462, 42.3336262], [-88.1455351, 42.3337021], [-88.1455795, 42.3337638], [-88.145581, 42.3338309], [-88.145469, 42.3339964], [-88.1454385, 42.3340489], [-88.1454299, 42.3340934], [-88.1454367, 42.3341634], [-88.1454638, 42.3342459], [-88.145534, 42.3343405], [-88.1456303, 42.334411], [-88.1457311, 42.3344652], [-88.1458072, 42.3345232], [-88.1458529, 42.3345721], [-88.1458941, 42.3346319], [-88.145927, 42.3347031], [-88.1459365, 42.3347776], [-88.1459271, 42.3348827], [-88.1458888, 42.3349534], [-88.1458291, 42.3350292], [-88.145681, 42.3351354], [-88.1455244, 42.3352247], [-88.1454595, 42.3352813], [-88.1454232, 42.3353435], [-88.1454071, 42.3354173], [-88.145413, 42.3354843], [-88.1454417, 42.3355486], [-88.145581, 42.3356702], [-88.1458631, 42.3358603], [-88.1459778, 42.3359681], [-88.1460458, 42.3360691], [-88.1460976, 42.3361881], [-88.146116, 42.3363281], [-88.1461047, 42.3364583], [-88.1460585, 42.3365825], [-88.1459759, 42.3367038], [-88.1458586, 42.3368295], [-88.1457648, 42.336896], [-88.1456368, 42.3369648], [-88.1454876, 42.3370184], [-88.145339, 42.3370493], [-88.1451844, 42.3370633], [-88.1448957, 42.3370641], [-88.1441174, 42.337064], [-88.1439796, 42.3370741], [-88.1438625, 42.3370977], [-88.1437453, 42.3371397], [-88.1435816, 42.3372341], [-88.1435019, 42.337315], [-88.1434517, 42.337378], [-88.1434181, 42.3374559], [-88.1433995, 42.3375251], [-88.143387, 42.3376056], [-88.1433793, 42.3377242], [-88.1433832, 42.3378684], [-88.1433757, 42.3380093], [-88.1433596, 42.3380918], [-88.1433323, 42.3381707], [-88.1432782, 42.3382635], [-88.1432117, 42.3383632], [-88.1430625, 42.3384944], [-88.1428278, 42.3386326]], [[-88.1103954, 42.2771483], [-88.1103905, 42.2770909], [-88.1104505, 42.2769611], [-88.110509, 42.2768973], [-88.110591, 42.276856], [-88.11068, 42.276827], [-88.110826, 42.276821], [-88.111354, 42.276898], [-88.111549, 42.276892], [-88.111638, 42.276862], [-88.111709, 42.276813], [-88.111838, 42.276659], [-88.111853, 42.276624]], [[-88.1457529, 42.3079734], [-88.1455426, 42.3079449], [-88.1451667, 42.3078725], [-88.1449516, 42.3078211], [-88.1448147, 42.307744], [-88.1446648, 42.3076283], [-88.1444324, 42.3075191], [-88.143987, 42.3073809], [-88.1438349, 42.3073712], [-88.1436937, 42.307397], [-88.143572, 42.3074484], [-88.1434938, 42.3075062], [-88.1434199, 42.3075866], [-88.1433743, 42.307683], [-88.1433613, 42.308126]], [[-88.1433613, 42.308126], [-88.143271, 42.308126], [-88.14313, 42.308155], [-88.143069, 42.3081775], [-88.142693, 42.308316], [-88.142172, 42.308411], [-88.141962, 42.308501], [-88.141846, 42.308617], [-88.141802, 42.308757], [-88.141864, 42.309078], [-88.141858, 42.309186], [-88.141818, 42.30929], [-88.141718, 42.309368], [-88.141636, 42.309407], [-88.141133, 42.309544], [-88.140996, 42.309646], [-88.140955, 42.309711], [-88.140941, 42.30989], [-88.141036, 42.310206], [-88.141045, 42.310314], [-88.141005, 42.310454], [-88.140957, 42.310517], [-88.140864, 42.310601], [-88.140708, 42.310688], [-88.140479, 42.310748], [-88.140333, 42.310755], [-88.140139, 42.310741], [-88.139996, 42.310716], [-88.139817, 42.310659], [-88.139665, 42.31057], [-88.139572, 42.310444], [-88.139564, 42.310336], [-88.139616, 42.31016], [-88.139701, 42.309991], [-88.139808, 42.309871], [-88.140332, 42.309494], [-88.140409, 42.309402], [-88.140486, 42.309232], [-88.140478, 42.309124], [-88.14043, 42.309022], [-88.140126, 42.308695], [-88.140037, 42.308567], [-88.139877, 42.308188], [-88.139723, 42.307963], [-88.139654, 42.307828], [-88.139651, 42.307684], [-88.139673, 42.307614], [-88.139781, 42.307454], [-88.140001, 42.307215], [-88.140099, 42.307089], [-88.140151, 42.306987], [-88.140184, 42.306771], [-88.140155, 42.306591], [-88.140033, 42.306315], [-88.139812, 42.30595], [-88.139469, 42.305233], [-88.139314, 42.305006], [-88.139062, 42.304784], [-88.138832, 42.304647], [-88.138579, 42.304536], [-88.138348, 42.304474], [-88.137776, 42.304367], [-88.137602, 42.3043], [-88.137488, 42.30423], [-88.137368, 42.304115], [-88.137096, 42.303729], [-88.136919, 42.303605], [-88.136788, 42.303556], [-88.1365, 42.303511], [-88.136205, 42.303512], [-88.136011, 42.303537], [-88.135537, 42.303637], [-88.135151, 42.303699], [-88.134856, 42.303708], [-88.134469, 42.303653], [-88.134371, 42.303657], [-88.13423, 42.30369], [-88.13412, 42.303761], [-88.134046, 42.303855], [-88.133963, 42.304102], [-88.133889, 42.304237], [-88.133826, 42.304292], [-88.133744, 42.304333], [-88.133602, 42.30436], [-88.133457, 42.304342], [-88.133344, 42.304274], [-88.133287, 42.304216], [-88.133098, 42.303919], [-88.133006, 42.303834], [-88.132878, 42.30378], [-88.132782, 42.303768], [-88.132684, 42.303777], [-88.132553, 42.303825], [-88.132315, 42.303956], [-88.132223, 42.303979], [-88.132125, 42.303979], [-88.132029, 42.303962], [-88.131769, 42.303859], [-88.131675, 42.303838], [-88.131478, 42.303835], [-88.131236, 42.303867], [-88.131138, 42.303858], [-88.130966, 42.303789], [-88.130707, 42.303621], [-88.130582, 42.303563], [-88.130391, 42.303528], [-88.130096, 42.303533], [-88.129857, 42.303568], [-88.12966, 42.30356], [-88.129517, 42.303533], [-88.129198, 42.303436], [-88.128274, 42.303318], [-88.127998, 42.303239], [-88.12749, 42.303014], [-88.127307, 42.302958], [-88.126829, 42.302869], [-88.1265392, 42.3027538], [-88.1264042, 42.3027327], [-88.126156, 42.3027091], [-88.1259976, 42.3026499], [-88.1257198, 42.30253], [-88.125302, 42.302504], [-88.125231, 42.3025013]], [[-88.1249755, 42.3021446], [-88.1250325, 42.3020278], [-88.125099, 42.3019868], [-88.1251839, 42.3019731], [-88.1252747, 42.3019864], [-88.125354, 42.301998], [-88.125713, 42.302111], [-88.125902, 42.302148], [-88.126097, 42.302149], [-88.12653, 42.302092], [-88.126725, 42.30208], [-88.126865, 42.302109], [-88.126988, 42.302167], [-88.127125, 42.302316], [-88.127183, 42.302416], [-88.127284, 42.302494], [-88.127366, 42.302533], [-88.127645, 42.302598], [-88.127791, 42.302597], [-88.127881, 42.302571], [-88.127975, 42.30249], [-88.128016, 42.302386], [-88.128003, 42.302351], [-88.127934, 42.302216], [-88.12771, 42.301979], [-88.127567, 42.301791], [-88.127506, 42.301654], [-88.127464, 42.301403], [-88.12748, 42.30126], [-88.127519, 42.301155], [-88.127566, 42.301092], [-88.127764, 42.300932], [-88.127844, 42.300801], [-88.127838, 42.300694], [-88.127742, 42.300414], [-88.127756, 42.300343], [-88.127822, 42.300247], [-88.127943, 42.300189], [-88.128372, 42.300119], [-88.128556, 42.300069], [-88.128664, 42.299998], [-88.128772, 42.299836], [-88.128844, 42.29979], [-88.12894, 42.299786], [-88.12913, 42.29982], [-88.129227, 42.299822], [-88.12937, 42.299798], [-88.129458, 42.299768], [-88.129612, 42.29968], [-88.129785, 42.299505], [-88.129856, 42.299457], [-88.129949, 42.299437], [-88.130144, 42.299438], [-88.130231, 42.299409], [-88.130291, 42.299352], [-88.130386, 42.299147], [-88.130448, 42.299093], [-88.130592, 42.299086], [-88.130929, 42.299128], [-88.131512, 42.299085], [-88.131756, 42.299095], [-88.132195, 42.299142], [-88.132343, 42.299144], [-88.132488, 42.299124], [-88.132617, 42.299071], [-88.132722, 42.298994], [-88.13279, 42.298898], [-88.132808, 42.29879], [-88.132804, 42.298717], [-88.132725, 42.298431], [-88.132725, 42.298285], [-88.132764, 42.297996], [-88.132678, 42.297674], [-88.132676, 42.297236], [-88.132626, 42.297058], [-88.132518, 42.296938], [-88.132403, 42.296869], [-88.131797, 42.296626], [-88.131608, 42.296587], [-88.131223, 42.29654], [-88.131087, 42.296501], [-88.130936, 42.29641], [-88.13067, 42.296152], [-88.130516, 42.296063], [-88.130341, 42.295999], [-88.129234, 42.295713], [-88.128998, 42.295665], [-88.128853, 42.295651], [-88.128315, 42.295651], [-88.128121, 42.295634], [-88.127984, 42.295596], [-88.127689, 42.295468], [-88.1276563, 42.295458], [-88.1274449, 42.2953888]], [[-88.1274449, 42.2953888], [-88.127274, 42.295321], [-88.127065, 42.295169], [-88.126983, 42.29513], [-88.126515, 42.295026], [-88.125878, 42.294841], [-88.125755, 42.294782], [-88.125589, 42.29465], [-88.125502, 42.294621], [-88.125454, 42.294624], [-88.125378, 42.294668], [-88.125281, 42.294793], [-88.12521, 42.294843], [-88.125118, 42.294866], [-88.12507, 42.294863], [-88.124978, 42.294839], [-88.124904, 42.294793], [-88.12469, 42.294595], [-88.124514, 42.294537], [-88.124368, 42.294526], [-88.124124, 42.294535], [-88.123834, 42.294569], [-88.123312, 42.294665], [-88.123019, 42.294668], [-88.122779, 42.294636], [-88.122406, 42.294549], [-88.122182, 42.294477], [-88.122059, 42.294417], [-88.121949, 42.294346], [-88.12183, 42.294231], [-88.121771, 42.294132], [-88.121736, 42.294026], [-88.121734, 42.293918], [-88.121761, 42.293812], [-88.121954, 42.293402], [-88.122001, 42.29319], [-88.121972, 42.292937], [-88.121898, 42.29269], [-88.121737, 42.292273], [-88.121673, 42.292175], [-88.121411, 42.29196], [-88.121308, 42.291883], [-88.121185, 42.291825], [-88.121041, 42.291807], [-88.120658, 42.291864], [-88.120463, 42.291863], [-88.120327, 42.291824], [-88.119954, 42.291652], [-88.119716, 42.291614], [-88.118985, 42.291657], [-88.117959, 42.291615], [-88.117716, 42.291637], [-88.117434, 42.291698], [-88.11724, 42.291715], [-88.116899, 42.291699], [-88.116761, 42.291667], [-88.116692, 42.291616], [-88.116668, 42.291547], [-88.116693, 42.291441], [-88.116773, 42.29131], [-88.116772, 42.291202], [-88.116561, 42.290759], [-88.116522, 42.290617], [-88.116504, 42.290363], [-88.116518, 42.289856], [-88.116378, 42.289361], [-88.116375, 42.289143], [-88.116421, 42.28904], [-88.116505, 42.288951], [-88.116876, 42.288715], [-88.116939, 42.288659], [-88.116978, 42.288593], [-88.117013, 42.288451], [-88.11706, 42.287945], [-88.117125, 42.287697], [-88.117274, 42.287276], [-88.117276, 42.287203], [-88.117249, 42.287136], [-88.117179, 42.287086], [-88.1170777, 42.2870539], [-88.1170046, 42.2870184], [-88.1169009, 42.2869541], [-88.116805, 42.286912], [-88.1165002, 42.2868174], [-88.1164606, 42.2867857], [-88.1164331, 42.2867353], [-88.1164508, 42.2866599]], [[-88.1141351, 42.2824323], [-88.1141288, 42.2823875], [-88.1140274, 42.2823057], [-88.113812, 42.282202], [-88.113717, 42.282118], [-88.113677, 42.281977], [-88.113748, 42.281801], [-88.113771, 42.281693], [-88.11375, 42.281548], [-88.113637, 42.281305], [-88.113506, 42.281196], [-88.113371, 42.28115], [-88.113225, 42.281129], [-88.112979, 42.281139], [-88.112792, 42.281189], [-88.112101, 42.281478], [-88.111958, 42.28151], [-88.111859, 42.281514], [-88.111717, 42.281485], [-88.111589, 42.281428], [-88.111443, 42.281329], [-88.11131, 42.281174], [-88.111021, 42.280748], [-88.110998, 42.280603], [-88.11102, 42.280532], [-88.111065, 42.280467], [-88.111317, 42.280291], [-88.1113789, 42.2802052], [-88.1113881, 42.2801143], [-88.111354, 42.279897], [-88.111304, 42.279208], [-88.111222, 42.279036], [-88.111045, 42.278776], [-88.111028, 42.278632], [-88.111074, 42.278529], [-88.111201, 42.278418], [-88.11135, 42.278323], [-88.11146, 42.278202], [-88.1115, 42.27806], [-88.1114956, 42.2777592], [-88.1115663, 42.2775796], [-88.1115417, 42.2774955], [-88.111479, 42.277434], [-88.1113666, 42.2773886], [-88.110656, 42.277373], [-88.1104884, 42.2773628], [-88.1104633, 42.2773613], [-88.110411, 42.2773113]], [[-88.100078, 42.2596205], [-88.0996644, 42.2597841]], [[-88.0917041, 42.2554807], [-88.091426, 42.255369], [-88.091245, 42.255313], [-88.091103, 42.255287], [-88.090956, 42.255284], [-88.09047, 42.255322], [-88.090372, 42.255313], [-88.090051, 42.255224], [-88.089861, 42.255191], [-88.089665, 42.255182], [-88.089374, 42.255193], [-88.089234, 42.255223], [-88.089147, 42.255257], [-88.089068, 42.2553], [-88.0888421, 42.2555065], [-88.0887461, 42.2555537], [-88.0886358, 42.2555689], [-88.0884683, 42.2555824], [-88.0882994, 42.2556088], [-88.0879732, 42.2556381], [-88.0878399, 42.2556606], [-88.0876968, 42.2557057], [-88.087539, 42.255771], [-88.087398, 42.255801], [-88.0872718, 42.2558114], [-88.0871176, 42.2558153], [-88.0870174, 42.2558299], [-88.0869137, 42.2558664], [-88.086795, 42.255929], [-88.0865511, 42.2560901], [-88.08623, 42.256275], [-88.086137, 42.256359], [-88.0860835, 42.2564253], [-88.086042, 42.256526], [-88.0860033, 42.2566261], [-88.0859913, 42.2566994], [-88.0860068, 42.2567601], [-88.086169, 42.257086], [-88.0861869, 42.2571602], [-88.0861833, 42.2572393], [-88.0861715, 42.2573119], [-88.0861012, 42.257423], [-88.0860446, 42.2575452], [-88.0860334, 42.2576415], [-88.0860372, 42.2577252], [-88.0860778, 42.2579979], [-88.0861059, 42.2581161], [-88.086095, 42.2581903], [-88.0860725, 42.2582355], [-88.0860267, 42.2582791], [-88.085949, 42.258307], [-88.0858516, 42.258332]], [[-88.1393088, 42.3418122], [-88.139107, 42.3418934], [-88.1390049, 42.341927], [-88.1389073, 42.341945], [-88.138804, 42.3419517], [-88.1386772, 42.3419399], [-88.1385553, 42.3419162], [-88.1384385, 42.3418823], [-88.1383946, 42.3418603], [-88.138347, 42.3418299], [-88.1383068, 42.3417821], [-88.1382527, 42.3416515], [-88.1382109, 42.3414731], [-88.138051, 42.3409271], [-88.1379995, 42.3408307], [-88.1379348, 42.3407651], [-88.1378461, 42.34071], [-88.1376578, 42.3406276], [-88.1375962, 42.340611], [-88.1374837, 42.3405977], [-88.1373898, 42.3405989], [-88.1372882, 42.3406161], [-88.1372131, 42.3406346], [-88.1371291, 42.3406554], [-88.1370309, 42.3406822], [-88.1369344, 42.3407086], [-88.1367869, 42.3407501], [-88.136688, 42.3407717], [-88.1366027, 42.3407762], [-88.1364879, 42.3407596], [-88.1364012, 42.3407421], [-88.1362875, 42.340725], [-88.1362087, 42.3407171], [-88.1361212, 42.3407142], [-88.1360051, 42.3407181], [-88.1358954, 42.3407327], [-88.1357699, 42.3407545], [-88.1356344, 42.3407869], [-88.135434, 42.3408462], [-88.1352879, 42.3408927], [-88.1352299, 42.3409284], [-88.1351725, 42.3409829], [-88.1351553, 42.3410251], [-88.1351488, 42.3410536], [-88.135149, 42.341099], [-88.1351564, 42.3412729], [-88.1351765, 42.341495], [-88.1351738, 42.341613], [-88.1351604, 42.3417626], [-88.135131, 42.3419945], [-88.1351193, 42.3421094], [-88.1351107, 42.3422974], [-88.135104, 42.3428765], [-88.1350984, 42.3429704], [-88.1350923, 42.3430077], [-88.1350726, 42.3430439], [-88.1350402, 42.3430712], [-88.1349861, 42.3430885], [-88.1349413, 42.3430934], [-88.1348869, 42.3430958], [-88.1347751, 42.3430927], [-88.1334619, 42.3430222], [-88.1326326, 42.3429983], [-88.1325017, 42.3429945], [-88.1324309, 42.3429939], [-88.1303482, 42.3429756], [-88.130221, 42.3429739], [-88.1301477, 42.3429732], [-88.1293742, 42.3429707], [-88.1287654, 42.3430063], [-88.1285723, 42.3430024], [-88.1283464, 42.3429755], [-88.128255, 42.3429691], [-88.1279178, 42.3429658], [-88.1277417, 42.3429599], [-88.1276191, 42.3429867], [-88.1275154, 42.3429973], [-88.1270971, 42.342927], [-88.1266625, 42.342937], [-88.1261315, 42.3429152], [-88.1251095, 42.3428973], [-88.1245168, 42.3429409], [-88.1242807, 42.3428993], [-88.1240796, 42.3428696], [-88.124049, 42.3428734], [-88.123696, 42.3429171], [-88.1235539, 42.3429231], [-88.1233098, 42.3429072], [-88.1230818, 42.3428834], [-88.1228162, 42.3428914], [-88.122489, 42.3428894], [-88.1222442, 42.3428568], [-88.1219526, 42.3428286], [-88.1217011, 42.3428064], [-88.1215222, 42.3427883], [-88.1211583, 42.3427656], [-88.1208523, 42.3427475], [-88.1206861, 42.3427365], [-88.1205402, 42.342745]], [[-88.0169057, 42.394461], [-88.0170171, 42.394362], [-88.0170856, 42.3942392], [-88.0171415, 42.3941225], [-88.0173469, 42.3939851], [-88.0180245, 42.3936813], [-88.0182637, 42.3935412], [-88.0184633, 42.3934037], [-88.018929, 42.3931941], [-88.0190279, 42.3931246], [-88.0191235, 42.3929989], [-88.0195795, 42.3923468], [-88.0197285, 42.3921013], [-88.0197721, 42.3919455], [-88.0198065, 42.3918236], [-88.0197996, 42.3916661], [-88.0197867, 42.3916191], [-88.0197698, 42.3915577], [-88.0197469, 42.3914578], [-88.0197469, 42.3910277], [-88.0196712, 42.3908449], [-88.0195726, 42.3906467], [-88.0195612, 42.3905587], [-88.019552, 42.3904283], [-88.0195726, 42.3902657], [-88.0195497, 42.3901946], [-88.0195084, 42.3901201], [-88.019419, 42.3899779], [-88.0193915, 42.3898966], [-88.0193778, 42.3897984], [-88.0193823, 42.389646], [-88.0194305, 42.3895021], [-88.0195887, 42.3892515], [-88.0199418, 42.3890195], [-88.0200151, 42.388923], [-88.0200518, 42.3888163], [-88.0200403, 42.3886622], [-88.020061, 42.3885792], [-88.0200862, 42.3883828], [-88.0200541, 42.3882287], [-88.0199899, 42.3878307], [-88.0199876, 42.3874345], [-88.0199349, 42.3873346], [-88.0198707, 42.387321], [-88.0195291, 42.3872482], [-88.0188688, 42.3872076], [-88.0187221, 42.3872228], [-88.0185822, 42.3872601], [-88.018479, 42.3873278], [-88.018126, 42.3875971], [-88.0179173, 42.3876716], [-88.0176926, 42.3876987], [-88.0174634, 42.38768], [-88.0172639, 42.3876258], [-88.0170782, 42.3875412], [-88.0168765, 42.3874108], [-88.0167527, 42.3873617], [-88.016599, 42.3873295], [-88.0163904, 42.387321], [-88.0161772, 42.3873786], [-88.0160144, 42.3874616], [-88.0158746, 42.387531], [-88.0157164, 42.3875971], [-88.0155651, 42.3876326], [-88.0153518, 42.3876496], [-88.0149758, 42.3875886], [-88.0147718, 42.3875852], [-88.0143224, 42.3876512], [-88.0141803, 42.3876546], [-88.0140679, 42.3876225], [-88.0139923, 42.38757], [-88.0139831, 42.3875141], [-88.014006, 42.3873498], [-88.0140083, 42.387233], [-88.0139373, 42.3869688], [-88.013935, 42.3868198], [-88.0139052, 42.3867707], [-88.0137837, 42.3866826], [-88.0136919, 42.3866081], [-88.0136232, 42.3865302], [-88.0136278, 42.3864337], [-88.013669, 42.3863558], [-88.0138135, 42.3862593], [-88.0139671, 42.3861899], [-88.0140057, 42.3861263]], [[-88.0173715, 42.3958364], [-88.0175171, 42.3959631], [-88.0175755, 42.3960672], [-88.0175787, 42.3961941], [-88.0175447, 42.3963091], [-88.0174296, 42.3964779], [-88.0172529, 42.3966419], [-88.0171978, 42.3967389], [-88.0171686, 42.3968382], [-88.0171475, 42.3972309], [-88.0170632, 42.3974356], [-88.0169919, 42.397553], [-88.0168362, 42.3976978], [-88.0167487, 42.3977972], [-88.0165558, 42.3980725], [-88.0163548, 42.3982437], [-88.0162186, 42.3983156], [-88.0156171, 42.3985526], [-88.0154453, 42.3985981], [-88.0149979, 42.3986651], [-88.0148017, 42.3987166], [-88.014518, 42.3988435], [-88.0143299, 42.3989537], [-88.0142894, 42.3990279], [-88.0142797, 42.3991057], [-88.0143008, 42.3991668], [-88.0143624, 42.3993356], [-88.0143478, 42.3993858], [-88.0142505, 42.3995858], [-88.0142489, 42.3996648], [-88.0142975, 42.39983], [-88.0142845, 42.3999976], [-88.0142229, 42.4002107], [-88.0142262, 42.4002945], [-88.0142618, 42.400352], [-88.0144856, 42.4004322], [-88.0145747, 42.4004358], [-88.0147628, 42.4004034], [-88.0149833, 42.4003352], [-88.0150903, 42.400334], [-88.0152572, 42.4003615], [-88.015622, 42.400419], [-88.0158522, 42.4004393], [-88.0160905, 42.4004489], [-88.0162445, 42.4004669], [-88.0164455, 42.4005153], [-88.016478, 42.4005231], [-88.0166141, 42.4005722], [-88.0166822, 42.4006213], [-88.0167374, 42.4007003], [-88.0167584, 42.4007937], [-88.0167033, 42.4009697], [-88.0166741, 42.4011421], [-88.0166839, 42.401336], [-88.0167179, 42.4015263], [-88.0166952, 42.4016221], [-88.0166044, 42.4017442], [-88.0165461, 42.4018675], [-88.0165428, 42.4019729], [-88.0165558, 42.4020387], [-88.0166531, 42.402241], [-88.016666, 42.4024134], [-88.0166547, 42.4025307], [-88.0166044, 42.4026935], [-88.0165833, 42.4030682], [-88.0165007, 42.403152], [-88.016371, 42.4032813], [-88.0163499, 42.4033292], [-88.0163386, 42.403407], [-88.0163385, 42.4034753], [-88.0163207, 42.4037278], [-88.0162721, 42.4038786], [-88.0162705, 42.4039397], [-88.0163142, 42.4041432], [-88.0163029, 42.4042054], [-88.0162624, 42.4042701], [-88.0161505, 42.4044413], [-88.0160873, 42.4045694], [-88.0159333, 42.4048411], [-88.0158065, 42.4050073], [-88.0157164, 42.4051131], [-88.0156213, 42.4052175], [-88.0155754, 42.4052584], [-88.0155648, 42.4053071], [-88.0155836, 42.4053732], [-88.015606, 42.4054359], [-88.0156131, 42.4057264], [-88.0156172, 42.405754], [-88.0156095, 42.4058803], [-88.0155907, 42.4060641], [-88.0155589, 42.4061685], [-88.0154611, 42.4063024], [-88.0153209, 42.4064572], [-88.0152102, 42.4065407], [-88.015057, 42.4066173], [-88.0149051, 42.406666], [-88.0147543, 42.4066912], [-88.0144444, 42.4066991], [-88.0141735, 42.4067086], [-88.0139756, 42.4066938], [-88.0138001, 42.4066825], [-88.0136516, 42.4066938], [-88.013489, 42.4067156], [-88.0133088, 42.4067565], [-88.0130885, 42.4068156], [-88.0128859, 42.4069043], [-88.0128105, 42.4069487], [-88.0127625, 42.4069789], [-88.0126467, 42.407067], [-88.0124806, 42.4072253], [-88.0123623, 42.4073828], [-88.0123473, 42.4075464], [-88.0123457, 42.4076313], [-88.0123107, 42.4076928], [-88.0122823, 42.4077629], [-88.0122757, 42.4078047], [-88.0122773, 42.4078959], [-88.0122724, 42.408004], [-88.0122424, 42.408063], [-88.012214, 42.408095]], [[-88.0856951, 42.2583689], [-88.08557, 42.258391], [-88.0854466, 42.2584098], [-88.085411, 42.258559], [-88.085405, 42.258779], [-88.085381, 42.258887], [-88.085232, 42.259197], [-88.085096, 42.25935], [-88.084909, 42.259469], [-88.084769, 42.259506], [-88.084574, 42.25953], [-88.084376, 42.259523], [-88.08423, 42.259501], [-88.083852, 42.259415], [-88.083609, 42.259388], [-88.083512, 42.259395], [-88.083424, 42.259426], [-88.083211, 42.259574], [-88.083045, 42.259652], [-88.082824, 42.259795], [-88.082736, 42.259828], [-88.08237, 42.259934], [-88.081175, 42.260146], [-88.081037, 42.260183], [-88.080867, 42.260256], [-88.080721, 42.260353], [-88.080664, 42.260412], [-88.080602, 42.260511], [-88.080581, 42.260619], [-88.080593, 42.26069], [-88.080641, 42.260793], [-88.080843, 42.261084], [-88.080928, 42.261292], [-88.080941, 42.261583], [-88.080859, 42.261792], [-88.080793, 42.261889], [-88.080645, 42.262035], [-88.080498, 42.262131], [-88.080331, 42.262208], [-88.080149, 42.262262], [-88.079956, 42.262292], [-88.079567, 42.262324], [-88.079442, 42.26238], [-88.079359, 42.262469], [-88.079314, 42.262647], [-88.079309, 42.262864], [-88.079207, 42.263143], [-88.079186, 42.263287], [-88.079208, 42.263794], [-88.079329, 42.264144], [-88.079471, 42.264453], [-88.079514, 42.264631], [-88.079632, 42.264945], [-88.079652, 42.265089], [-88.079651, 42.265415], [-88.079628, 42.265522], [-88.079596, 42.26559], [-88.07948, 42.265706], [-88.079153, 42.265866], [-88.078846, 42.265978], [-88.078371, 42.266063], [-88.078078, 42.266071], [-88.077739, 42.26603], [-88.077397, 42.266021], [-88.077251, 42.266035], [-88.076833, 42.266135], [-88.076441, 42.26615], [-88.0760174, 42.2661907], [-88.0755738, 42.2662265], [-88.075228, 42.266225], [-88.075133, 42.266207], [-88.0750775, 42.2661929], [-88.0749411, 42.2661584]], [[-88.0858516, 42.258332], [-88.0856951, 42.2583689]], [[-88.1079601, 42.2628309], [-88.1079724, 42.2624482]], [[-88.0114831, 42.3806854], [-88.0111473, 42.380753], [-88.0108416, 42.3808798], [-88.0106922, 42.3809639], [-88.0106163, 42.3810066], [-88.0104392, 42.3811691], [-88.0103051, 42.381383], [-88.0102354, 42.3815336], [-88.0102461, 42.3816683]], [[-88.0103266, 42.3820765], [-88.010407, 42.3822231], [-88.0105358, 42.3823182], [-88.0107289, 42.3823776], [-88.0109381, 42.3824331], [-88.011099, 42.3825203], [-88.0112005, 42.3826891]], [[-88.0102461, 42.3816683], [-88.0103266, 42.3820765]], [[-88.0173715, 42.3958364], [-88.0172145, 42.3957476], [-88.0170375, 42.395716], [-88.0168765, 42.3957239], [-88.0167102, 42.3957516], [-88.0164957, 42.395811], [-88.0163025, 42.3958269], [-88.0160933, 42.3957992], [-88.015927, 42.3957397], [-88.015809, 42.3956407], [-88.0157393, 42.3955416], [-88.0156856, 42.3954386], [-88.0157232, 42.3952722], [-88.0158036, 42.3951455], [-88.0159324, 42.3950702], [-88.0161738, 42.3949434], [-88.0164366, 42.3948087], [-88.016662, 42.3946621]], [[-88.0169057, 42.394461], [-88.016662, 42.3946621]], [[-88.1428278, 42.3386326], [-88.1425458, 42.3387318], [-88.1423295, 42.338831], [-88.1420818, 42.3390032], [-88.1419122, 42.3391671], [-88.141764, 42.3393665], [-88.14169, 42.3395068], [-88.1416386, 42.3396471], [-88.141608, 42.3398079], [-88.1415925, 42.3399729], [-88.1416215, 42.3401804], [-88.1416966, 42.3404184], [-88.1417168, 42.3405418], [-88.14172, 42.3406525], [-88.1417102, 42.3407595], [-88.1416815, 42.3408722], [-88.1415933, 42.3410508], [-88.1415486, 42.341108], [-88.1414917, 42.3411613], [-88.1413117, 42.3412858], [-88.141162, 42.3413976], [-88.1410801, 42.3414516], [-88.1409789, 42.3414906], [-88.1408524, 42.3415361], [-88.1407257, 42.3415639], [-88.1406023, 42.3415829], [-88.1404323, 42.3415929], [-88.1402736, 42.3415862], [-88.1401119, 42.3415757], [-88.1400186, 42.3415777], [-88.1398834, 42.3415922], [-88.1398014, 42.341613], [-88.1397084, 42.3416426], [-88.1395951, 42.3416844]], [[-88.1395951, 42.3416844], [-88.1393088, 42.3418122]], [[-88.0313605, 42.3768969], [-88.0316442, 42.3769912], [-88.0317391, 42.3770291], [-88.0318427, 42.3770705], [-88.0319751, 42.3771229]], [[-88.0917041, 42.2554807], [-88.091612, 42.255588], [-88.091421, 42.255839], [-88.091354, 42.255974], [-88.091333, 42.256045], [-88.091348, 42.256188], [-88.09145, 42.256389], [-88.091794, 42.256738], [-88.091841, 42.25684], [-88.091834, 42.256911], [-88.091785, 42.257012], [-88.091689, 42.257092], [-88.091285, 42.257293], [-88.090999, 42.257489], [-88.090825, 42.257705], [-88.090745, 42.257875], [-88.09073, 42.257982], [-88.090756, 42.258087], [-88.090911, 42.258269], [-88.091047, 42.25837], [-88.091258, 42.258459], [-88.091807, 42.258604], [-88.09189, 42.258642], [-88.092027, 42.258744], [-88.092122, 42.258909], [-88.092159, 42.25905], [-88.092141, 42.2593], [-88.092167, 42.259406], [-88.092369, 42.259652], [-88.092444, 42.259785], [-88.092505, 42.25984], [-88.092594, 42.259867], [-88.092691, 42.259867], [-88.093154, 42.259759], [-88.093347, 42.259762], [-88.093777, 42.25993], [-88.093996, 42.260072], [-88.094077, 42.2601344], [-88.0942, 42.260173]], [[-88.111853, 42.276624], [-88.111866, 42.27659], [-88.111885, 42.276447], [-88.111857, 42.276304], [-88.111675, 42.275929], [-88.111652, 42.275786], [-88.111658, 42.275351], [-88.111737, 42.27518], [-88.111843, 42.275058], [-88.112115, 42.274801], [-88.112239, 42.274646], [-88.112336, 42.274441], [-88.112361, 42.274298], [-88.11236, 42.274153], [-88.112317, 42.273975], [-88.112236, 42.273804], [-88.112093, 42.273615], [-88.111961, 42.273508], [-88.111773, 42.273392], [-88.1116, 42.273324], [-88.111101, 42.273175], [-88.110812, 42.273039], [-88.110549, 42.272876], [-88.110447, 42.272798], [-88.110217, 42.272564], [-88.110099, 42.272405], [-88.109965, 42.272133], [-88.109912, 42.27192], [-88.109889, 42.27174], [-88.10989, 42.27145], [-88.109936, 42.271236], [-88.110101, 42.270895], [-88.110503, 42.270434], [-88.110623, 42.270234], [-88.110659, 42.270091], [-88.110664, 42.269872], [-88.11064, 42.269727], [-88.110595, 42.269623], [-88.110448, 42.269433], [-88.110325, 42.269318], [-88.11018, 42.269219], [-88.110056, 42.26916], [-88.109921, 42.269114], [-88.109683, 42.269064], [-88.108995, 42.269015], [-88.108756, 42.268978], [-88.108479, 42.268908], [-88.108181, 42.268785], [-88.107835, 42.268586], [-88.107547, 42.268341], [-88.107351, 42.268093], [-88.107195, 42.267751], [-88.107145, 42.267538], [-88.107143, 42.267358], [-88.107166, 42.267142], [-88.107205, 42.267001], [-88.107348, 42.266694], [-88.107435, 42.266565], [-88.1076, 42.266387], [-88.107955, 42.26614], [-88.108274, 42.265974], [-88.108447, 42.265907], [-88.108767, 42.265821], [-88.109486, 42.265719], [-88.109708, 42.265645], [-88.109822, 42.265577], [-88.109942, 42.265464], [-88.110044, 42.265301], [-88.110071, 42.265194], [-88.110084, 42.26505], [-88.110061, 42.264945], [-88.11, 42.264808], [-88.109896, 42.264686]], [[-88.0336831, 42.2692984], [-88.0335833, 42.2693513], [-88.033011, 42.2695862], [-88.0326023, 42.2697253], [-88.0324205, 42.2697764], [-88.0319954, 42.2698679], [-88.0319771, 42.2698708], [-88.0318803, 42.2698858], [-88.0317774, 42.2698995], [-88.0317281, 42.269906], [-88.0311643, 42.2699665], [-88.029892, 42.2699668], [-88.0284102, 42.2699532], [-88.0271542, 42.2699272], [-88.0258201, 42.2699216], [-88.025451, 42.2699359], [-88.0253294, 42.2699406], [-88.0252453, 42.2699552], [-88.02514, 42.2699734], [-88.0246829, 42.2699755], [-88.0243834, 42.2699768], [-88.0239164, 42.269963], [-88.0236847, 42.2699125], [-88.0234266, 42.2699144], [-88.0233352, 42.2699211], [-88.0232598, 42.2699267], [-88.0230852, 42.2699181], [-88.0220064, 42.2699181], [-88.0209883, 42.2699077], [-88.0208568, 42.2699077], [-88.0206194, 42.2699077], [-88.0201986, 42.2699025], [-88.01902, 42.269888]], [[-88.0137075, 42.2698134], [-88.0137074, 42.2698482], [-88.0136236, 42.2698415], [-88.0135331, 42.2698342], [-88.0128831, 42.2698338], [-88.0128657, 42.2698338], [-88.0127843, 42.2698364], [-88.0126798, 42.2698359], [-88.0119074, 42.269832], [-88.0108336, 42.2698332], [-88.0102202, 42.2698317], [-88.0101157, 42.2698315], [-88.0100028, 42.2698308], [-88.0097001, 42.2698289], [-88.0095464, 42.2698178], [-88.0094738, 42.2698103], [-88.0092678, 42.2697775], [-88.0089177, 42.2697156], [-88.008783, 42.2696926], [-88.0086742, 42.2696871], [-88.0085266, 42.2696853], [-88.008461, 42.2696991], [-88.0084397, 42.2696993], [-88.0084099, 42.2696996], [-88.008327, 42.2697005], [-88.0082766, 42.2696981], [-88.0082435, 42.2696923], [-88.0082104, 42.2696865], [-88.0079187, 42.2696812], [-88.0071951, 42.2696798], [-88.006202, 42.269676], [-88.0059322, 42.2696771], [-88.0054737, 42.2696893], [-88.0050568, 42.2696972], [-88.0047682, 42.2697007], [-88.0043131, 42.2697005], [-88.0041976, 42.2697032]], [[-88.020093, 42.3763393], [-88.0200165, 42.3763081]], [[-88.0200165, 42.3763081], [-88.0199803, 42.3762947], [-88.0197952, 42.3762277], [-88.0197174, 42.3761996], [-88.0195404, 42.3761679], [-88.0193044, 42.37616], [-88.0190791, 42.3761719], [-88.0188484, 42.3762353], [-88.0181618, 42.3765563], [-88.0179418, 42.3766355], [-88.0177916, 42.3766593], [-88.0175931, 42.3766633], [-88.0172766, 42.3766236], [-88.0170406, 42.3766355], [-88.0167992, 42.376691], [-88.0165632, 42.3768218], [-88.0164452, 42.3769208], [-88.0162842, 42.3770199]], [[-88.0113101, 42.3828903], [-88.0113515, 42.3829672]], [[-88.012914, 42.383399], [-88.0130222, 42.3835349], [-88.0130691, 42.383669], [-88.0130474, 42.3838013], [-88.0129368, 42.3840171], [-88.0129476, 42.3841725], [-88.0131304, 42.3844025], [-88.0132434, 42.3844984], [-88.0134754, 42.3845837], [-88.0136113, 42.384708], [-88.013663, 42.384843], [-88.0136474, 42.3849798], [-88.0135452, 42.3851494], [-88.0135055, 42.3852604], [-88.0135067, 42.3854132], [-88.0136305, 42.3855579]], [[-88.0428085, 42.2665859], [-88.0406213, 42.2668449], [-88.0391554, 42.2670299], [-88.0384754, 42.26713], [-88.0380358, 42.2672394], [-88.0377526, 42.2673264], [-88.0374971, 42.2674078], [-88.0370409, 42.2675989], [-88.0366257, 42.2678042], [-88.0341347, 42.2690718], [-88.0339151, 42.2691753]], [[-88.1177945, 42.3548667], [-88.1173022, 42.3550253], [-88.1170838, 42.3550956]], [[-88.101487, 42.260957], [-88.10166, 42.261023], [-88.1019485, 42.2610272], [-88.102001, 42.261028], [-88.102145, 42.261048], [-88.102234, 42.261077], [-88.102424, 42.26119], [-88.102513, 42.261218], [-88.102609, 42.261217], [-88.102701, 42.261194], [-88.102895, 42.261086], [-88.103025, 42.260934], [-88.103103, 42.260763], [-88.103246, 42.260666], [-88.103498, 42.260556], [-88.103825, 42.260243], [-88.103996, 42.260174], [-88.104376, 42.260107], [-88.104679, 42.25999], [-88.104773, 42.25997], [-88.104966, 42.259982], [-88.105181, 42.260067], [-88.105409, 42.260202], [-88.1055859, 42.2603514], [-88.105699, 42.260447], [-88.105858, 42.260531], [-88.106037, 42.260587], [-88.106134, 42.260597], [-88.10628, 42.260586], [-88.1063987, 42.2605473], [-88.1065005, 42.260491], [-88.1066136, 42.2604738], [-88.1067157, 42.2604764], [-88.1068243, 42.2605021], [-88.1069312, 42.2605065], [-88.107124, 42.260457], [-88.107221, 42.260462], [-88.107298, 42.260505], [-88.1073361, 42.2605799]], [[-88.0976293, 42.260854], [-88.097348, 42.260726], [-88.0972671, 42.2606932], [-88.0971804, 42.2606762], [-88.097076, 42.2606762], [-88.0969468, 42.2606998], [-88.0968459, 42.2607299], [-88.095587, 42.261062], [-88.094423, 42.261328], [-88.094232, 42.26135], [-88.094109, 42.261296], [-88.09401, 42.261173], [-88.093971, 42.261068], [-88.093906, 42.260712], [-88.093933, 42.260643], [-88.094142, 42.260494], [-88.09419, 42.260432], [-88.094222, 42.260364], [-88.094229, 42.260292], [-88.0942, 42.260173]], [[-88.0551527, 42.3813234], [-88.0550841, 42.3814946], [-88.0549708, 42.3816759], [-88.0549456, 42.3817311], [-88.0549432, 42.3817903], [-88.0549567, 42.3818382], [-88.0549859, 42.3818772], [-88.0550257, 42.381912], [-88.0550846, 42.3819432], [-88.0551584, 42.3819674], [-88.055236, 42.3819629], [-88.0553072, 42.3819472], [-88.0557417, 42.3818343]], [[-88.0550159, 42.3807848], [-88.0550624, 42.3808281], [-88.0550985, 42.3808762], [-88.0551243, 42.3809248], [-88.0551461, 42.380989], [-88.0551614, 42.3810532], [-88.0551692, 42.3811397], [-88.0551665, 42.3812307], [-88.0551527, 42.3813234]], [[-88.0187479, 42.2696644], [-88.0186898, 42.2696636], [-88.0178057, 42.2696587], [-88.0167051, 42.2696539], [-88.0160964, 42.2696428], [-88.0156417, 42.2696444], [-88.0140704, 42.2696328], [-88.0140226, 42.2696257]], [[-88.0140226, 42.2696257], [-88.0138922, 42.2696229], [-88.0137857, 42.2696206]], [[-88.0137111, 42.2696543], [-88.0137107, 42.2697467], [-88.0137075, 42.2698134]], [[-88.0137857, 42.2696206], [-88.0137392, 42.2696238], [-88.0137111, 42.2696543]], [[-88.01902, 42.269888], [-88.0190229, 42.2697833], [-88.0190257, 42.2696915]], [[-88.0189799, 42.2696673], [-88.0188437, 42.2696661], [-88.0187479, 42.2696644]], [[-88.0190257, 42.2696915], [-88.0190253, 42.2696685], [-88.0189799, 42.2696673]], [[-88.1438174, 42.308123], [-88.1433613, 42.308126]], [[-88.0550159, 42.3807848], [-88.054943, 42.380739], [-88.0548521, 42.3807057], [-88.054723, 42.3806849], [-88.0545663, 42.380671], [-88.0544712, 42.3806445], [-88.0544027, 42.3805943], [-88.0543699, 42.3805328], [-88.0543517, 42.3804258], [-88.0543461, 42.3803402], [-88.0543508, 42.3802081], [-88.0543385, 42.3801054], [-88.0543141, 42.3800044], [-88.0542446, 42.3798842], [-88.0541463, 42.3797745], [-88.0540241, 42.3796691], [-88.0539026, 42.3796003], [-88.0537505, 42.3795408], [-88.0536208, 42.3795045], [-88.053545, 42.3794703], [-88.0534504, 42.3794114], [-88.053387, 42.3793283], [-88.0533756, 42.3792725], [-88.0533614, 42.3791134], [-88.0533557, 42.3789884], [-88.0533206, 42.3788814], [-88.0532484, 42.378779], [-88.0531525, 42.3786998], [-88.0530099, 42.3786338], [-88.0528714, 42.3785996], [-88.0527342, 42.3785922], [-88.052208, 42.3786074], [-88.0518374, 42.3786349], [-88.051568, 42.3786461], [-88.0511142, 42.3786387], [-88.0508698, 42.3786242], [-88.0504242, 42.3785581], [-88.0501751, 42.3785194], [-88.0499269, 42.3785011], [-88.0495352, 42.3785017], [-88.0493341, 42.3785202], [-88.0490859, 42.3785543], [-88.0487403, 42.378637], [-88.048489, 42.3786935], [-88.048319, 42.3787127], [-88.0480858, 42.3787164], [-88.0479053, 42.3786993], [-88.0477374, 42.378669], [-88.0474438, 42.3785859], [-88.0472117, 42.3785283], [-88.0468403, 42.3784818], [-88.046609, 42.3784668], [-88.0462483, 42.3784678], [-88.045983, 42.3784849], [-88.0455817, 42.3785363], [-88.0453402, 42.3785892], [-88.0450921, 42.3786441], [-88.0448395, 42.3786709], [-88.0443839, 42.378706], [-88.043872, 42.3787192], [-88.0436916, 42.3787126], [-88.0434129, 42.3786867], [-88.0430811, 42.3786394], [-88.0426354, 42.3785623], [-88.0421375, 42.3784831], [-88.0418761, 42.3784591], [-88.0416182, 42.3784443], [-88.041287, 42.3784421], [-88.0411405, 42.378442], [-88.0410283, 42.3784405], [-88.040946, 42.3784394], [-88.0401718, 42.3784382], [-88.0396472, 42.3784387], [-88.0386932, 42.3784343], [-88.0381199, 42.3784364], [-88.0369027, 42.3784326], [-88.035978, 42.3784302], [-88.0350963, 42.3784298], [-88.0339248, 42.3784302], [-88.0338453, 42.3784306]], [[-88.0338453, 42.3784306], [-88.0337035, 42.3784302], [-88.0335533, 42.3784194], [-88.0333983, 42.3783851], [-88.0332534, 42.3783304], [-88.0330716, 42.3782285], [-88.0329493, 42.3781017], [-88.0328686, 42.3779805], [-88.0328401, 42.3778777], [-88.0328209, 42.3777256], [-88.0328058, 42.3776448], [-88.0327551, 42.3775534], [-88.0326423, 42.3774251]], [[-88.0213375, 42.3754189], [-88.0215467, 42.3754863], [-88.0218739, 42.3756369], [-88.0220992, 42.3757518], [-88.0223889, 42.3758707], [-88.0226357, 42.3759935], [-88.022979, 42.3761402], [-88.0232365, 42.3762036], [-88.0237247, 42.3762868], [-88.023976, 42.3763124], [-88.0241228, 42.376318], [-88.024241, 42.3763022], [-88.0243894, 42.3762512], [-88.0245503, 42.3761841], [-88.0250068, 42.3760292], [-88.025157, 42.3760015], [-88.0253447, 42.3759896], [-88.0255217, 42.3760015], [-88.0257524, 42.3760728], [-88.0261065, 42.3762313], [-88.0262567, 42.3762789], [-88.0263961, 42.376267], [-88.0266, 42.3762273], [-88.0269594, 42.3761441], [-88.0273403, 42.3760847], [-88.0275924, 42.3760609], [-88.0277587, 42.3760569], [-88.0278875, 42.3760728], [-88.0280967, 42.3761402], [-88.0283142, 42.3762341], [-88.0287297, 42.3764136], [-88.0289067, 42.3765008], [-88.0291481, 42.3766633], [-88.029529, 42.3769605], [-88.0297114, 42.3771229], [-88.0298562, 42.3772379], [-88.0299688, 42.3772775], [-88.0301137, 42.3772854], [-88.0302693, 42.3772418], [-88.0303712, 42.3771546], [-88.0304624, 42.3770833], [-88.0305107, 42.3769961], [-88.0305858, 42.3768931], [-88.0306716, 42.3768376], [-88.0308164, 42.3768218], [-88.0309693, 42.3768296], [-88.0312509, 42.3768812], [-88.0313605, 42.3768969]], [[-88.0112005, 42.3826891], [-88.0112499, 42.3827853], [-88.0113101, 42.3828903]], [[-88.0136305, 42.3855579], [-88.0137868, 42.3857009], [-88.0138602, 42.3858066], [-88.0139936, 42.3858945], [-88.0140453, 42.3860286], [-88.0140057, 42.3861263]], [[-88.0113515, 42.3829672], [-88.0114075, 42.383058], [-88.0114628, 42.3830908], [-88.0116239, 42.383089], [-88.0118487, 42.3830553], [-88.0120483, 42.3830704], [-88.0122695, 42.3831636], [-88.0125172, 42.3832347], [-88.0127601, 42.3832951], [-88.012914, 42.383399]], [[-88.0339151, 42.2691753], [-88.0337828, 42.2692455], [-88.0336831, 42.2692984]], [[-88.0996644, 42.2597841], [-88.0994842, 42.259888], [-88.0993504, 42.260005], [-88.099275, 42.26014], [-88.099224, 42.260656], [-88.09916, 42.260796], [-88.09904, 42.260915], [-88.0988463, 42.261017]], [[-88.0988463, 42.261017], [-88.0987005, 42.2610586], [-88.0985973, 42.2610794], [-88.0984736, 42.2610924], [-88.0983403, 42.2610945], [-88.0982142, 42.2610815], [-88.0980973, 42.2610587], [-88.0980062, 42.2610311]], [[-88.0980062, 42.2610311], [-88.0978598, 42.2609773], [-88.0976293, 42.260854]], [[-88.100078, 42.2596205], [-88.1001286, 42.2596162], [-88.100177, 42.2596155], [-88.10027, 42.259639], [-88.100388, 42.259701], [-88.100449, 42.259757], [-88.100542, 42.259962], [-88.1006082, 42.2600762], [-88.1008161, 42.2602394], [-88.101088, 42.260468], [-88.101165, 42.26056], [-88.101322, 42.260824], [-88.101487, 42.260957]], [[-88.109896, 42.264686], [-88.1097519, 42.26458], [-88.1096737, 42.2645161], [-88.1096208, 42.2644413], [-88.109504, 42.264198], [-88.109385, 42.264084], [-88.109228, 42.263999], [-88.109092, 42.263959], [-88.108949, 42.263939], [-88.1088303, 42.2639334], [-88.1086864, 42.26394], [-88.108559, 42.263929], [-88.1084409, 42.2639105], [-88.108329, 42.26387], [-88.108176, 42.263781], [-88.108033, 42.263635], [-88.1079841, 42.26354], [-88.1079609, 42.2634243], [-88.1079589, 42.2632927], [-88.1079691, 42.2630183], [-88.1079601, 42.2628309]], [[-88.110411, 42.2773113], [-88.1104003, 42.2772219], [-88.1103954, 42.2771483]], [[-88.1164508, 42.2866599], [-88.1164823, 42.2865949], [-88.116479, 42.286521], [-88.116459, 42.286376], [-88.116459, 42.286122], [-88.116519, 42.285616], [-88.116458, 42.28522], [-88.116478, 42.284639], [-88.1164596, 42.2845805], [-88.1163987, 42.2845277], [-88.116204, 42.284444], [-88.116169, 42.284378], [-88.116189, 42.28431], [-88.116322, 42.284077], [-88.116329, 42.283932], [-88.116306, 42.283861], [-88.116258, 42.283798], [-88.116187, 42.283749], [-88.1160177, 42.283691], [-88.1159147, 42.2836557], [-88.115831, 42.283627], [-88.115546, 42.283484], [-88.115443, 42.283406], [-88.115262, 42.283191], [-88.115127, 42.283085], [-88.114647, 42.282902], [-88.114354, 42.282762], [-88.114202, 42.282668], [-88.1141523, 42.282622], [-88.1141368, 42.2825771]], [[-88.1141368, 42.2825771], [-88.114138, 42.2825021], [-88.1141351, 42.2824323]], [[-88.107335, 42.2607019], [-88.1073364, 42.2608412], [-88.1074022, 42.2609264], [-88.107498, 42.2609725], [-88.10773, 42.261009], [-88.107814, 42.261046], [-88.1080205, 42.2612464], [-88.1081558, 42.2613152], [-88.108426, 42.261386], [-88.108501, 42.261432], [-88.108556, 42.261491], [-88.108586, 42.26156], [-88.108603, 42.261631], [-88.108539, 42.261767], [-88.108438, 42.261844], [-88.1083119, 42.2619102], [-88.108238, 42.261949], [-88.1081022, 42.2620494], [-88.108022, 42.2621569], [-88.1079754, 42.2623214], [-88.1079724, 42.2624482]], [[-88.1073361, 42.2605799], [-88.1073359, 42.2606024], [-88.107338, 42.26068], [-88.107335, 42.2607019]], [[-88.125231, 42.3025013], [-88.12516, 42.302475], [-88.125089, 42.302426], [-88.1250452, 42.3023748], [-88.1249347, 42.3022638], [-88.1249755, 42.3021446]], [[-88.145971, 42.308054], [-88.1458033, 42.3079802], [-88.1457529, 42.3079734]], [[-88.0041976, 42.2697032], [-88.004196, 42.2697357], [-88.0041813, 42.2697346], [-88.0041635, 42.2697333]]]}}, {"type": "Feature", "properties": {"name": "Wauponsee Glacial Trail", "length_mi": 22.3, "osm_source": "relation"}, "geometry": {"type": "MultiLineString", "coordinates": [[[-88.061936, 41.5125294], [-88.0620329, 41.5124892], [-88.0628977, 41.5117796], [-88.0636444, 41.5111121], [-88.0641227, 41.5105491], [-88.0644482, 41.5100941], [-88.0646708, 41.5096334], [-88.0649873, 41.508775], [-88.0656418, 41.506801], [-88.0668466, 41.5032631], [-88.0670093, 41.5027802], [-88.0670132, 41.5027687], [-88.0675332, 41.5012254], [-88.067662, 41.5004861], [-88.0676358, 41.4998736], [-88.0675764, 41.4997265], [-88.0675711, 41.4996347], [-88.0676085, 41.4995779], [-88.0676503, 41.4995109], [-88.0675762, 41.4993419], [-88.0673444, 41.4986219], [-88.0669512, 41.4979276], [-88.0666921, 41.4975805], [-88.0662923, 41.4971283], [-88.0657136, 41.4965969], [-88.0653048, 41.4963103]], [[-88.0653048, 41.4963103], [-88.0651415, 41.4962089]], [[-88.0651415, 41.4962089], [-88.0649678, 41.4960642], [-88.0647825, 41.4959546], [-88.063842, 41.4955585], [-88.0627589, 41.4951438], [-88.0617187, 41.4947437], [-88.0615187, 41.4946377], [-88.0614296, 41.4946124], [-88.0613711, 41.4946066], [-88.061277, 41.4945982], [-88.0612077, 41.4945665], [-88.061021, 41.4944793], [-88.0592131, 41.4937748], [-88.058397, 41.4934164], [-88.0576709, 41.493052], [-88.0569928, 41.4926578], [-88.0565181, 41.4923549], [-88.0561057, 41.4921667], [-88.0556676, 41.491884], [-88.0548582, 41.4913121], [-88.0536915, 41.4903851], [-88.0535113, 41.4902292], [-88.0507741, 41.4876973], [-88.0490832, 41.4861349], [-88.0482109, 41.4853371], [-88.047348, 41.4845612]], [[-88.047348, 41.4845612], [-88.0472213, 41.4844567]], [[-88.0472213, 41.4844567], [-88.0467959, 41.4840986], [-88.045632, 41.483256]], [[-88.045632, 41.483256], [-88.0455607, 41.4831881], [-88.0455202, 41.4831188], [-88.0454147, 41.4828638], [-88.045317, 41.482618], [-88.045209, 41.4824817], [-88.0450799, 41.4823944], [-88.0449503, 41.4823438], [-88.0444499, 41.4823175], [-88.0442318, 41.4823093], [-88.0440174, 41.482314], [-88.0437218, 41.4823196], [-88.0435092, 41.4822465], [-88.0433306, 41.482141], [-88.043161, 41.4818983], [-88.0431506, 41.4816206], [-88.0431496, 41.4815691], [-88.0431371, 41.4815197]], [[-88.0431371, 41.4815197], [-88.043045, 41.4814633], [-88.0428671, 41.4813914], [-88.0427282, 41.4813206]], [[-88.0427282, 41.4813206], [-88.0296905, 41.4725042], [-88.0229123, 41.4679171]], [[-88.0229123, 41.4679171], [-88.0228136, 41.4678758], [-88.0226318, 41.4678319], [-88.0225752, 41.4678061], [-88.0225413, 41.4677655], [-88.0225245, 41.4676455], [-88.0225236, 41.4675778], [-88.0224984, 41.4675079], [-88.0224287, 41.4674389], [-88.0223287, 41.4673913], [-88.0222167, 41.4673474], [-88.0220792, 41.46734], [-88.0219789, 41.4673361], [-88.0219084, 41.4673034], [-88.0217932, 41.4671778], [-88.0217072, 41.4671022]], [[-88.0217072, 41.4671022], [-88.0207898, 41.4664587], [-88.0205637, 41.4662361]], [[-88.0205637, 41.4662361], [-88.0202997, 41.4660073]], [[-88.0202997, 41.4660073], [-88.0199315, 41.4657126], [-88.0192878, 41.4650051], [-88.0183952, 41.4638538], [-88.0173051, 41.4621944], [-88.0133569, 41.4559614], [-88.0129106, 41.4550994], [-88.0127904, 41.454752], [-88.012262, 41.4532655], [-88.0122239, 41.4531181], [-88.0119922, 41.4522239], [-88.0116918, 41.4510402], [-88.0114257, 41.4500366], [-88.0112936, 41.4495963]], [[-88.0112936, 41.4495963], [-88.0112104, 41.4492948]], [[-88.0112104, 41.4492948], [-88.0110137, 41.4487242], [-88.0108507, 41.4482481], [-88.0106704, 41.4477592], [-88.0101244, 41.4466187], [-88.0099065, 41.4461636], [-88.0086963, 41.4444458], [-88.0075378, 41.4428671], [-88.0065763, 41.4415569], [-88.0019169, 41.4351589], [-88.0018347, 41.4350338], [-88.0018024, 41.4349675], [-88.001778, 41.4349033], [-88.0017474, 41.4348609], [-88.0017129, 41.4348326], [-88.0016303, 41.4347939], [-88.0015365, 41.4347501], [-88.0014991, 41.4347215], [-88.0014721, 41.4346814], [-88.0014682, 41.4346375], [-88.0014622, 41.4345664], [-88.0014442, 41.4345238], [-87.9994946, 41.4318452], [-87.9994701, 41.4317907], [-87.9994603, 41.4317361], [-87.9994587, 41.4316744], [-87.9994561, 41.4316055], [-87.9994308, 41.4315478], [-87.9992393, 41.4313076], [-87.9990757, 41.4310808], [-87.998909, 41.4309127], [-87.9988589, 41.4308623], [-87.9986836, 41.4306886], [-87.998346, 41.4302942], [-87.9981369, 41.4300193], [-87.9977186, 41.4294725], [-87.9968173, 41.428224], [-87.9950427, 41.4257691]], [[-87.9950427, 41.4257691], [-87.9949741, 41.4256763]], [[-87.9949741, 41.4256763], [-87.9948793, 41.4255453], [-87.9944055, 41.4248904], [-87.9938889, 41.4242962], [-87.9936391, 41.4240189], [-87.9934302, 41.4237943], [-87.9929947, 41.4233448], [-87.9924511, 41.4228418], [-87.9904567, 41.4210812]], [[-87.9904567, 41.4210812], [-87.9904359, 41.4210275], [-87.9904278, 41.4209526]], [[-87.9904278, 41.4209526], [-87.9904406, 41.4208743], [-87.990448, 41.4208504], [-87.9904576, 41.4208364], [-87.990468, 41.4208244], [-87.9904865, 41.4208179], [-87.9905008, 41.420815], [-87.9905256, 41.4208172], [-87.99062, 41.4208439], [-87.9906869, 41.4208549], [-87.991014, 41.4208512], [-87.9913201, 41.4208466], [-87.9913672, 41.4208397], [-87.9914029, 41.4208225], [-87.9914147, 41.4207893], [-87.9913406, 41.419318], [-87.9913161, 41.4183156], [-87.9912977, 41.4175609], [-87.9912204, 41.4161706], [-87.9911861, 41.4146258], [-87.9939996, 41.410132], [-87.9940503, 41.4099745], [-87.9940692, 41.4098503], [-87.9943783, 41.4093782], [-87.9947994, 41.4086766], [-87.9998763, 41.4004122]], [[-87.9998763, 41.4004122], [-88.0001196, 41.4000302]], [[-88.0001196, 41.4000302], [-88.0002825, 41.3997824], [-88.0002559, 41.3996595], [-88.000212, 41.3995619], [-88.0002226, 41.3995187], [-88.0002715, 41.3994704], [-88.0003385, 41.3994504], [-88.0004069, 41.3994399], [-88.0004661, 41.3994361], [-88.0005236, 41.3993986], [-88.0005627, 41.3993473], [-88.000598, 41.3992093], [-88.0006635, 41.3989864], [-88.0007946, 41.3987625], [-88.0009923, 41.3984986], [-88.0012238, 41.3981087], [-88.0013532, 41.3979271], [-88.0015058, 41.3977297], [-88.00157, 41.3975796], [-88.0015775, 41.3973764], [-88.0016445, 41.397203]], [[-88.0016445, 41.397203], [-88.0019878, 41.3967421], [-88.0023241, 41.3962652], [-88.0029719, 41.3953034], [-88.005313, 41.3914864], [-88.0119831, 41.3806129], [-88.0122422, 41.3801301], [-88.0125244, 41.3797148], [-88.018209, 41.370298], [-88.0209012, 41.3660174], [-88.0265473, 41.3567476], [-88.0271438, 41.3557836], [-88.0276716, 41.3549245], [-88.0282628, 41.3540859], [-88.0319002, 41.3505466], [-88.0319993, 41.3504501], [-88.0366342, 41.3460492], [-88.0382049, 41.3444044], [-88.0422647, 41.339876], [-88.0456706, 41.3361401], [-88.0459351, 41.3359297], [-88.0459579, 41.335888], [-88.0459574, 41.3358349], [-88.045968, 41.3357655], [-88.0460063, 41.3357277], [-88.0461438, 41.3356356], [-88.0520021, 41.3291453], [-88.0522082, 41.3289232], [-88.0523154, 41.3288592], [-88.0523962, 41.3288111], [-88.0524573, 41.3287436], [-88.0525682, 41.3285783], [-88.0525701, 41.3285682], [-88.0525792, 41.3285195], [-88.0525797, 41.3284791], [-88.05258, 41.3284503], [-88.052582, 41.3284232], [-88.0525831, 41.3284093], [-88.0525947, 41.3283928], [-88.0526245, 41.3283506], [-88.0527103, 41.3283011], [-88.0528595, 41.3281594], [-88.0529749, 41.3280316], [-88.0534521, 41.3274961], [-88.0546683, 41.3261332], [-88.0551499, 41.3256096], [-88.0552136, 41.3255156], [-88.0553214, 41.3254534], [-88.0553958, 41.3254093], [-88.0554582, 41.3252814], [-88.0590617, 41.3213269], [-88.059212, 41.3212321], [-88.0592452, 41.3211779], [-88.0592499, 41.3211054], [-88.0592576, 41.3210495], [-88.0593428, 41.3209814], [-88.0594443, 41.3208919], [-88.0600182, 41.3202516], [-88.0602511, 41.3199967], [-88.0609615, 41.3192564], [-88.0617698, 41.3185101], [-88.0626237, 41.3177557], [-88.0645166, 41.3160708], [-88.0656561, 41.3150612], [-88.066396, 41.31439], [-88.0690816, 41.3120193], [-88.0736501, 41.3079458], [-88.0740855, 41.3075322], [-88.0741345, 41.3074831], [-88.0742018, 41.3074446], [-88.0742671, 41.3074012], [-88.0743545, 41.3073081], [-88.0752897, 41.3065006], [-88.0761703, 41.3057098], [-88.0827516, 41.2998648], [-88.0833595, 41.2993061], [-88.0835363, 41.2991714], [-88.083678, 41.2990617], [-88.0836869, 41.2990194], [-88.0836965, 41.2989793], [-88.0838781, 41.2988391], [-88.0875027, 41.2956301], [-88.0910314, 41.2924889], [-88.0919137, 41.2916879], [-88.0959918, 41.2880741], [-88.0978568, 41.2864214], [-88.0984693, 41.2858616], [-88.0988786, 41.2854577], [-88.0991876, 41.2850929], [-88.0995395, 41.2846394], [-88.0998056, 41.2841678], [-88.1000974, 41.283684], [-88.101299, 41.2811492], [-88.1018179, 41.2800595], [-88.1018847, 41.2798955]], [[-88.1018847, 41.2798955], [-88.1019291, 41.2797758]], [[-88.1019291, 41.2797758], [-88.1019666, 41.2796917], [-88.1020794, 41.2795183], [-88.103121, 41.2773645], [-88.1031922, 41.2772119], [-88.1032068, 41.2771685], [-88.1032223, 41.2771258], [-88.1042452, 41.2749936], [-88.1043804, 41.2747118], [-88.1060453, 41.271233], [-88.10671, 41.2698348], [-88.1076759, 41.2678033], [-88.1086382, 41.2657726], [-88.1092374, 41.2645413], [-88.1096543, 41.2637278], [-88.1100128, 41.2631903], [-88.1103713, 41.2627254], [-88.1113927, 41.2616673], [-88.1115946, 41.2614715]], [[-88.1115946, 41.2614715], [-88.1118657, 41.261216], [-88.1120651, 41.2610136]], [[-88.1120651, 41.2610136], [-88.1122842, 41.2608016], [-88.1124656, 41.2606156], [-88.1140033, 41.2591142], [-88.1148822, 41.2582561], [-88.1181479, 41.2550675], [-88.1181886, 41.2550209], [-88.1193406, 41.2539051], [-88.1210098, 41.2522558], [-88.123371, 41.249941], [-88.1241824, 41.2491656], [-88.1247864, 41.2485467], [-88.1248945, 41.248475], [-88.1251009, 41.2482491], [-88.1269405, 41.2464049]], [[-88.1269405, 41.2464049], [-88.1283311, 41.2450428]], [[-88.1283311, 41.2450428], [-88.1288119, 41.2445935], [-88.128897, 41.2445173]]]}}, {"type": "Feature", "properties": {"name": "Robert McClory Bike Path", "length_mi": 21.7, "osm_source": "relation"}, "geometry": {"type": "MultiLineString", "coordinates": [[[-87.8449862, 42.4931466], [-87.8449856, 42.4930259]], [[-87.8449856, 42.4930259], [-87.8449972, 42.4922171], [-87.8450101, 42.4918877], [-87.8450349, 42.4886627], [-87.8450709, 42.4881776], [-87.845074, 42.4874571], [-87.84506, 42.4861902]], [[-87.84506, 42.4861902], [-87.8450604, 42.4861504], [-87.8450608, 42.4861075]], [[-87.8450608, 42.4861075], [-87.8450708, 42.4850773], [-87.8450838, 42.4838109], [-87.8451154, 42.4819375], [-87.8451267, 42.4790728], [-87.8451129, 42.4789991], [-87.8450964, 42.4789148]], [[-87.8450964, 42.4789148], [-87.8450974, 42.4788668], [-87.8450986, 42.478821]], [[-87.8450986, 42.478821], [-87.8451406, 42.4786709], [-87.8451476, 42.4769609], [-87.8451637, 42.4752442], [-87.8451722, 42.4743279], [-87.8451781, 42.4733987], [-87.8451889, 42.4723026], [-87.8451959, 42.4711322], [-87.8452004, 42.4705032], [-87.8452251, 42.4697989], [-87.8452401, 42.467377], [-87.8452425, 42.4671655], [-87.8452528, 42.4661119], [-87.8452703, 42.4651295], [-87.8452789, 42.4643748], [-87.845282, 42.463977], [-87.8452918, 42.4631226], [-87.8452845, 42.4628181], [-87.8452703, 42.4626504]], [[-87.8452703, 42.4626504], [-87.84527, 42.4626003], [-87.8452708, 42.4625507]], [[-87.8452708, 42.4625507], [-87.8452944, 42.4624321], [-87.8453012, 42.4620606], [-87.8453135, 42.4609503], [-87.84531, 42.4607409], [-87.8453174, 42.4605288], [-87.8453268, 42.4591577], [-87.8453348, 42.4590772], [-87.8453482, 42.4589986]], [[-87.8453482, 42.4589986], [-87.8453443, 42.4586131]], [[-87.8453443, 42.4586131], [-87.8453417, 42.4583568], [-87.8453443, 42.4581428], [-87.8453423, 42.4577242]], [[-87.8453423, 42.4577242], [-87.8453419, 42.4576413], [-87.8453364, 42.4572286]], [[-87.8453364, 42.4572286], [-87.8453297, 42.4571588], [-87.8453213, 42.4570868]], [[-87.8453213, 42.4570868], [-87.8453274, 42.4568237], [-87.8453456, 42.4565273], [-87.8453598, 42.4559992], [-87.8453823, 42.4554709], [-87.8453782, 42.4549128], [-87.8453729, 42.4545059], [-87.8453706, 42.4541523]], [[-87.8453706, 42.4541523], [-87.8453703, 42.4541049], [-87.8453707, 42.4540601]], [[-87.8453707, 42.4540601], [-87.8453734, 42.4537189], [-87.8453669, 42.4527478], [-87.845374, 42.452251], [-87.8453788, 42.4519475], [-87.8453778, 42.4514658], [-87.845361, 42.4511228], [-87.8453461, 42.4507865], [-87.8453554, 42.4504365]], [[-87.8453554, 42.4504365], [-87.8453568, 42.4503853], [-87.8453598, 42.4503276]], [[-87.8453598, 42.4503276], [-87.8453675, 42.4501809], [-87.8454194, 42.4496445], [-87.8454297, 42.4493957], [-87.8454363, 42.4490873], [-87.845437, 42.4487561], [-87.8454418, 42.4480231]], [[-87.8454418, 42.4480231], [-87.8454416, 42.4479839], [-87.8454415, 42.4479438]], [[-87.8454415, 42.4479438], [-87.8454467, 42.4475664], [-87.8454638, 42.4467482], [-87.8454671, 42.4462194]], [[-87.845468, 42.4461174], [-87.8454675, 42.4461727], [-87.8454671, 42.4462194]], [[-87.845468, 42.4461174], [-87.8454695, 42.4457674], [-87.8454733, 42.4456007], [-87.8454882, 42.4454267], [-87.8455057, 42.4451313], [-87.8454777, 42.4447896], [-87.8454789, 42.4444308], [-87.8454634, 42.44351], [-87.84545, 42.4430379], [-87.8454483, 42.4427385]], [[-87.8454483, 42.4427385], [-87.845448, 42.4426946], [-87.8454464, 42.4426372]], [[-87.8454464, 42.4426372], [-87.8454429, 42.4425099], [-87.845448, 42.4422007], [-87.8454701, 42.4415863]], [[-87.8454701, 42.4415863], [-87.8454735, 42.4414928], [-87.8454745, 42.4414111]], [[-87.8454745, 42.4414111], [-87.845499, 42.4393424], [-87.8455133, 42.4391853]], [[-87.8455133, 42.4391853], [-87.8455177, 42.4391374], [-87.8455217, 42.4390948]], [[-87.8455217, 42.4390948], [-87.8455312, 42.438994], [-87.8455378, 42.4376378]], [[-87.8455378, 42.4376378], [-87.8455319, 42.4374881], [-87.8455056, 42.437347]], [[-87.8455056, 42.437347], [-87.8455081, 42.4372975], [-87.8455102, 42.4372583]], [[-87.8455102, 42.4372583], [-87.8455446, 42.4371016], [-87.8455457, 42.4369973]], [[-87.8455457, 42.4369973], [-87.8455607, 42.4356407], [-87.8455282, 42.4355046]], [[-87.8455282, 42.4355046], [-87.8455312, 42.4354525], [-87.8455386, 42.4353808]], [[-87.8455386, 42.4353808], [-87.8455606, 42.4352474], [-87.8456177, 42.4304608]], [[-87.8456177, 42.4304608], [-87.8456256, 42.4300363]], [[-87.8456256, 42.4300363], [-87.8456558, 42.4265585], [-87.845678, 42.4236578], [-87.845704, 42.4212669], [-87.8456881, 42.4210433]], [[-87.8456881, 42.4210433], [-87.8456954, 42.4209795], [-87.8457015, 42.4209271]], [[-87.8457015, 42.4209271], [-87.8457254, 42.4193606], [-87.845734, 42.4184038], [-87.8457482, 42.4176931], [-87.8457138, 42.4163994], [-87.8455194, 42.4137401], [-87.8455194, 42.4137337], [-87.8454927, 42.4134811], [-87.8454161, 42.4121918], [-87.8454032, 42.411574], [-87.84541, 42.4102986], [-87.8453824, 42.4101341]], [[-87.8453824, 42.4101341], [-87.8453808, 42.4100772], [-87.8453793, 42.4100215]], [[-87.8453793, 42.4100215], [-87.8453993, 42.4098491], [-87.8454422, 42.4071367], [-87.8454499, 42.4063704]], [[-87.8454499, 42.4063704], [-87.8454522, 42.4060489]], [[-87.8454522, 42.4060489], [-87.8455638, 42.3992524], [-87.8455635, 42.3992239], [-87.8455816, 42.3990821], [-87.8456025, 42.3983048], [-87.8456057, 42.3976086], [-87.8456234, 42.3966987], [-87.8456192, 42.3958373], [-87.8455951, 42.3957025]], [[-87.8455951, 42.3957025], [-87.8455961, 42.3956531], [-87.845597, 42.3956099]], [[-87.845597, 42.3956099], [-87.8456224, 42.3954873], [-87.8457059, 42.3903246], [-87.8457014, 42.3902887], [-87.8456825, 42.3902514], [-87.8456138, 42.3901246], [-87.8456064, 42.3900904], [-87.8456087, 42.3900582], [-87.8456236, 42.3900075], [-87.8456688, 42.3899606]], [[-87.8456688, 42.3899606], [-87.8457409, 42.3899039], [-87.8458073, 42.389853]], [[-87.8458073, 42.389853], [-87.8458259, 42.389833], [-87.8458386, 42.3898194], [-87.8458562, 42.3897684], [-87.8458632, 42.3896944], [-87.8458521, 42.3895456], [-87.8457707, 42.3893197], [-87.8457449, 42.389212], [-87.8457347, 42.3890907], [-87.8457503, 42.3877966], [-87.8457399, 42.3875263], [-87.8457133, 42.3873483], [-87.8456699, 42.3871393], [-87.8456561, 42.3870007], [-87.8456584, 42.3868918]], [[-87.8456584, 42.3868918], [-87.8456622, 42.3868556], [-87.8456657, 42.3868226]], [[-87.8456657, 42.3868226], [-87.8457247, 42.3865768], [-87.8457472, 42.3864628], [-87.8457714, 42.3858213], [-87.8457753, 42.3855814], [-87.8458051, 42.3838898], [-87.8458375, 42.3831317], [-87.8458372, 42.3828981], [-87.8458376, 42.3827414], [-87.8458616, 42.3812575], [-87.8458758, 42.3799008], [-87.8458835, 42.3790054], [-87.8458924, 42.3785676], [-87.8458935, 42.3778452], [-87.8459012, 42.3777621], [-87.8459328, 42.3775984]], [[-87.8459328, 42.3775984], [-87.8459333, 42.3775009], [-87.8459345, 42.3774169]], [[-87.8459345, 42.3774169], [-87.8459128, 42.3771959], [-87.8459509, 42.3747104], [-87.8459416, 42.3744515], [-87.8459398, 42.3741481], [-87.8459549, 42.3740752], [-87.8459872, 42.3739786]], [[-87.8459872, 42.3739786], [-87.845985, 42.3738828], [-87.8459839, 42.3738344]], [[-87.8459839, 42.3738344], [-87.8459633, 42.3736995], [-87.8459743, 42.3724151], [-87.8459719, 42.3716615], [-87.8459535, 42.3703496], [-87.8459605, 42.3693909], [-87.8459562, 42.3693557], [-87.8459404, 42.3693171], [-87.845897, 42.3692537], [-87.8458879, 42.3692203], [-87.8458864, 42.3690033], [-87.845893, 42.3689012], [-87.8459105, 42.3688613]], [[-87.8459105, 42.3688613], [-87.8459218, 42.3688498], [-87.8459844, 42.3687859], [-87.8460461, 42.3687178], [-87.8460577, 42.368705]], [[-87.8460577, 42.368705], [-87.846083, 42.3686786], [-87.8460971, 42.3686332], [-87.8460891, 42.3685892], [-87.8460166, 42.368442], [-87.8459952, 42.3683271], [-87.8460435, 42.366599], [-87.8460871, 42.3651493], [-87.8460864, 42.3649381], [-87.8460787, 42.3648407], [-87.8460559, 42.3647415], [-87.8460521, 42.3646937]], [[-87.8460521, 42.3646937], [-87.8460507, 42.3646335], [-87.8460558, 42.3645588]], [[-87.8460558, 42.3645588], [-87.8460588, 42.3645501], [-87.8461025, 42.364423], [-87.8461124, 42.3643664], [-87.8461205, 42.3641993], [-87.8461261, 42.3639651], [-87.8461218, 42.3636912], [-87.8461293, 42.3634083], [-87.8461319, 42.361553], [-87.8461387, 42.361457], [-87.8461562, 42.3613484]], [[-87.8461562, 42.3613484], [-87.8461568, 42.3612861], [-87.8461572, 42.3612449]], [[-87.8461572, 42.3612449], [-87.8461373, 42.3610641], [-87.8461351, 42.3608597], [-87.8461372, 42.3607581], [-87.8461369, 42.3599959], [-87.8461456, 42.3598372], [-87.8461671, 42.3597478]], [[-87.8461671, 42.3597478], [-87.8461786, 42.3596538], [-87.8461866, 42.3595829]], [[-87.8461866, 42.3595829], [-87.8462008, 42.3595835], [-87.8462035, 42.3595729], [-87.8462217, 42.3594934], [-87.8462343, 42.3594268], [-87.8462456, 42.3593798], [-87.846251, 42.3593368], [-87.8462616, 42.3592523], [-87.8462642, 42.3591531], [-87.8462596, 42.3590756], [-87.8462385, 42.3589713], [-87.8462141, 42.3588744], [-87.8462075, 42.3588073], [-87.8462045, 42.3587315], [-87.8462088, 42.3586403], [-87.8462278, 42.3579731], [-87.8462419, 42.3574268], [-87.8462652, 42.3561074], [-87.8462741, 42.3560433], [-87.8462904, 42.3559606], [-87.8462995, 42.3559233], [-87.846317, 42.3558864], [-87.8463382, 42.3558376], [-87.8463408, 42.3558007], [-87.846317, 42.3557421], [-87.8463051, 42.3557296], [-87.8462978, 42.3557219]], [[-87.8462978, 42.3557219], [-87.8462462, 42.3556853], [-87.8461966, 42.355653]], [[-87.8461966, 42.355653], [-87.8461829, 42.3556398], [-87.8461714, 42.3556182], [-87.8461565, 42.3555772], [-87.8461489, 42.3555439], [-87.8461537, 42.3555088], [-87.8461937, 42.3554091], [-87.8462089, 42.3553518], [-87.846219, 42.3552773], [-87.8462298, 42.3550848], [-87.8462556, 42.3545593], [-87.8462757, 42.353568], [-87.846284, 42.3529533], [-87.8462856, 42.3524502], [-87.8462832, 42.3523391], [-87.8462791, 42.351972], [-87.8462881, 42.3519096], [-87.8462961, 42.3518775], [-87.8463224, 42.3518095], [-87.8463475, 42.3517627], [-87.8463554, 42.3517478], [-87.846367, 42.3517039], [-87.8463665, 42.3516741], [-87.8463663, 42.351665]], [[-87.8463663, 42.351665], [-87.8463628, 42.3515926], [-87.8463555, 42.3515101], [-87.8463546, 42.3515003]], [[-87.8463546, 42.3515003], [-87.8463009, 42.351413], [-87.8462821, 42.35134], [-87.8462746, 42.351262], [-87.8462761, 42.3509738], [-87.8462829, 42.3506066], [-87.8462867, 42.3504893], [-87.846286, 42.3504279], [-87.8462741, 42.3503664], [-87.8462247, 42.3502557]], [[-87.8462247, 42.3502557], [-87.8462108, 42.3502236], [-87.8461949, 42.3501871]], [[-87.8461949, 42.3501871], [-87.8461832, 42.3501503], [-87.8461778, 42.3500847], [-87.8461835, 42.3500474], [-87.8462117, 42.3499382], [-87.8462266, 42.3498511], [-87.8462281, 42.3497149], [-87.8462036, 42.3495201], [-87.8462011, 42.3493981], [-87.8462044, 42.3488718], [-87.8462258, 42.348626], [-87.8463117, 42.3482969], [-87.8463331, 42.3480987], [-87.84636, 42.3462908], [-87.8463794, 42.3449072], [-87.8464029, 42.3432299], [-87.8464215, 42.3416246], [-87.8464289, 42.3415651], [-87.8464483, 42.3414968], [-87.8464833, 42.3414298], [-87.8464837, 42.3414201], [-87.8464848, 42.3413946]], [[-87.8464848, 42.3413946], [-87.8464844, 42.3413414], [-87.846484, 42.3412815]], [[-87.846484, 42.3412815], [-87.8464807, 42.3412603], [-87.8464791, 42.3412497], [-87.8464748, 42.34123], [-87.8464584, 42.3412068], [-87.8464425, 42.3411461], [-87.8464394, 42.3410881], [-87.8464513, 42.3397653], [-87.8464759, 42.3395465]], [[-87.8464759, 42.3395465], [-87.8464781, 42.3395074], [-87.8464803, 42.3394682]], [[-87.8464803, 42.3394682], [-87.8464526, 42.339352], [-87.8464672, 42.3378413], [-87.846503, 42.3377071]], [[-87.846503, 42.3377071], [-87.8465028, 42.3376755], [-87.8465025, 42.337644]], [[-87.8465025, 42.337644], [-87.846478, 42.3375121], [-87.8464952, 42.3368032], [-87.8465005, 42.336417], [-87.8464985, 42.3362722], [-87.8464978, 42.3362196], [-87.8464619, 42.3359855], [-87.8464737, 42.3359156]], [[-87.8464737, 42.3359156], [-87.8464858, 42.3358882], [-87.8464979, 42.3358609]], [[-87.8464979, 42.3358609], [-87.8465155, 42.3357912], [-87.8465155, 42.33478], [-87.8465316, 42.3343001], [-87.8465487, 42.3342046], [-87.8465541, 42.3341787]], [[-87.8465541, 42.3341787], [-87.8465536, 42.3341069], [-87.8465531, 42.3340436]], [[-87.8465531, 42.3340436], [-87.8465565, 42.3339826], [-87.8465338, 42.333815], [-87.8465507, 42.3326165], [-87.8465457, 42.3325159], [-87.8465344, 42.3324641], [-87.846521, 42.3324118]], [[-87.846521, 42.3324118], [-87.846521, 42.3323594], [-87.8465258, 42.3322922]], [[-87.8465258, 42.3322922], [-87.8465483, 42.3321882], [-87.8465951, 42.3315673], [-87.8466067, 42.3311475], [-87.8465822, 42.3308656], [-87.8465856, 42.3307677], [-87.8466023, 42.3305775], [-87.8466031, 42.3305686]], [[-87.8466031, 42.3305686], [-87.8466014, 42.3305013], [-87.8465997, 42.3304187]], [[-87.8465997, 42.3304187], [-87.8465859, 42.3303347], [-87.8465832, 42.3302507], [-87.8466067, 42.3289108], [-87.8466305, 42.3287691], [-87.8466321, 42.3287593]], [[-87.8466321, 42.3287593], [-87.8466294, 42.3286699], [-87.846631, 42.3286185]], [[-87.846631, 42.3286185], [-87.8466287, 42.3286033], [-87.8466174, 42.32853], [-87.8466157, 42.3283608], [-87.8466665, 42.3270678], [-87.8466813, 42.3270302], [-87.8467006, 42.3269595]], [[-87.8467006, 42.3269595], [-87.8467006, 42.3268702], [-87.8467007, 42.3268039]], [[-87.8467007, 42.3268039], [-87.8466981, 42.3267911], [-87.8466818, 42.3267097], [-87.8466818, 42.3256071]], [[-87.8468225, 42.3251279], [-87.8468159, 42.3252303], [-87.8467837, 42.3253176], [-87.8467139, 42.3254471], [-87.8466968, 42.3254922], [-87.8466818, 42.3256071]], [[-87.8468211, 42.3250323], [-87.8468229, 42.3250748], [-87.8468225, 42.3251279]], [[-87.8468264, 42.3249341], [-87.8468211, 42.3250323]], [[-87.8468265, 42.3248566], [-87.8468254, 42.3249061], [-87.8468264, 42.3249341]], [[-87.8468601, 42.3230915], [-87.8468609, 42.3231013], [-87.8468642, 42.3231402], [-87.8468429, 42.3232237], [-87.8468405, 42.3232876], [-87.8468453, 42.3233651], [-87.8468754, 42.3235003], [-87.8469207, 42.3236356], [-87.8469336, 42.3237208], [-87.8469232, 42.3239294], [-87.8468718, 42.324632], [-87.8468559, 42.3247272], [-87.8468269, 42.324805], [-87.8468267, 42.3248345], [-87.8468265, 42.3248566]], [[-87.8468581, 42.322985], [-87.8468594, 42.3230105], [-87.8468601, 42.3230915]], [[-87.84687, 42.3227089], [-87.8469123, 42.3227719], [-87.8469229, 42.3228032], [-87.8469177, 42.3228423], [-87.846876, 42.3229158], [-87.8468692, 42.322941], [-87.8468653, 42.3229553], [-87.8468581, 42.322985]], [[-87.8468156, 42.3226191], [-87.846839, 42.3226622], [-87.84687, 42.3227089]], [[-87.8466963, 42.3217712], [-87.8467763, 42.3219741], [-87.8467999, 42.3220702], [-87.8467945, 42.3222398], [-87.8467998, 42.322573], [-87.8468037, 42.3225843], [-87.8468156, 42.3226191]], [[-87.8466963, 42.3217712], [-87.8466382, 42.3217329], [-87.8465919, 42.321709], [-87.8464736, 42.3216818], [-87.8464065, 42.3216638], [-87.846315, 42.3216232], [-87.8462378, 42.3215616], [-87.8459227, 42.3213136], [-87.8458699, 42.3212625], [-87.8458394, 42.3211904], [-87.8458455, 42.3197144], [-87.8458373, 42.3196438], [-87.8457885, 42.3195792], [-87.8457186, 42.3195235], [-87.8456338, 42.3194844]], [[-87.8456338, 42.3194844], [-87.8456848, 42.319436], [-87.8457481, 42.3194106], [-87.846324, 42.3194095], [-87.846363, 42.319416], [-87.8464091, 42.3194334]], [[-87.846409, 42.3192051], [-87.8464158, 42.319332], [-87.8464091, 42.3194334]], [[-87.8465213, 42.3185114], [-87.8465199, 42.318785], [-87.846532, 42.3191149], [-87.846498, 42.3191634], [-87.8464605, 42.3191889], [-87.846409, 42.3192051]], [[-87.845352, 42.3156387], [-87.8454967, 42.315627], [-87.8455526, 42.3156355], [-87.8462235, 42.3158725], [-87.8463235, 42.3159223], [-87.8463653, 42.3159569], [-87.8463918, 42.3159829], [-87.8464532, 42.3160956], [-87.8464831, 42.3161173], [-87.846526, 42.316144], [-87.8465522, 42.3162805], [-87.8465448, 42.3168181], [-87.8465213, 42.3185114]], [[-87.8453081, 42.3155612], [-87.8453253, 42.3155916], [-87.845352, 42.3156387]], [[-87.8452769, 42.3155294], [-87.8453081, 42.3155612]], [[-87.8452256, 42.3155096], [-87.8452769, 42.3155294]], [[-87.8436972, 42.3158376], [-87.8437046, 42.3153024], [-87.8437368, 42.315231], [-87.8438226, 42.3151874], [-87.8439728, 42.3151199], [-87.844064, 42.3151239], [-87.8441255, 42.3151421], [-87.8448228, 42.315375], [-87.8452256, 42.3155096]], [[-87.8437305, 42.3159096], [-87.8437179, 42.3158822], [-87.8436972, 42.3158376]], [[-87.8437448, 42.3159232], [-87.8437305, 42.3159096]], [[-87.8440372, 42.3160204], [-87.8438632, 42.3159627], [-87.8437567, 42.3159274], [-87.8437448, 42.3159232]], [[-87.8443406, 42.3153388], [-87.844223, 42.3156194], [-87.8440372, 42.3160204]], [[-87.8445938, 42.3148408], [-87.8443406, 42.3153388]], [[-87.846249, 42.3088924], [-87.8462485, 42.3089613], [-87.8462473, 42.3091418], [-87.8462151, 42.3097329], [-87.84614, 42.3103517], [-87.8460166, 42.311038], [-87.8458933, 42.3116608], [-87.8457932, 42.3120357], [-87.845684, 42.3124146], [-87.8454158, 42.3131365], [-87.8451583, 42.3137712], [-87.8448821, 42.3142973], [-87.8445938, 42.3148408]], [[-87.8462487, 42.3087681], [-87.8462494, 42.3088234], [-87.846249, 42.3088924]], [[-87.8462183, 42.3079719], [-87.8462255, 42.3081588], [-87.846242, 42.308267], [-87.8462487, 42.3087681]], [[-87.8462191, 42.3074736], [-87.8462183, 42.3079719]], [[-87.8462312, 42.3066458], [-87.8462312, 42.3066776], [-87.8462312, 42.3066914], [-87.8462191, 42.3074736]], [[-87.8462312, 42.3064689], [-87.8462312, 42.3065539], [-87.8462312, 42.3066458]], [[-87.8462912, 42.3046068], [-87.846258, 42.3057855], [-87.8462312, 42.3061108], [-87.8462312, 42.3064689]], [[-87.804311, 42.203386], [-87.8043089, 42.2034481]], [[-87.8043089, 42.2034481], [-87.8080886, 42.2034624], [-87.8081309, 42.2034753], [-87.8081361, 42.2034832], [-87.8081424, 42.2034928], [-87.8081204, 42.2057997], [-87.8081611, 42.2058698], [-87.8082346, 42.2059191], [-87.8083686, 42.2059553], [-87.8088157, 42.2059304], [-87.8102623, 42.205839], [-87.8108139, 42.2058041], [-87.8115166, 42.2069663], [-87.8116052, 42.2071129], [-87.8116215, 42.2071406], [-87.8128084, 42.2091609], [-87.8129508, 42.2093585], [-87.8131689, 42.20974]], [[-87.8131689, 42.20974], [-87.8132553, 42.2098926], [-87.8133393, 42.2100329]], [[-87.8133393, 42.2100329], [-87.8133564, 42.2100615], [-87.8135864, 42.2104436], [-87.8138044, 42.2107045], [-87.8141546, 42.210954], [-87.8144029, 42.211076], [-87.8146317, 42.2111547], [-87.815253, 42.2113724], [-87.8154872, 42.2114658], [-87.8157294, 42.2115939], [-87.8159207, 42.2117332], [-87.816088, 42.2118864], [-87.8162793, 42.2121346], [-87.8166899, 42.2127102], [-87.818033, 42.2147357], [-87.8185489, 42.2154918], [-87.8192763, 42.2164699], [-87.8199254, 42.217321], [-87.8202828, 42.2177919], [-87.8203278, 42.2178786]], [[-87.8203278, 42.2178786], [-87.8203488, 42.2179074], [-87.8203674, 42.2179329]], [[-87.8203674, 42.2179329], [-87.8204048, 42.2179841], [-87.8204098, 42.217991]], [[-87.8204098, 42.217991], [-87.8204256, 42.2180127], [-87.8205066, 42.2181238], [-87.8205766, 42.2182198]], [[-87.8205766, 42.2182198], [-87.8206977, 42.2181854], [-87.8208317, 42.2181428], [-87.8208707, 42.2181304]], [[-87.8208707, 42.2181304], [-87.8209994, 42.2181114]], [[-87.8209994, 42.2181114], [-87.8209994, 42.2182067], [-87.8211024, 42.2183211], [-87.8213154, 42.2185163], [-87.8215659, 42.218836], [-87.8217677, 42.2189908], [-87.8218414, 42.2190702]], [[-87.8218414, 42.2190702], [-87.8220386, 42.2193463], [-87.82217, 42.219536], [-87.8222518, 42.2196939], [-87.8224061, 42.2199492], [-87.8225603, 42.2202034], [-87.82263, 42.2202988], [-87.8227105, 42.2203882], [-87.8228352, 42.2205203], [-87.822909, 42.2205848], [-87.8231973, 42.2207914], [-87.8232885, 42.2208679], [-87.8233971, 42.2209652], [-87.8235178, 42.2210923], [-87.8236707, 42.2212741], [-87.8239497, 42.2216465], [-87.8243842, 42.2222235], [-87.8245062, 42.2223993], [-87.8246685, 42.2226575], [-87.8247382, 42.2227867], [-87.8247865, 42.222884], [-87.8248656, 42.2230866], [-87.8249676, 42.2233339], [-87.8250319, 42.2234501], [-87.8253109, 42.2238245], [-87.8256086, 42.2242227], [-87.8257253, 42.2243677], [-87.825854, 42.2245157], [-87.8259814, 42.2246428], [-87.8263382, 42.2249735], [-87.8264237, 42.2250487], [-87.8265344, 42.2251461], [-87.8265977, 42.2252136], [-87.82666, 42.2253012], [-87.8270315, 42.2258097], [-87.8275465, 42.2265118], [-87.8280186, 42.2271633], [-87.8283136, 42.2275684], [-87.8284254, 42.2277165], [-87.8285979, 42.2279448], [-87.8289507, 42.2283927], [-87.8294777, 42.2290878], [-87.82964, 42.2293579], [-87.8298613, 42.2296518], [-87.8302099, 42.2301076], [-87.8304446, 42.2304453], [-87.8307853, 42.2309209], [-87.8311246, 42.2313906], [-87.8313016, 42.2316478], [-87.8315222, 42.2319794]], [[-87.8315222, 42.2319794], [-87.8317424, 42.2322774]], [[-87.8317424, 42.2322774], [-87.8318782, 42.2324606], [-87.8320017, 42.2326259], [-87.8321639, 42.2328493], [-87.832396, 42.2331343], [-87.8325703, 42.2333567], [-87.8327661, 42.2336099], [-87.8330464, 42.234023], [-87.8333227, 42.2344162], [-87.8336016, 42.2348372], [-87.8338738, 42.235292], [-87.834193, 42.2358669], [-87.8343368, 42.2361541], [-87.8343929, 42.2362661], [-87.8347764, 42.2371577], [-87.8349092, 42.2375152], [-87.8350634, 42.2379808], [-87.8351667, 42.2382847], [-87.8353048, 42.2387861], [-87.8354859, 42.2394046], [-87.8355931, 42.239768], [-87.8356481, 42.2399626], [-87.8356535, 42.2400708], [-87.8356508, 42.2401374], [-87.8356595, 42.2401722]], [[-87.8356595, 42.2401722], [-87.8356764, 42.2402045], [-87.8357199, 42.2402877]], [[-87.8357199, 42.2402877], [-87.8357252, 42.2402957], [-87.8357487, 42.240331], [-87.8357876, 42.2404164], [-87.8358265, 42.2405474], [-87.8359217, 42.2408959], [-87.8364394, 42.2425996], [-87.8368095, 42.2438158], [-87.8368391, 42.2439162], [-87.8369933, 42.2444383], [-87.8373366, 42.2455324], [-87.8376477, 42.2465718], [-87.8380353, 42.2478465], [-87.8382486, 42.2485899]], [[-87.8382486, 42.2485899], [-87.8385208, 42.2495381], [-87.8385825, 42.2497456], [-87.8386683, 42.2500156]], [[-87.8386683, 42.2500156], [-87.8387528, 42.2502946]], [[-87.8387528, 42.2502946], [-87.8388125, 42.2504693]], [[-87.8388125, 42.2504693], [-87.8388163, 42.2504971], [-87.8388225, 42.2505258], [-87.8388178, 42.2505688], [-87.8388116, 42.25059], [-87.8387675, 42.2507053], [-87.838762, 42.2507374], [-87.8387675, 42.2507822], [-87.8389581, 42.2514186]], [[-87.8389581, 42.2514186], [-87.8389604, 42.2514262], [-87.8389765, 42.2514802], [-87.8390003, 42.2515575], [-87.8390024, 42.2515642]], [[-87.8390024, 42.2515642], [-87.8392317, 42.2523076], [-87.8392349, 42.2523148], [-87.8392464, 42.2523403], [-87.8392596, 42.2523593], [-87.8392766, 42.2523727], [-87.8393053, 42.2523954], [-87.839327, 42.2524166], [-87.839341, 42.252443], [-87.8393768, 42.2525514], [-87.8394363, 42.2527316], [-87.8394417, 42.2527631], [-87.8394348, 42.2527901], [-87.8394115, 42.2528268], [-87.8394077, 42.2528457], [-87.8394053, 42.2528578], [-87.8394061, 42.2528836], [-87.8395259, 42.2532996]], [[-87.8395259, 42.2532996], [-87.8395404, 42.2533501]], [[-87.8395404, 42.2533501], [-87.8395603, 42.2534192], [-87.8395834, 42.2535059]], [[-87.8395834, 42.2535059], [-87.839589, 42.2535267], [-87.8395919, 42.2535477]], [[-87.8395919, 42.2535477], [-87.8395975, 42.2535875], [-87.8396185, 42.2536208], [-87.8396735, 42.2536701], [-87.8397115, 42.2537154], [-87.8397386, 42.2537716], [-87.8399758, 42.2544795], [-87.8403946, 42.2558714]], [[-87.8403946, 42.2558714], [-87.8404051, 42.2559062], [-87.8404195, 42.2559539]], [[-87.8404195, 42.2559539], [-87.8404338, 42.2560016], [-87.8406518, 42.2567262]], [[-87.8406518, 42.2567262], [-87.8406627, 42.2567623], [-87.840677, 42.2568098]], [[-87.840677, 42.2568098], [-87.8407562, 42.257073], [-87.840766, 42.257107], [-87.8407686, 42.257116], [-87.8407888, 42.2571499], [-87.840819, 42.257178], [-87.8408981, 42.2572537], [-87.8409353, 42.2572893], [-87.8409518, 42.2573159]], [[-87.8409518, 42.2573159], [-87.8409978, 42.2574863]], [[-87.8409978, 42.2574863], [-87.8411788, 42.2580769]], [[-87.8411788, 42.2580769], [-87.8412097, 42.2581612], [-87.841258, 42.2582526], [-87.8412875, 42.258322], [-87.841313, 42.2584154], [-87.8413182, 42.2584522], [-87.841329, 42.2585295], [-87.8414001, 42.2587786], [-87.8414283, 42.2588878], [-87.8414618, 42.2590516], [-87.8414846, 42.2591767], [-87.8415342, 42.2593087], [-87.8415798, 42.2594119], [-87.8416281, 42.2595399], [-87.8416724, 42.2596809], [-87.8417515, 42.2599995], [-87.8417717, 42.260097], [-87.8418333, 42.2603945], [-87.8420385, 42.2610933], [-87.8422477, 42.26179], [-87.8423885, 42.2622555], [-87.8425376, 42.2626632], [-87.842595, 42.2628203], [-87.8427801, 42.2634306], [-87.8429665, 42.2640043], [-87.8431154, 42.2644847], [-87.8432224, 42.2648448], [-87.8433876, 42.2654007], [-87.8434332, 42.2655774], [-87.8434788, 42.2658285], [-87.8435057, 42.2659406], [-87.8437162, 42.2666512], [-87.8438678, 42.2671683], [-87.8440931, 42.267855], [-87.8442902, 42.2684445], [-87.8443839, 42.2687616], [-87.8445169, 42.2692117], [-87.8445575, 42.2693992], [-87.8446711, 42.2697595], [-87.8448696, 42.2704482], [-87.8449718, 42.2707951], [-87.8450439, 42.2710397], [-87.8452129, 42.2716043], [-87.8452364, 42.2716821], [-87.8454959, 42.2725401], [-87.8456068, 42.2729071], [-87.8456917, 42.2731881], [-87.8459009, 42.2739185], [-87.8461069, 42.2747457], [-87.8461927, 42.2753046], [-87.8462328, 42.2758737], [-87.8462442, 42.2760349], [-87.8462957, 42.2767779], [-87.8463252, 42.2772025], [-87.8463143, 42.2776122], [-87.8462679, 42.2776808], [-87.8462559, 42.2777183], [-87.846232, 42.2777926], [-87.8462303, 42.2778363], [-87.8462184, 42.2781497], [-87.8461927, 42.2786086], [-87.8461869, 42.2787898]], [[-87.8461869, 42.2787898], [-87.8461834, 42.2790281]], [[-87.8461834, 42.2790281], [-87.8461816, 42.2791646]], [[-87.8461816, 42.2791646], [-87.8461804, 42.2794238]], [[-87.8461804, 42.2794238], [-87.8461818, 42.2795459]], [[-87.8461818, 42.2795459], [-87.8461794, 42.2796206], [-87.8461762, 42.2797229], [-87.8461739, 42.2797953]], [[-87.8461739, 42.2797953], [-87.8461876, 42.2798654], [-87.8461967, 42.2799511], [-87.8462087, 42.2801419], [-87.8462044, 42.2803379], [-87.846225, 42.280656], [-87.8462222, 42.2808221], [-87.8462259, 42.281289], [-87.8462404, 42.2814593], [-87.8462465, 42.28165], [-87.8462489, 42.2818251], [-87.8462467, 42.2819951], [-87.8462376, 42.2822261], [-87.8462121, 42.2827085], [-87.846238, 42.282822], [-87.8462741, 42.2828938], [-87.8463868, 42.2830804], [-87.8464267, 42.2831498], [-87.8464456, 42.2832141], [-87.8464158, 42.2833187], [-87.8464281, 42.2834328], [-87.8464565, 42.2836003], [-87.8464672, 42.2848583], [-87.8464512, 42.2849655], [-87.8463814, 42.2851481], [-87.8463653, 42.2853266], [-87.846376, 42.2862394], [-87.8463868, 42.2868784], [-87.8464326, 42.287137], [-87.8464458, 42.2872117], [-87.8464136, 42.2875093], [-87.8463814, 42.2896047], [-87.8463741, 42.2918132], [-87.8463707, 42.2928309], [-87.8463673, 42.2945198], [-87.8463653, 42.2954855], [-87.8463385, 42.298755], [-87.8463278, 42.3007111], [-87.8463278, 42.3027266], [-87.8463009, 42.304262], [-87.8462912, 42.3046068]], [[-87.8057442, 42.1966011], [-87.8057777, 42.1967054], [-87.8057863, 42.1967593], [-87.8057978, 42.1968316], [-87.8058112, 42.1969141], [-87.8058327, 42.1969975], [-87.8058716, 42.197077], [-87.8060245, 42.1973125], [-87.8061505, 42.197535], [-87.8062471, 42.1977039], [-87.8063316, 42.1978689], [-87.8064, 42.1979921], [-87.806455, 42.1980566], [-87.8065529, 42.1981461], [-87.8066159, 42.1982136], [-87.8066722, 42.1982842], [-87.8067433, 42.1984014], [-87.8067566, 42.1984261], [-87.8068144, 42.1985335], [-87.8069981, 42.1989449], [-87.8070746, 42.1991187], [-87.8071336, 42.1992588], [-87.8071819, 42.1993459], [-87.807202, 42.199382]], [[-87.8031351, 42.1924222], [-87.803195, 42.192527], [-87.8033597, 42.1927907], [-87.8039578, 42.1937138], [-87.8041939, 42.1940824], [-87.8045305, 42.1946428], [-87.8047692, 42.1950194], [-87.8048483, 42.1951018], [-87.8050924, 42.1954754], [-87.8051675, 42.1956781], [-87.805366, 42.1960179], [-87.8057442, 42.1966011]], [[-87.8030012, 42.1922354], [-87.8031351, 42.1924222]], [[-87.8029426, 42.1921638], [-87.8030012, 42.1922354]], [[-87.8023016, 42.1922583], [-87.8023676, 42.1922126], [-87.802392, 42.192157], [-87.8024226, 42.1921171], [-87.802473, 42.1920958], [-87.8025582, 42.1920623], [-87.8026501, 42.1920464], [-87.8027106, 42.1920455], [-87.8027763, 42.1920555], [-87.8028648, 42.1920952], [-87.8029426, 42.1921638]], [[-87.8022817, 42.1922953], [-87.8023016, 42.1922583]]]}}, {"type": "Feature", "properties": {"name": "Old Plank Road Trail", "length_mi": 21.6, "osm_source": "way"}, "geometry": {"type": "MultiLineString", "coordinates": [[[-87.6744605, 41.499038], [-87.6746167, 41.4990374], [-87.6837154, 41.4990458]], [[-87.6854813, 41.4990378], [-87.6855673, 41.4990374], [-87.6880281, 41.4990422], [-87.6892612, 41.4990412], [-87.6903365, 41.4990379], [-87.6904615, 41.499048], [-87.6908581, 41.4991212], [-87.6910894, 41.4991492], [-87.692628, 41.4991529], [-87.6927827, 41.4991395], [-87.6931093, 41.4990597], [-87.6933437, 41.4990297], [-87.6976061, 41.4990518], [-87.6983033, 41.4990395]], [[-87.9944875, 41.5166608], [-87.9954079, 41.5169774]], [[-88.014537, 41.5233767], [-88.0146259, 41.5234162], [-88.0150115, 41.5234847], [-88.0152608, 41.5235485], [-88.0155357, 41.5236668], [-88.0160421, 41.523866], [-88.017733, 41.5244443], [-88.0189002, 41.5248042], [-88.0198959, 41.5250548], [-88.0209524, 41.5252853], [-88.0217506, 41.5254181], [-88.0223678, 41.5255046], [-88.0228755, 41.5255815], [-88.0233806, 41.5256203], [-88.0239788, 41.5256911], [-88.0240399, 41.5256964], [-88.0241241, 41.5257018], [-88.0251848, 41.5257699], [-88.0262857, 41.5257835], [-88.0274178, 41.525755], [-88.0285125, 41.525685], [-88.0294239, 41.5255924], [-88.0320409, 41.5252861], [-88.0353307, 41.5249332], [-88.035413, 41.5249153], [-88.0354597, 41.5248926], [-88.035536, 41.5248567], [-88.0355982, 41.5248408], [-88.0360774, 41.5247826]], [[-87.8602894, 41.4988647], [-87.8611417, 41.4988507]], [[-87.9268426, 41.4980512], [-87.9269287, 41.4980497], [-87.9269641, 41.4980496], [-87.9280599, 41.4980622], [-87.9285226, 41.4980491], [-87.9310211, 41.4980079], [-87.9333974, 41.4979829], [-87.9355927, 41.4979613], [-87.9374611, 41.4980546], [-87.9389519, 41.4982236], [-87.9400934, 41.4984164], [-87.9410747, 41.4986278], [-87.9411279, 41.4986408], [-87.9411984, 41.4986556], [-87.9412732, 41.4986743], [-87.9413624, 41.498695], [-87.9423422, 41.4989243], [-87.9437155, 41.4993743], [-87.9454922, 41.4999721], [-87.9464409, 41.5003116], [-87.9468609, 41.5004619], [-87.9469356, 41.5004871], [-87.9469595, 41.5004951], [-87.9470452, 41.5005236], [-87.9471173, 41.5005489], [-87.9471624, 41.500564], [-87.9471886, 41.5005728], [-87.9482866, 41.5009295], [-87.9490837, 41.5012092], [-87.949971, 41.5015158], [-87.9508908, 41.5018187], [-87.9527061, 41.5024364], [-87.9535559, 41.5027375], [-87.9554585, 41.5033698], [-87.9574516, 41.5040419], [-87.9576634, 41.5041117], [-87.9597292, 41.5048175], [-87.9598424, 41.504847], [-87.959977, 41.5048779], [-87.9600774, 41.5048923], [-87.960128, 41.5049039]], [[-87.846654, 41.4989694], [-87.8467828, 41.4989887], [-87.8468943, 41.4990915], [-87.8469576, 41.4991763], [-87.8470169, 41.4993029], [-87.847089, 41.4994115], [-87.8471458, 41.4994681], [-87.8472806, 41.4995415], [-87.8473803, 41.4995812], [-87.8474951, 41.4995994], [-87.8477183, 41.4995994], [-87.8477344, 41.4995945], [-87.847843, 41.4995721], [-87.8479501, 41.4995286], [-87.8480428, 41.4994677], [-87.8481131, 41.4993936], [-87.8481809, 41.4993049], [-87.8482161, 41.4992072], [-87.8482961, 41.4990362], [-87.8483349, 41.4990129], [-87.8483964, 41.4989758], [-87.8486068, 41.4989622]], [[-87.7327931, 41.4971709], [-87.732796, 41.4972747], [-87.7327348, 41.4973495], [-87.7326999, 41.4974189], [-87.7326752, 41.49748], [-87.7326811, 41.4975886], [-87.7327052, 41.4977865], [-87.7327021, 41.4978866], [-87.7326962, 41.4979748], [-87.7327047, 41.4981056], [-87.7327168, 41.4981729], [-87.7327213, 41.4982378], [-87.7327226, 41.4984294], [-87.7327446, 41.4985042], [-87.7327824, 41.4985579], [-87.7328583, 41.4986025], [-87.7329387, 41.4986427], [-87.7331016, 41.4986611], [-87.7331547, 41.498705], [-87.7332646, 41.4987894], [-87.7335179, 41.4989502], [-87.7336665, 41.4990337]], [[-87.7517128, 41.499022], [-87.7517741, 41.4990217], [-87.7534825, 41.4990201], [-87.7535877, 41.4990145], [-87.7561035, 41.4990268], [-87.7607492, 41.4990222], [-87.7612982, 41.4990228], [-87.7646974, 41.4990265], [-87.7653552, 41.4990272], [-87.768076, 41.4990208], [-87.7708303, 41.4990208], [-87.7708906, 41.4990208]], [[-87.8511448, 41.4989446], [-87.8512864, 41.4989432], [-87.8525849, 41.4989368], [-87.8546023, 41.498935], [-87.8546237, 41.4989349], [-87.8547306, 41.4989348], [-87.8548175, 41.498934], [-87.8548363, 41.4989338], [-87.8583627, 41.4988967], [-87.8593268, 41.4988818], [-87.8602894, 41.4988647]], [[-88.0537838, 41.5239457], [-88.054048, 41.5239467], [-88.0541968, 41.5238815], [-88.054402, 41.5237841], [-88.0544556, 41.5237379], [-88.054512, 41.5236435], [-88.054563, 41.5235341], [-88.0545346, 41.5234165], [-88.0544798, 41.5232228], [-88.054444, 41.5231164]], [[-87.7129753, 41.4990371], [-87.7132018, 41.4990349]], [[-87.7132018, 41.4990349], [-87.7175738, 41.4990329], [-87.718149, 41.499034], [-87.7193289, 41.499034], [-87.7195185, 41.499034], [-87.7226115, 41.4990401]], [[-87.7071977, 41.4990354], [-87.70728, 41.4990362], [-87.7129753, 41.4990371]], [[-87.7017867, 41.4990363], [-87.7022959, 41.499037]], [[-87.965708, 41.5068109], [-87.9658063, 41.5068452], [-87.9679369, 41.5075893], [-87.9721255, 41.5089969], [-87.9748004, 41.5099199], [-87.9748974, 41.5099534], [-87.9749416, 41.5099687], [-87.9750244, 41.5099972], [-87.9751623, 41.5100439], [-87.9751826, 41.5100471], [-87.9752874, 41.5100864], [-87.9777045, 41.5109058], [-87.979876, 41.5116385], [-87.9800584, 41.5116914], [-87.980228, 41.5117405], [-87.980343, 41.5117714], [-87.9803413, 41.5117997]], [[-87.9623034, 41.5056758], [-87.9624717, 41.5057357]], [[-87.6837154, 41.4990458], [-87.6839383, 41.4990458]], [[-87.6839383, 41.4990458], [-87.6854813, 41.4990378]], [[-87.7316581, 41.4990337], [-87.7318383, 41.4990144], [-87.7319365, 41.4989803], [-87.7320207, 41.4989269], [-87.7320887, 41.4988668], [-87.7321363, 41.4988111], [-87.7321489, 41.4987466], [-87.7321449, 41.4980239], [-87.7321396, 41.4972339], [-87.7321392, 41.4971797]], [[-87.8493071, 41.4989491], [-87.8500498, 41.4989473], [-87.8509773, 41.498945], [-87.8510472, 41.4989448], [-87.8511448, 41.4989446]], [[-87.8611417, 41.4988507], [-87.8618202, 41.4988503], [-87.8624964, 41.4988317], [-87.8631578, 41.4988341]], [[-87.6515808, 41.4990345], [-87.651688, 41.4990276], [-87.6530438, 41.4990285], [-87.654803, 41.4990296], [-87.654944, 41.4990297], [-87.656541, 41.4990307], [-87.656641, 41.4990307], [-87.6644916, 41.4990356], [-87.6645376, 41.4990356]], [[-88.0360774, 41.5247826], [-88.0361738, 41.524781], [-88.0363053, 41.5247956], [-88.0364944, 41.5247989], [-88.036688, 41.5247893], [-88.0369715, 41.5247517], [-88.0374679, 41.5246988], [-88.0387554, 41.5245541], [-88.0399154, 41.5244177], [-88.0408449, 41.5243263], [-88.0423189, 41.5241527], [-88.0433388, 41.5240425], [-88.0451615, 41.5238438], [-88.0457269, 41.5237659], [-88.0466357, 41.5236917], [-88.0472673, 41.5236626], [-88.0477002, 41.5236678], [-88.0480962, 41.5236796], [-88.0490175, 41.5236938], [-88.0491978, 41.5236643], [-88.0493708, 41.5235976], [-88.0495973, 41.5235617], [-88.0501147, 41.5235656], [-88.0504908, 41.5235941], [-88.0505768, 41.5236055], [-88.050798, 41.523681], [-88.0509413, 41.5236959], [-88.0510416, 41.5236933], [-88.0513786, 41.5236814], [-88.0523113, 41.5237449], [-88.0527645, 41.5238293], [-88.0537838, 41.5239457]], [[-87.7226115, 41.4990401], [-87.7266026, 41.4990337], [-87.7276841, 41.499036], [-87.7281562, 41.4990401], [-87.7313633, 41.4990342], [-87.7316581, 41.4990337]], [[-87.8631578, 41.4988341], [-87.86652, 41.4988011], [-87.8685142, 41.498809], [-87.8685346, 41.4988089], [-87.8685576, 41.4988089], [-87.8686636, 41.4988091], [-87.8687905, 41.4988098], [-87.86882, 41.49881], [-87.8689568, 41.4988108], [-87.8691839, 41.4988096], [-87.8693756, 41.4987961], [-87.8695861, 41.4987709], [-87.8698134, 41.4987597], [-87.8707278, 41.4987357], [-87.8740996, 41.498703], [-87.878418, 41.498648], [-87.8784762, 41.4986468], [-87.8785357, 41.4986471], [-87.8785517, 41.4986469], [-87.8785744, 41.4986467], [-87.8820629, 41.4986113], [-87.8832393, 41.4985989], [-87.8833794, 41.4985826], [-87.8836342, 41.4985203], [-87.8838122, 41.498502], [-87.8867326, 41.4984598], [-87.8869005, 41.4984614], [-87.8871372, 41.4985163], [-87.8873243, 41.4985334], [-87.8879467, 41.4985322]], [[-87.8879467, 41.4985322], [-87.8880126, 41.4985314], [-87.8880736, 41.4985304]], [[-87.7022959, 41.499037], [-87.7024539, 41.4990369], [-87.7032184, 41.4990366], [-87.7032409, 41.4990367]], [[-87.7032409, 41.4990367], [-87.7033622, 41.4990366], [-87.7034908, 41.4990366]], [[-87.7323867, 41.4971773], [-87.7324267, 41.4971767], [-87.7325467, 41.4971748]], [[-87.7321392, 41.4971797], [-87.7321921, 41.4971795]], [[-87.7325467, 41.4971748], [-87.7327931, 41.4971709]], [[-87.7903779, 41.4990011], [-87.7904221, 41.4989985], [-87.7908074, 41.4989825], [-87.7915593, 41.4989887], [-87.793027, 41.4990015], [-87.7991078, 41.4989887], [-87.8000394, 41.4989887], [-87.8019791, 41.4990015], [-87.8048742, 41.498998], [-87.8126908, 41.4989887], [-87.817944, 41.4989824], [-87.8216258, 41.4989758], [-87.8238732, 41.4989799], [-87.8242522, 41.4989867], [-87.8244039, 41.4989683], [-87.8246412, 41.4988879], [-87.8248109, 41.4988709], [-87.8274623, 41.4988858], [-87.8276789, 41.4989225], [-87.8279172, 41.4989565], [-87.8289392, 41.4989671], [-87.8289767, 41.4989679], [-87.8290082, 41.4989685]], [[-87.7902309, 41.4990043], [-87.7903144, 41.499003]], [[-87.7710611, 41.499019], [-87.7711038, 41.4990198], [-87.7730027, 41.4990208], [-87.7767449, 41.4990144], [-87.7803756, 41.4990144], [-87.7806605, 41.499014], [-87.7900143, 41.4990015], [-87.790201, 41.4990054], [-87.7902309, 41.4990043]], [[-87.7708906, 41.4990208], [-87.770979, 41.4990203], [-87.7710611, 41.499019]], [[-87.7336665, 41.4990337], [-87.7388106, 41.4990235], [-87.7401896, 41.4990208], [-87.7420031, 41.4990454], [-87.7420865, 41.4990465], [-87.7433825, 41.4990337], [-87.7435589, 41.4990335], [-87.7488242, 41.4990272], [-87.7515382, 41.4990224], [-87.7515805, 41.4990224]], [[-87.7515805, 41.4990224], [-87.7516417, 41.4990223], [-87.7517128, 41.499022]], [[-87.8291238, 41.4989687], [-87.8291851, 41.4989688], [-87.8292082, 41.4989695], [-87.8303462, 41.4989629], [-87.8352128, 41.4989758], [-87.8393264, 41.4989817], [-87.8393753, 41.4989816]], [[-87.8290082, 41.4989685], [-87.8290646, 41.4989667], [-87.8291238, 41.4989687]], [[-87.8395195, 41.4989811], [-87.8395685, 41.4989807], [-87.8430424, 41.4989672], [-87.8442964, 41.4989561], [-87.846654, 41.4989694]], [[-87.8393753, 41.4989816], [-87.8394375, 41.4989818], [-87.8395195, 41.4989811]], [[-87.8486068, 41.4989622], [-87.8490514, 41.4989537], [-87.8491004, 41.4989529]], [[-87.8491004, 41.4989529], [-87.8492034, 41.4989513], [-87.8493071, 41.4989491]], [[-87.8880736, 41.4985304], [-87.8881578, 41.4985238]], [[-87.8881578, 41.4985238], [-87.8882432, 41.4985278], [-87.8883278, 41.4985317]], [[-87.8883278, 41.4985317], [-87.8883999, 41.4985315], [-87.8884243, 41.4985294], [-87.8895816, 41.4985077], [-87.8896648, 41.4984994], [-87.8898888, 41.4984552], [-87.8900175, 41.498447], [-87.8924103, 41.4984125], [-87.8925201, 41.498416], [-87.8929318, 41.4984612], [-87.8931288, 41.4984663], [-87.8937202, 41.4984629], [-87.8940591, 41.498461], [-87.8944423, 41.4984534], [-87.8946182, 41.4984511], [-87.8978536, 41.4984162], [-87.8978785, 41.4984159], [-87.8979058, 41.4984155]], [[-87.8979058, 41.4984155], [-87.8980215, 41.4984153], [-87.8981206, 41.4984161]], [[-87.8981206, 41.4984161], [-87.8982402, 41.4984123], [-87.9027566, 41.4983598], [-87.9035663, 41.4983412], [-87.9047307, 41.4983277], [-87.9065568, 41.4983071], [-87.9071603, 41.4983003], [-87.9084644, 41.4982763], [-87.9100381, 41.4982583], [-87.9107511, 41.4982051], [-87.9118464, 41.4981971], [-87.9126377, 41.4982188], [-87.9134855, 41.4982056], [-87.9149188, 41.4981991], [-87.9150544, 41.4981986], [-87.917571, 41.4981606], [-87.9206953, 41.498122], [-87.9246005, 41.4980706], [-87.9266489, 41.4980525], [-87.9266688, 41.4980523], [-87.9267213, 41.4980514]], [[-87.9267213, 41.4980514], [-87.9267622, 41.4980507], [-87.9268426, 41.4980512]], [[-87.9602089, 41.5050193], [-87.9602183, 41.5050256], [-87.9602601, 41.5050538], [-87.960357, 41.5050765], [-87.9604937, 41.5051017], [-87.9610206, 41.5052721], [-87.9621269, 41.5056165], [-87.9623034, 41.5056758]], [[-87.960128, 41.5049039], [-87.9601659, 41.504958], [-87.9602089, 41.5050193]], [[-87.9624717, 41.5057357], [-87.9626755, 41.5058088], [-87.9642977, 41.5063551], [-87.9654791, 41.5067559], [-87.9655106, 41.5067642], [-87.9655365, 41.5067701]], [[-87.9655365, 41.5067701], [-87.9656157, 41.506789], [-87.965708, 41.5068109]], [[-87.9852468, 41.5134581], [-87.9857468, 41.5136245], [-87.9896693, 41.5149484], [-87.9938916, 41.516393], [-87.9942003, 41.516557], [-87.9944875, 41.5166608]], [[-87.9803413, 41.5117997], [-87.9803428, 41.5118681], [-87.9803447, 41.5119572]], [[-87.9803447, 41.5119572], [-87.9803459, 41.5119711], [-87.980381, 41.5119892], [-87.9809942, 41.5119774], [-87.9810333, 41.511979]], [[-87.9810333, 41.511979], [-87.9811137, 41.5119802], [-87.9812193, 41.5119817]], [[-87.9812193, 41.5119817], [-87.9812348, 41.5119847], [-87.981273, 41.5120005], [-87.9813077, 41.5120332], [-87.9813609, 41.5121364], [-87.9814918, 41.5122097], [-87.9850631, 41.513397]], [[-87.9850631, 41.513397], [-87.9851288, 41.5134188], [-87.9852468, 41.5134581]], [[-87.9954079, 41.5169774], [-87.9957034, 41.5170704], [-87.9962404, 41.5171794], [-87.996617, 41.5173052], [-87.9983867, 41.517896], [-88.0014938, 41.5189435], [-88.0043262, 41.5198946], [-88.0046184, 41.5199984]], [[-88.0046184, 41.5199984], [-88.0047014, 41.5200248], [-88.0047885, 41.5200525]], [[-88.0047885, 41.5200525], [-88.0056394, 41.5203445], [-88.0091499, 41.5215205], [-88.0115446, 41.5223495], [-88.013862, 41.5231399], [-88.0141967, 41.5231784], [-88.0143426, 41.5232298], [-88.0144014, 41.5232753]], [[-88.0144014, 41.5232753], [-88.0144602, 41.5233207], [-88.014537, 41.5233767]], [[-87.6513359, 41.4990256], [-87.6514477, 41.4990297], [-87.6515808, 41.4990345]], [[-87.6513165, 41.499025], [-87.6513359, 41.4990256]], [[-87.6646523, 41.4990358], [-87.664721, 41.4990358], [-87.6695589, 41.4990389], [-87.6732827, 41.4990352], [-87.6733975, 41.4990236], [-87.6735147, 41.4990018]], [[-87.6645376, 41.4990356], [-87.6645836, 41.4990357], [-87.6646523, 41.4990358]], [[-87.7321921, 41.4971795], [-87.7322834, 41.4971792], [-87.7323377, 41.4971783]], [[-87.7323377, 41.4971783], [-87.7323867, 41.4971773]], [[-87.7034908, 41.4990366], [-87.703519, 41.4990366], [-87.7069796, 41.4990362], [-87.7070633, 41.4990354]], [[-87.7070633, 41.4990354], [-87.7071217, 41.4990354], [-87.7071977, 41.4990354]], [[-87.6984374, 41.4990391], [-87.7010771, 41.4990364], [-87.7013839, 41.499036], [-87.7017867, 41.4990363]], [[-87.6983033, 41.4990395], [-87.6983654, 41.4990393], [-87.6984374, 41.4990391]], [[-87.7903144, 41.499003], [-87.7903779, 41.4990011]]]}}, {"type": "Feature", "properties": {"name": "Cal-Sag Trail", "length_mi": 15.5, "osm_source": "way"}, "geometry": {"type": "MultiLineString", "coordinates": [[[-87.933061, 41.6949596], [-87.9329997, 41.6950332], [-87.932896, 41.69509], [-87.9327906, 41.6951315], [-87.9315325, 41.6953485], [-87.9313662, 41.6953485], [-87.9312519, 41.6953376], [-87.9311654, 41.6953004], [-87.9305616, 41.694972], [-87.9304748, 41.6949225], [-87.9303784, 41.6948697], [-87.9303252, 41.6948502], [-87.9302654, 41.6948394], [-87.9302004, 41.694841], [-87.930129, 41.694853], [-87.9299865, 41.6948952], [-87.9298469, 41.694938], [-87.9297522, 41.6949578], [-87.9296791, 41.6949672], [-87.9295656, 41.6949706], [-87.9294372, 41.6949655], [-87.9289444, 41.6949182], [-87.9286528, 41.6948904], [-87.9285293, 41.6948801], [-87.9283987, 41.6948745], [-87.9281889, 41.6948802], [-87.9279998, 41.694902], [-87.927841, 41.6949131], [-87.9277023, 41.6949126], [-87.9275041, 41.6948876], [-87.9272827, 41.6948481], [-87.9267556, 41.6946863], [-87.9255944, 41.6941105], [-87.925425, 41.6940464], [-87.9253063, 41.6940377], [-87.9251742, 41.6940598], [-87.9245963, 41.6942446], [-87.9239692, 41.6943652], [-87.9235022, 41.6944175], [-87.9233209, 41.6944277], [-87.9230134, 41.6943934], [-87.9224017, 41.6943122], [-87.9218981, 41.6942402], [-87.9215038, 41.694182], [-87.9211952, 41.6940821], [-87.9205577, 41.6938801], [-87.9203291, 41.6938325], [-87.9187328, 41.6935488], [-87.9178607, 41.6934169], [-87.9172211, 41.6932981], [-87.915882, 41.6930017], [-87.9153049, 41.6928975], [-87.914559, 41.6927648], [-87.9140343, 41.6926862], [-87.9136747, 41.6926811], [-87.9133715, 41.6926696], [-87.9129699, 41.6925919], [-87.9120275, 41.6923463], [-87.9116427, 41.6922682], [-87.9109134, 41.692152], [-87.9101841, 41.6920619], [-87.9094155, 41.6920287], [-87.9091374, 41.6919879], [-87.9089569, 41.6919561], [-87.908779, 41.6919533], [-87.9083625, 41.6919831], [-87.9082657, 41.6919858], [-87.9081714, 41.6919643], [-87.9077088, 41.6917764], [-87.9074308, 41.6917114], [-87.9071281, 41.6916608], [-87.9061787, 41.6915198], [-87.9052242, 41.6914143], [-87.9047167, 41.6913697], [-87.9040232, 41.6912991], [-87.9024613, 41.6910609], [-87.9011281, 41.6908639], [-87.8995262, 41.6906294], [-87.8971713, 41.6902835], [-87.8968564, 41.6902211], [-87.8966581, 41.6901426], [-87.8964849, 41.6900678], [-87.896263, 41.6899976], [-87.8961087, 41.6899611], [-87.8953593, 41.6898698], [-87.8950034, 41.6898175], [-87.8945334, 41.6897368], [-87.8939348, 41.6896776], [-87.8930394, 41.6895322], [-87.8920232, 41.689367], [-87.8914634, 41.6892543], [-87.8907134, 41.6890621], [-87.8901169, 41.6888828], [-87.8898778, 41.6888168], [-87.8894886, 41.6887582], [-87.8885636, 41.6886632], [-87.8877489, 41.6885605], [-87.8867319, 41.688349], [-87.886339, 41.6882943], [-87.8861677, 41.6882954], [-87.8860536, 41.688315], [-87.8859644, 41.688344], [-87.8857912, 41.6884547], [-87.8855335, 41.6887137], [-87.8854477, 41.6887672], [-87.8853587, 41.6887818], [-87.8852015, 41.6887649], [-87.885122, 41.6887283], [-87.8850053, 41.6886284], [-87.8847353, 41.6884149], [-87.8844051, 41.6882762], [-87.8840649, 41.6881692], [-87.8837931, 41.6881122], [-87.8831327, 41.688029], [-87.8828239, 41.6879743], [-87.8827411, 41.6879548], [-87.8825243, 41.6879236], [-87.8816766, 41.6878678], [-87.8814823, 41.6878317], [-87.8811905, 41.6877287], [-87.8807406, 41.6876181], [-87.8802807, 41.6875561], [-87.8795399, 41.6874753], [-87.8784076, 41.6873214], [-87.8778774, 41.6872356], [-87.87703, 41.6870969], [-87.8768746, 41.6870826]], [[-87.7804448, 41.6738814], [-87.7805338, 41.6738895], [-87.7807913, 41.6739396], [-87.7812982, 41.6740518], [-87.7817247, 41.674151], [-87.7821096, 41.6742311], [-87.782591, 41.6743122], [-87.7829639, 41.6743964], [-87.7832589, 41.6744605], [-87.7834683, 41.6745026], [-87.7840609, 41.6746208], [-87.7844337, 41.6746969], [-87.7848682, 41.674779], [-87.7851981, 41.6748331], [-87.7855871, 41.6748952], [-87.7859317, 41.6749413], [-87.7861235, 41.6749833], [-87.7864347, 41.6750645], [-87.7867015, 41.6751327], [-87.7870811, 41.6751958], [-87.7873425, 41.6752546], [-87.7875545, 41.6752889], [-87.7878079, 41.675332], [-87.7880574, 41.6753881], [-87.7884838, 41.6754682], [-87.7891383, 41.6755764], [-87.7895165, 41.6756445], [-87.7898068, 41.6757193], [-87.7902735, 41.6758315], [-87.7906195, 41.6758876], [-87.7908663, 41.6759177], [-87.7910594, 41.6759357], [-87.7914852, 41.67596], [-87.7917648, 41.6760068], [-87.792086, 41.6760512], [-87.7924254, 41.6761093], [-87.7927982, 41.6761593], [-87.7929591, 41.6761864], [-87.7933199, 41.6762736], [-87.7936553, 41.6763523], [-87.7937852, 41.6763788], [-87.7942023, 41.6764699], [-87.7946422, 41.6765721], [-87.7948501, 41.6766292], [-87.7951129, 41.6767033], [-87.7953677, 41.6767544], [-87.7956064, 41.6767864], [-87.7958295, 41.6768486], [-87.7962111, 41.6768916], [-87.7964458, 41.6769558], [-87.796618, 41.6770345], [-87.796739, 41.6771089], [-87.7967872, 41.6771275], [-87.7968353, 41.6771362]], [[-87.7970962, 41.6771318], [-87.7972764, 41.6771364], [-87.797352, 41.6771433], [-87.7974925, 41.6771663], [-87.7977006, 41.6772001], [-87.7982208, 41.6773019], [-87.7987218, 41.6773915], [-87.7991859, 41.6774816], [-87.7995882, 41.6775678], [-87.7997333, 41.6775231]], [[-87.9406046, 41.7027037], [-87.9402989, 41.702312], [-87.9402358, 41.7022316], [-87.9397731, 41.7016287], [-87.9388462, 41.7004459]], [[-87.9327857, 41.6905089], [-87.9327143, 41.690503], [-87.9326924, 41.690486], [-87.9326405, 41.6903812], [-87.9326376, 41.6902813], [-87.9326376, 41.6901811], [-87.9325786, 41.690077], [-87.9324606, 41.6899928], [-87.9323479, 41.6899327], [-87.9321709, 41.6898847], [-87.9314789, 41.6894801], [-87.9314145, 41.68942], [-87.931275, 41.6892557], [-87.9311356, 41.6891676], [-87.9309371, 41.6890715], [-87.9307815, 41.6889793], [-87.9306903, 41.6888591], [-87.9306474, 41.6886909], [-87.9306099, 41.6885493], [-87.9305788, 41.6884548], [-87.9305579, 41.6883991], [-87.9305079, 41.6883399], [-87.9304182, 41.6882697], [-87.930349, 41.6882085], [-87.9303414, 41.68813], [-87.9303562, 41.6880529], [-87.930403, 41.6879704]], [[-87.8315963, 41.6827096], [-87.831558, 41.6827082], [-87.8314066, 41.6827352], [-87.8312072, 41.6827813], [-87.8310493, 41.6828047], [-87.8309175, 41.6828053], [-87.8303685, 41.6827471], [-87.8298471, 41.6826996], [-87.8298002, 41.6826946], [-87.8297355, 41.6826877], [-87.8285739, 41.6825764], [-87.8275639, 41.6824292], [-87.8271809, 41.6823686], [-87.8269091, 41.682326], [-87.8267879, 41.6822754], [-87.8267196, 41.6822179], [-87.8266781, 41.6821543], [-87.8265272, 41.681716], [-87.8264101, 41.6815102], [-87.826337, 41.6814506], [-87.8262249, 41.681406], [-87.8259152, 41.681376], [-87.8245232, 41.6812268], [-87.8241465, 41.681185], [-87.8236327, 41.6810855], [-87.8232598, 41.6809779], [-87.8229031, 41.6808582], [-87.822372, 41.6806268], [-87.8218302, 41.6803213], [-87.821444, 41.6800328], [-87.821193, 41.6798078], [-87.8209612, 41.6796001], [-87.8205938, 41.6791634], [-87.8202799, 41.6786773], [-87.8202443, 41.6786201]], [[-87.8140615, 41.6790461], [-87.8140129, 41.6791015], [-87.813865, 41.67927], [-87.813213, 41.679955], [-87.813087, 41.680061], [-87.812994, 41.680096], [-87.812925, 41.680104], [-87.8128987, 41.6801009], [-87.8123782, 41.680039], [-87.812227, 41.680057], [-87.811914, 41.680119], [-87.811714, 41.680118], [-87.8116007, 41.6800868], [-87.8114871, 41.6800468], [-87.81139, 41.680008], [-87.811163, 41.679892], [-87.810993, 41.679832], [-87.810003, 41.679629], [-87.809858, 41.679588], [-87.8096887, 41.6795176], [-87.8095672, 41.6794369], [-87.809521, 41.679377], [-87.80951, 41.679284], [-87.809571, 41.679179], [-87.809806, 41.678946], [-87.809837, 41.678872], [-87.809834, 41.678802], [-87.809783, 41.678723], [-87.809719, 41.67867], [-87.809521, 41.6785529], [-87.808943, 41.678466], [-87.808788, 41.678419], [-87.80848, 41.67828], [-87.808362, 41.678219], [-87.8083061, 41.6781775], [-87.8082502, 41.678136], [-87.8082096, 41.6780763]], [[-87.7798935, 41.6738073], [-87.7797088, 41.6737743], [-87.779269, 41.6736632], [-87.77899, 41.6736061], [-87.778707, 41.6734988], [-87.7779707, 41.6734939], [-87.7778228, 41.6734588], [-87.7777614, 41.6734195], [-87.7777017, 41.6733813], [-87.7773861, 41.673283], [-87.7756438, 41.6729067], [-87.7749092, 41.6727314], [-87.7741032, 41.672536], [-87.7730895, 41.6722538], [-87.772002, 41.6719455], [-87.7710881, 41.6716516], [-87.7698766, 41.6712315], [-87.7691001, 41.6709007], [-87.7675424, 41.6702682], [-87.7673186, 41.6701596], [-87.7662197, 41.6696438], [-87.7659199, 41.6695228], [-87.7655619, 41.6693508], [-87.7649269, 41.6690459], [-87.7644053, 41.6687749], [-87.7640652, 41.6685231], [-87.7638694, 41.6684107], [-87.7635636, 41.6682438], [-87.7630852, 41.6680713], [-87.7625866, 41.6678722], [-87.7620689, 41.667679], [-87.7613045, 41.6673093], [-87.7599463, 41.6665455], [-87.75874, 41.6657214], [-87.7583155, 41.6654314], [-87.7576181, 41.6651268], [-87.7567491, 41.6645979], [-87.7551046, 41.6636762], [-87.753538, 41.6627617], [-87.7533051, 41.662546], [-87.7532193, 41.6623296], [-87.7531871, 41.6620015], [-87.7532332, 41.6618837], [-87.7532161, 41.6618389], [-87.7530994, 41.6617543], [-87.7530155, 41.6616827], [-87.752935, 41.6616282]], [[-87.7511104, 41.6614336], [-87.7488878, 41.6614744]], [[-87.7488878, 41.6614744], [-87.7487132, 41.6614639], [-87.7482411, 41.6614238], [-87.7480185, 41.6613517], [-87.7478898, 41.6612646], [-87.7478301, 41.6611804], [-87.747777, 41.6610595], [-87.7474365, 41.6607265], [-87.7469427, 41.6604173], [-87.7458138, 41.659767], [-87.7454133, 41.6595428], [-87.7432737, 41.6583058], [-87.7429641, 41.6581036], [-87.7415034, 41.6573599], [-87.7408501, 41.6570244], [-87.7401565, 41.6567217], [-87.7390311, 41.656177], [-87.7389363, 41.6561291], [-87.7386443, 41.6558886], [-87.7385322, 41.6558191], [-87.7381988, 41.6556962], [-87.7375373, 41.6555023], [-87.7372208, 41.6553901]], [[-87.9388462, 41.7004459], [-87.9387675, 41.700336], [-87.9383241, 41.6997564]], [[-87.9377378, 41.6989564], [-87.9382166, 41.6995983], [-87.9383241, 41.6997564]], [[-87.8012159, 41.6767427], [-87.8011616, 41.676676], [-87.8010093, 41.6766732], [-87.7997149, 41.6766835], [-87.7997292, 41.6768647]], [[-87.8081284, 41.677718], [-87.8080754, 41.6776455], [-87.8080358, 41.6776004], [-87.8079718, 41.6775384], [-87.8079104, 41.6774897], [-87.8078803, 41.6774658]], [[-87.8081284, 41.677718], [-87.8081874, 41.6777821], [-87.808233, 41.6779203], [-87.8082096, 41.6780763]], [[-87.9329994, 41.6934252], [-87.9330131, 41.6939145], [-87.933061, 41.6949596]], [[-87.7375373, 41.6555023], [-87.7376675, 41.655635], [-87.7378935, 41.6557408], [-87.7379349, 41.6558], [-87.7379397, 41.655851], [-87.7378759, 41.6559108]], [[-87.931402, 41.688118], [-87.9313732, 41.6882069], [-87.9313869, 41.6882821], [-87.9314206, 41.6883874], [-87.9314675, 41.6885012], [-87.9316182, 41.6887335], [-87.9317662, 41.6889521], [-87.9318541, 41.68907], [-87.9319573, 41.689186], [-87.9320542, 41.689273], [-87.9324007, 41.689484], [-87.9326975, 41.6896827], [-87.9327512, 41.6897033]], [[-87.930403, 41.6879704], [-87.930356, 41.6879601], [-87.9303072, 41.687963], [-87.9302381, 41.6879715], [-87.9301443, 41.6880031], [-87.9300611, 41.6880346], [-87.9299941, 41.6880466], [-87.9298754, 41.6880341], [-87.9297774, 41.6879979], [-87.9296406, 41.6879441], [-87.9294904, 41.6878828], [-87.9292941, 41.6878019], [-87.9290968, 41.6877266], [-87.9289764, 41.6876934], [-87.9289369, 41.6876956], [-87.9289009, 41.6877119], [-87.9288861, 41.6877471], [-87.9288542, 41.6878751]], [[-87.9361019, 41.6942423], [-87.9363122, 41.6953525], [-87.9364128, 41.6958713], [-87.9365245, 41.6964511], [-87.9365825, 41.696704], [-87.9366477, 41.6969688]], [[-87.9366477, 41.6969688], [-87.9367628, 41.6973833], [-87.9369613, 41.6978079]], [[-87.7968353, 41.6771362], [-87.7970962, 41.6771318]], [[-87.8768746, 41.6870826], [-87.8764605, 41.686982], [-87.8757605, 41.6868667], [-87.8755881, 41.6868379], [-87.8754143, 41.6867958], [-87.8753196, 41.686737], [-87.8751767, 41.6866097], [-87.8750352, 41.6864806]], [[-87.6412323, 41.6526139], [-87.6412376, 41.6536108], [-87.6413048, 41.6556066], [-87.6413081, 41.6557429]], [[-87.6413121, 41.655859], [-87.6413231, 41.6558985], [-87.6413815, 41.6559822], [-87.6415286, 41.6560537], [-87.6416341, 41.6560745], [-87.6417552, 41.6560772], [-87.6428674, 41.6560467], [-87.6430846, 41.6559979], [-87.6438915, 41.6559804], [-87.6440386, 41.6559595], [-87.6442161, 41.6558985], [-87.6443165, 41.655867], [-87.6445593, 41.6558601], [-87.6460521, 41.6558269], [-87.6465231, 41.6557746], [-87.6469177, 41.6557048], [-87.6470484, 41.6556926], [-87.6479964, 41.6557781], [-87.6487623, 41.6557903], [-87.6489351, 41.6557728], [-87.649311, 41.6556664], [-87.64968, 41.6555234], [-87.6499602, 41.6553663], [-87.650582, 41.655075], [-87.6508459, 41.6548848], [-87.6510304, 41.6548133], [-87.6513012, 41.6547174], [-87.6513549, 41.654679], [-87.6515539, 41.654522], [-87.651631, 41.6544871], [-87.6517431, 41.6544679], [-87.6518855, 41.6544888], [-87.65199, 41.6545364]], [[-87.6529562, 41.6549769], [-87.6530752, 41.6550323], [-87.6538157, 41.6553629], [-87.6540138, 41.65541], [-87.6542169, 41.6554274], [-87.6543944, 41.6554187], [-87.6546583, 41.6553751], [-87.655254, 41.6552617], [-87.6555856, 41.6551727], [-87.6560477, 41.6550802], [-87.6561341, 41.6550506], [-87.6564236, 41.6549197], [-87.6565193, 41.6548901], [-87.6566548, 41.6548883], [-87.6572993, 41.6549337], [-87.6575164, 41.654918], [-87.6579834, 41.6548674], [-87.6589383, 41.6548116], [-87.6590668, 41.6547976], [-87.66048, 41.6546179]], [[-87.65199, 41.6545364], [-87.6529562, 41.6549769]], [[-87.6619418, 41.6544209], [-87.6621793, 41.6543495], [-87.6625612, 41.654193], [-87.6637651, 41.6539511], [-87.6657117, 41.653504], [-87.6671787, 41.6532047], [-87.6685921, 41.6529612], [-87.6693046, 41.6528046], [-87.6694676, 41.6527576], [-87.6695841, 41.6526897], [-87.669775, 41.6524044], [-87.6698548, 41.6523291], [-87.6699776, 41.6522948], [-87.6700314, 41.6522793], [-87.6700826, 41.6522799]], [[-87.66048, 41.6546179], [-87.6607086, 41.6546129]], [[-87.6412323, 41.6526139], [-87.6412128, 41.6519791], [-87.6412495, 41.6519488]], [[-87.7804448, 41.6738814], [-87.7801071, 41.6738455]], [[-87.7801071, 41.6738455], [-87.7798935, 41.6738073]], [[-87.930403, 41.6879704], [-87.9307574, 41.6880362]], [[-87.9307574, 41.6880362], [-87.930795, 41.6880001], [-87.9308284, 41.6879693], [-87.9308492, 41.6879691], [-87.9308766, 41.6879688], [-87.9309506, 41.6879835], [-87.931098, 41.6880115], [-87.9311999, 41.6880291], [-87.9312684, 41.6880541], [-87.9313639, 41.688089], [-87.931402, 41.688118]], [[-87.9371115, 41.6980882], [-87.9373207, 41.6984287], [-87.9377378, 41.6989564]], [[-87.9369613, 41.6978079], [-87.9370306, 41.6979397], [-87.9371115, 41.6980882]], [[-87.6388224, 41.6448469], [-87.6388251, 41.6454255], [-87.6388489, 41.6454252]], [[-87.6388489, 41.6454252], [-87.6389258, 41.6454241], [-87.6389785, 41.6454234]], [[-87.6389785, 41.6454234], [-87.6390312, 41.6454227], [-87.6392429, 41.6454185], [-87.6393273, 41.6453989], [-87.6394116, 41.6453653], [-87.6395165, 41.6453275], [-87.6397151, 41.6452841], [-87.6399343, 41.6452729], [-87.640073, 41.6452813], [-87.6401665, 41.6453124]], [[-87.6401665, 41.6453124], [-87.640303, 41.6454159], [-87.6404833, 41.6455572]], [[-87.6404833, 41.6455572], [-87.6406257, 41.6456832], [-87.6407325, 41.6457868], [-87.6407756, 41.645896], [-87.6407736, 41.6461478], [-87.6407902, 41.6461775]], [[-87.6407902, 41.6461775], [-87.640784, 41.6462396], [-87.6407774, 41.6463062]], [[-87.6407774, 41.6463062], [-87.6407756, 41.6467584]], [[-87.6407756, 41.6467584], [-87.6408586, 41.6467579], [-87.640923, 41.6467574]], [[-87.6408876, 41.6474433], [-87.640979, 41.6468853]], [[-87.6415385, 41.64666], [-87.6415582, 41.6467568]], [[-87.6388214, 41.6446114], [-87.6388205, 41.6445843], [-87.6388189, 41.6445286]], [[-87.6755534, 41.6516209], [-87.6768214, 41.6515953], [-87.677939, 41.6515728], [-87.6780623, 41.6515703], [-87.6781904, 41.6515638], [-87.6782192, 41.6515624], [-87.6787464, 41.6515555], [-87.6791285, 41.6515463], [-87.6793173, 41.6515418]], [[-87.6413081, 41.6557429], [-87.6413095, 41.6557998], [-87.6413121, 41.655859]], [[-87.6754072, 41.6516238], [-87.6754743, 41.6516224]], [[-87.6754743, 41.6516224], [-87.6755064, 41.6516218], [-87.6755534, 41.6516209]], [[-87.6793173, 41.6515418], [-87.6793301, 41.6515415], [-87.6793985, 41.6515399]], [[-87.6388214, 41.6446114], [-87.6388221, 41.644779]], [[-87.6388221, 41.644779], [-87.6388223, 41.6448147], [-87.6388224, 41.6448469]], [[-87.640923, 41.6467574], [-87.6409873, 41.646757], [-87.640979, 41.6468853]], [[-87.6415204, 41.6465349], [-87.6415385, 41.64666]], [[-87.7523068, 41.6613531], [-87.7520732, 41.6613537], [-87.751901, 41.6613493], [-87.7518373, 41.6613596], [-87.751678, 41.6613913], [-87.7515399, 41.661407], [-87.7513055, 41.6614204], [-87.751194, 41.6614286], [-87.7511104, 41.6614336]], [[-87.752935, 41.6616282], [-87.7527704, 41.6615374], [-87.7526048, 41.6614461], [-87.7525165, 41.6613974]], [[-87.8768746, 41.6870826], [-87.8767183, 41.6871525], [-87.876558, 41.6871748], [-87.8757895, 41.6871617], [-87.8756762, 41.6871833], [-87.8753778, 41.6873083], [-87.8751192, 41.6873472], [-87.8747338, 41.6873508], [-87.8746376, 41.6873243], [-87.8744766, 41.6872282], [-87.8742562, 41.6871245], [-87.8741644, 41.6870975], [-87.8719326, 41.6868684], [-87.8712043, 41.6868195], [-87.8692662, 41.6865911], [-87.8688762, 41.6865311], [-87.8669879, 41.6863628], [-87.8664768, 41.6862908], [-87.8659307, 41.6862376], [-87.864767, 41.6861705], [-87.8630219, 41.6859636], [-87.8603808, 41.6856573], [-87.8577296, 41.6853838], [-87.8571232, 41.6852816], [-87.8566642, 41.685255], [-87.8563234, 41.6852491], [-87.856184, 41.6852812], [-87.8558809, 41.6853993], [-87.8555944, 41.6854473], [-87.8551629, 41.685394], [-87.8545677, 41.6851017], [-87.8541095, 41.6847588], [-87.8538343, 41.684552], [-87.8537564, 41.684512], [-87.8536759, 41.6844943], [-87.8535723, 41.6844838], [-87.8534336, 41.6845031], [-87.8533365, 41.6845271], [-87.8532443, 41.6845603], [-87.8525952, 41.6848184], [-87.8523725, 41.6848946], [-87.8522156, 41.6849236], [-87.8520351, 41.6849075], [-87.8512809, 41.6848264], [-87.8512165, 41.6848084], [-87.8511307, 41.6847203], [-87.850959, 41.684552], [-87.850786, 41.684476], [-87.8506568, 41.6844669]], [[-87.8506568, 41.6844669], [-87.8505307, 41.6844559]], [[-87.7524257, 41.6613578], [-87.7523489, 41.6613548], [-87.7523068, 41.6613531]], [[-87.7525165, 41.6613974], [-87.7524257, 41.6613578]], [[-87.6607086, 41.6546129], [-87.6608575, 41.6545813], [-87.6610326, 41.6545342], [-87.6611984, 41.6545272], [-87.6614095, 41.654497]], [[-87.6614095, 41.654497], [-87.6619418, 41.6544209]], [[-87.8505307, 41.6844559], [-87.8504026, 41.6844588], [-87.8503276, 41.6845057], [-87.8501392, 41.6846458], [-87.8500116, 41.6846888], [-87.8498486, 41.6846962], [-87.8495862, 41.684672], [-87.8481937, 41.6844993], [-87.8479473, 41.6844491], [-87.8471595, 41.6843908], [-87.8465224, 41.6843783], [-87.8462169, 41.6843357], [-87.845659, 41.6842876], [-87.8434985, 41.6840831], [-87.8432025, 41.6840571], [-87.8422783, 41.6839481], [-87.8416417, 41.6838885], [-87.8408562, 41.6838467], [-87.8400071, 41.6837978], [-87.8388674, 41.683703], [-87.8379476, 41.6835985], [-87.8363674, 41.6834001], [-87.8331921, 41.6830697], [-87.8324014, 41.6829696], [-87.8323084, 41.6829214], [-87.8322166, 41.6828629], [-87.8320421, 41.6827361], [-87.8319379, 41.6827169], [-87.831788, 41.6827128]], [[-87.831788, 41.6827128], [-87.8315963, 41.6827096]], [[-87.817547, 41.675545], [-87.8174516, 41.6754893], [-87.8170818, 41.6753389], [-87.8168573, 41.6752749], [-87.8165087, 41.6751928], [-87.8163546, 41.6751666], [-87.8162897, 41.6751686], [-87.8161077, 41.6752239], [-87.8159601, 41.675321], [-87.8154895, 41.6758018], [-87.8150616, 41.6762237], [-87.8150312, 41.676255]], [[-87.8177412, 41.6756572], [-87.8176666, 41.6756148], [-87.817547, 41.675545]], [[-87.8201329, 41.6784283], [-87.8201098, 41.6783868], [-87.8195557, 41.6775007], [-87.8190555, 41.6767553], [-87.8188192, 41.6764665], [-87.8187403, 41.6763788], [-87.8183219, 41.6760182], [-87.8179129, 41.6757463], [-87.8177627, 41.6756694], [-87.8177412, 41.6756572]], [[-87.8202443, 41.6786201], [-87.820199, 41.6785472], [-87.8201329, 41.6784283]], [[-87.813614, 41.6777116], [-87.8135914, 41.6777347], [-87.8130348, 41.6783053], [-87.8129264, 41.6784165]], [[-87.814557, 41.6767481], [-87.8145298, 41.6767766], [-87.81449, 41.6768171]], [[-87.8149481, 41.6763391], [-87.8149226, 41.6763648], [-87.8148397, 41.6764517], [-87.8147851, 41.6765308], [-87.8146741, 41.6766253], [-87.8145841, 41.6767197], [-87.814557, 41.6767481]], [[-87.8150312, 41.676255], [-87.8150007, 41.6762862], [-87.8149481, 41.6763391]], [[-87.81449, 41.6768171], [-87.8144676, 41.6768399], [-87.8143006, 41.6770293], [-87.8137507, 41.6775689], [-87.8137286, 41.6775914]], [[-87.8137286, 41.6775914], [-87.8137065, 41.6776139], [-87.8136841, 41.6776395]], [[-87.8136535, 41.6776704], [-87.8136365, 41.6776885], [-87.813614, 41.6777116]], [[-87.8136841, 41.6776395], [-87.8136535, 41.6776704]], [[-87.9330183, 41.6898708], [-87.9330664, 41.6899095], [-87.9331387, 41.6899669], [-87.9331861, 41.6900069], [-87.9332313, 41.6900376], [-87.9332981, 41.6900616], [-87.9334349, 41.6901441], [-87.9337072, 41.6903144], [-87.933854, 41.6904024], [-87.9340115, 41.6904913], [-87.9341276, 41.6905662], [-87.9342597, 41.6906649], [-87.9343804, 41.6907563], [-87.9344642, 41.6907989], [-87.9345773, 41.690898], [-87.9346393, 41.6909418], [-87.9346655, 41.6909655], [-87.9347885, 41.6910765], [-87.9348442, 41.6911447], [-87.934955, 41.6912787], [-87.9351803, 41.6915391], [-87.9353842, 41.6918275], [-87.9355612, 41.6921199], [-87.9356846, 41.6923963], [-87.9357704, 41.6926247], [-87.9358509, 41.692865], [-87.9359045, 41.6931855], [-87.9359635, 41.6934939], [-87.9361019, 41.6942423]], [[-87.9327512, 41.6897033], [-87.9330183, 41.6898708]], [[-87.6702501, 41.6522757], [-87.6703175, 41.6522774], [-87.6707033, 41.6522693], [-87.6710815, 41.6522706], [-87.6713561, 41.6523337], [-87.6715852, 41.6523553], [-87.6718404, 41.6523122], [-87.672355, 41.6522165], [-87.6730814, 41.652084], [-87.6733117, 41.6520136], [-87.6735043, 41.6519464], [-87.6743762, 41.6517711], [-87.6748722, 41.6516945], [-87.6751203, 41.6516765], [-87.6754107, 41.6516771]], [[-87.6700826, 41.6522799], [-87.6701592, 41.6522829], [-87.6702501, 41.6522757]]]}}, {"type": "Feature", "properties": {"name": "Illinois Prairie Path", "length_mi": 15.3, "osm_source": "relation"}, "geometry": {"type": "MultiLineString", "coordinates": [[[-88.1162541, 41.8641551], [-88.1161165, 41.8641552], [-88.1158568, 41.8641555]], [[-88.1158568, 41.8641555], [-88.115814, 41.8641555], [-88.1157475, 41.8641556]], [[-88.1157475, 41.8641556], [-88.11497, 41.8641564], [-88.1149522, 41.8641564]], [[-88.1149522, 41.8641564], [-88.1149256, 41.8641564], [-88.1148878, 41.8641565]], [[-88.1148878, 41.8641565], [-88.1147916, 41.8641566]], [[-88.1147916, 41.8641566], [-88.1147581, 41.8641566], [-88.1147172, 41.8641566]], [[-88.1147172, 41.8641566], [-88.1145716, 41.8641568], [-88.1144728, 41.8641569]], [[-88.1144728, 41.8641569], [-88.1144366, 41.8641569], [-88.1143977, 41.864157]], [[-88.1143977, 41.864157], [-88.1141603, 41.8641576]], [[-88.1141603, 41.8641576], [-88.1141385, 41.8641576], [-88.1140812, 41.8641579]], [[-88.1140812, 41.8641579], [-88.114051, 41.864158], [-88.1138411, 41.8641588], [-88.113701, 41.8641594]], [[-88.113701, 41.8641594], [-88.1136632, 41.8641595], [-88.1136088, 41.8641597]], [[-88.1136088, 41.8641597], [-88.1130965, 41.8641618]], [[-88.1130965, 41.8641618], [-88.1130624, 41.8641619], [-88.1130157, 41.8641606]], [[-88.1130157, 41.8641606], [-88.1128209, 41.8641552], [-88.1127467, 41.8641531], [-88.1123551, 41.8641521], [-88.1119769, 41.8641502], [-88.1119599, 41.8641457], [-88.1118434, 41.8641204], [-88.1116094, 41.8641259], [-88.1115971, 41.864141], [-88.1115835, 41.8641389]], [[-88.1115835, 41.8641389], [-88.111472, 41.8641303], [-88.1114044, 41.8641265]], [[-88.1114044, 41.8641265], [-88.1113707, 41.8641181], [-88.1110834, 41.8641248], [-88.1107619, 41.8641269], [-88.1105693, 41.8641322], [-88.1101455, 41.8641672], [-88.1100167, 41.8641723]], [[-88.1100167, 41.8641723], [-88.1099064, 41.8641777], [-88.1098036, 41.8641826]], [[-88.1098036, 41.8641826], [-88.1089716, 41.8642627], [-88.1085349, 41.8642994], [-88.1083063, 41.8643153]], [[-88.1083063, 41.8643153], [-88.1082557, 41.864323], [-88.1082429, 41.8643249], [-88.1081974, 41.8643317], [-88.108129, 41.864342], [-88.1080987, 41.8643466]], [[-88.1080987, 41.8643466], [-88.1080448, 41.8643489], [-88.107967, 41.8643629], [-88.107787, 41.8643771], [-88.1075337, 41.8644016], [-88.1070357, 41.8644544], [-88.1068986, 41.8644705], [-88.1067323, 41.8644858]], [[-88.1067323, 41.8644858], [-88.1067096, 41.8644874], [-88.1066166, 41.8644942], [-88.1065436, 41.8644995], [-88.1065167, 41.8645014]], [[-88.1065167, 41.8645014], [-88.1064543, 41.8645085], [-88.1061504, 41.8645473], [-88.1059197, 41.8645769], [-88.1055047, 41.8646785], [-88.1052735, 41.8647183]], [[-88.1052735, 41.8647183], [-88.1052416, 41.8647246], [-88.1051668, 41.8647392], [-88.105117, 41.8647489], [-88.1051009, 41.8647521], [-88.1050568, 41.8647607]], [[-88.1050568, 41.8647607], [-88.1044151, 41.8648761]], [[-88.1044151, 41.8648761], [-88.1042616, 41.8648961], [-88.1041207, 41.8648852], [-88.1040496, 41.8648922], [-88.1035628, 41.8649901], [-88.1028447, 41.8651324], [-88.1023987, 41.8652208], [-88.1013038, 41.8654386], [-88.1012707, 41.8654369], [-88.1012562, 41.8654362], [-88.1012467, 41.8654364], [-88.1012373, 41.8654365]], [[-88.1012373, 41.8654365], [-88.1011797, 41.8654165], [-88.1010751, 41.8653796]], [[-88.1010751, 41.8653796], [-88.1010535, 41.8653811], [-88.1010382, 41.8653832], [-88.1008904, 41.8654035], [-88.1003696, 41.8655214], [-88.1000773, 41.8656073], [-88.0987134, 41.8659139], [-88.0976123, 41.8661357], [-88.0973945, 41.8661779], [-88.0965789, 41.8663262], [-88.0964912, 41.8663424], [-88.0964489, 41.8663512], [-88.095197, 41.866613], [-88.0941435, 41.8668103], [-88.0933246, 41.8669887], [-88.092775, 41.8671234], [-88.0921159, 41.8673113]], [[-88.0921159, 41.8673113], [-88.0920016, 41.8673473], [-88.0919044, 41.8673792]], [[-88.0919044, 41.8673792], [-88.091539, 41.867496], [-88.091083, 41.86767], [-88.090634, 41.867856], [-88.0902377, 41.8680311], [-88.0897704, 41.8682436], [-88.0894894, 41.8683713], [-88.0893666, 41.8685439], [-88.0893065, 41.8685758], [-88.088967, 41.8687606], [-88.0888348, 41.8688356], [-88.0884658, 41.8690706], [-88.0883312, 41.8691956], [-88.0881037, 41.8691974]], [[-88.0881037, 41.8691974], [-88.0879964, 41.8692744], [-88.0878813, 41.8693571]], [[-88.0878813, 41.8693571], [-88.0871295, 41.8699702], [-88.0864733, 41.8705003], [-88.0860264, 41.8708155], [-88.0852134, 41.8714787], [-88.0840171, 41.8724115], [-88.083782, 41.8726066], [-88.0826674, 41.8734985], [-88.082229, 41.873811], [-88.0816883, 41.8742026], [-88.0812581, 41.8744818], [-88.0809158, 41.8746769], [-88.0806616, 41.8748169], [-88.0805138, 41.8748892], [-88.0803955, 41.8749422], [-88.0803097, 41.8749863], [-88.080009, 41.8751215], [-88.0795742, 41.8753045], [-88.0791177, 41.8754788], [-88.0788382, 41.8755679], [-88.0784249, 41.8756961], [-88.0780984, 41.875791], [-88.0775835, 41.8759204], [-88.0773979, 41.8759635], [-88.077256, 41.8759965], [-88.0768172, 41.87608], [-88.0763977, 41.8761399], [-88.0759932, 41.8761878], [-88.0756544, 41.876212], [-88.075287, 41.8762357], [-88.0749713, 41.8762363], [-88.0745292, 41.8762391], [-88.0740277, 41.8762142], [-88.0734918, 41.8761874], [-88.0730926, 41.8761702], [-88.0727295, 41.8761483], [-88.0724315, 41.8761197], [-88.0718145, 41.8760769], [-88.0712458, 41.876025], [-88.0707764, 41.8759671], [-88.0702178, 41.8759061], [-88.0701909, 41.8759032]], [[-88.0701909, 41.8759032], [-88.0701084, 41.8758633], [-88.07003, 41.8758253]], [[-88.07003, 41.8758253], [-88.0699972, 41.875825], [-88.06942, 41.8758196], [-88.0690045, 41.8757987], [-88.0684416, 41.8757941], [-88.0678955, 41.8758056], [-88.0673369, 41.8758007], [-88.0672375, 41.8758068], [-88.0668169, 41.8758542]], [[-88.0668169, 41.8758542], [-88.0667934, 41.8758449], [-88.0667059, 41.8758104], [-88.0666397, 41.8757843]], [[-88.0666397, 41.8757843], [-88.0666007, 41.8757781], [-88.0665535, 41.8757718], [-88.0664795, 41.8757753], [-88.0662344, 41.8758137], [-88.0659785, 41.8758538], [-88.0659565, 41.8758572], [-88.0656937, 41.8759171], [-88.0654818, 41.8759411], [-88.0652967, 41.875975], [-88.0652082, 41.876011], [-88.0649748, 41.8760649], [-88.0648389, 41.8760777], [-88.0647637, 41.8761114], [-88.0646632, 41.8761497], [-88.0646035, 41.876155], [-88.0644035, 41.8761748], [-88.0642034, 41.8762444], [-88.0641489, 41.8762739], [-88.0641108, 41.8762961], [-88.063983, 41.8763248], [-88.0638686, 41.8763314], [-88.0636718, 41.876381], [-88.0634571, 41.8764631], [-88.0633065, 41.8764963], [-88.0631806, 41.8765132], [-88.0629454, 41.8765923], [-88.0628412, 41.8766202], [-88.0627351, 41.8766467], [-88.0602623, 41.8772953], [-88.0601125, 41.8773388], [-88.0600275, 41.8773635], [-88.0596755, 41.8774847], [-88.0585411, 41.8777953], [-88.0573942, 41.8781104], [-88.0566056, 41.8782958]], [[-88.0566056, 41.8782958], [-88.0557882, 41.8785201]], [[-88.0557882, 41.8785201], [-88.0555097, 41.8786023]], [[-88.0555097, 41.8786023], [-88.0551622, 41.8786903], [-88.0548845, 41.8787486], [-88.0543856, 41.8788807], [-88.0539618, 41.8789979], [-88.0535105, 41.8791205], [-88.0531156, 41.8792128], [-88.0517524, 41.8795699], [-88.051374, 41.879648], [-88.050862, 41.879757], [-88.050748, 41.8797805], [-88.050253, 41.879871], [-88.049991, 41.879913], [-88.049639, 41.879969], [-88.04902, 41.880051], [-88.048398, 41.880117], [-88.0471654, 41.8802619], [-88.0463605, 41.8803364], [-88.0452371, 41.8804696], [-88.0436987, 41.8806241], [-88.0427127, 41.8807177], [-88.0412068, 41.8808376], [-88.0410703, 41.8807918], [-88.0410367, 41.8806816], [-88.0409869, 41.8806338]], [[-88.0409869, 41.8806338], [-88.04095, 41.8806072], [-88.040922, 41.8806081], [-88.040875, 41.8806331], [-88.0407708, 41.8807089], [-88.0406421, 41.8807915], [-88.0405222, 41.8808607], [-88.0404629, 41.8808874], [-88.0404203, 41.8809024], [-88.0403397, 41.8809199], [-88.0401572, 41.8809532], [-88.0396421, 41.8810366], [-88.0392938, 41.8810799], [-88.0389154, 41.8811233], [-88.0383935, 41.8811683], [-88.0381214, 41.8811842], [-88.0379915, 41.8811925], [-88.0378583, 41.88121], [-88.0375481, 41.88126], [-88.0374384, 41.8812792], [-88.0372637, 41.8812975], [-88.0370901, 41.8813084], [-88.0369121, 41.8813284], [-88.036631, 41.8813584], [-88.0363757, 41.8813792], [-88.0362447, 41.8813876], [-88.0358212, 41.8814407]], [[-88.0358212, 41.8814407], [-88.0354258, 41.8814915]], [[-88.0354258, 41.8814915], [-88.035087, 41.881534], [-88.0346951, 41.8815641], [-88.0345443, 41.8815718], [-88.0344107, 41.8815653], [-88.0340626, 41.8815385], [-88.0338024, 41.8815345], [-88.033502, 41.8815485]], [[-88.033502, 41.8815485], [-88.032297, 41.8816069]], [[-88.032297, 41.8816069], [-88.0320422, 41.8816265], [-88.0317854, 41.8816524], [-88.031426, 41.881716], [-88.0313449, 41.8817234], [-88.0311519, 41.8817375], [-88.0306891, 41.8817345], [-88.0298685, 41.88174]], [[-88.0298685, 41.88174], [-88.0294867, 41.8817446]], [[-88.0294867, 41.8817446], [-88.0284511, 41.8817473], [-88.0273395, 41.8817746], [-88.0273017, 41.8817756]], [[-88.0273017, 41.8817756], [-88.027244, 41.881777], [-88.0272035, 41.8817776]], [[-88.0272035, 41.8817776], [-88.0271439, 41.8817784], [-88.0258291, 41.8817974], [-88.0257789, 41.8817981]], [[-88.0257789, 41.8817981], [-88.025719, 41.881799], [-88.0256704, 41.8817997]], [[-88.0256704, 41.8817997], [-88.0256217, 41.8818004], [-88.0242763, 41.8818195], [-88.0239244, 41.8818131], [-88.0238415, 41.8818116]], [[-88.0238415, 41.8818116], [-88.0237927, 41.8818107], [-88.023727, 41.8818114]], [[-88.023727, 41.8818114], [-88.0236613, 41.8818121], [-88.0212717, 41.8818378], [-88.0211283, 41.8818394], [-88.0209939, 41.8818416], [-88.0189132, 41.8818764], [-88.0183834, 41.8818746]], [[-88.0183834, 41.8818746], [-88.0183278, 41.8818758], [-88.0182995, 41.8818764]], [[-88.0182995, 41.8818764], [-88.0182566, 41.8818773]], [[-88.0182566, 41.8818773], [-88.0182348, 41.8818778], [-88.0181775, 41.881879]], [[-88.0181775, 41.881879], [-88.017847, 41.881896], [-88.0150917, 41.8819661], [-88.0126463, 41.8820239], [-88.0125951, 41.8820251]], [[-88.0125951, 41.8820251], [-88.0125439, 41.8820254], [-88.0124984, 41.8820256]], [[-88.0124984, 41.8820256], [-88.0124546, 41.8820269], [-88.0113405, 41.8820585], [-88.0112472, 41.8820679], [-88.0112058, 41.8820721]], [[-88.0112058, 41.8820721], [-88.011154, 41.8820773], [-88.0110926, 41.8820814]], [[-88.0110926, 41.8820814], [-88.0110523, 41.8820841], [-88.0109631, 41.8820901], [-88.0098505, 41.8821046], [-88.0098039, 41.8821052]], [[-88.0098039, 41.8821052], [-88.0097556, 41.8821071], [-88.0097106, 41.8821089]], [[-88.0097106, 41.8821089], [-88.0096603, 41.8821108], [-88.0084447, 41.8821571], [-88.008397, 41.8821587]], [[-88.008397, 41.8821587], [-88.0083306, 41.8821609], [-88.0082736, 41.8821618]], [[-88.0082736, 41.8821618], [-88.0082325, 41.8821624], [-88.0069111, 41.8821824], [-88.0059653, 41.8822167], [-88.0015921, 41.8823141], [-88.0011379, 41.8823396], [-88.0009878, 41.8823423], [-88.0009284, 41.8823434]], [[-88.0009284, 41.8823434], [-88.0008706, 41.8823444], [-88.000826, 41.8823444]], [[-88.000826, 41.8823444], [-88.0007632, 41.8823445], [-87.999252, 41.8823459], [-87.9986742, 41.8823531], [-87.9982561, 41.8823586], [-87.9974582, 41.8823372], [-87.9974426, 41.8823368]], [[-87.9974426, 41.8823368], [-87.9973785, 41.8823362], [-87.9973152, 41.8823357]], [[-87.9973152, 41.8823357], [-87.997284, 41.8823359], [-87.9957268, 41.8823453], [-87.9946042, 41.882308], [-87.9943179, 41.8822852], [-87.9937488, 41.8822886], [-87.9937269, 41.8822887]], [[-87.9937269, 41.8822887], [-87.9936301, 41.8822893], [-87.9935377, 41.8822899]], [[-87.9935377, 41.8822899], [-87.9930488, 41.8822932], [-87.9927414, 41.8823061], [-87.99183, 41.882289], [-87.989521, 41.882293], [-87.988798, 41.882295], [-87.9886939, 41.8822871], [-87.988066, 41.882269], [-87.9877715, 41.8822646], [-87.9867209, 41.8822893], [-87.9861567, 41.8822812], [-87.9859386, 41.882291], [-87.985798, 41.8823008], [-87.985639, 41.882326], [-87.9844811, 41.8825213], [-87.9842447, 41.8825599], [-87.9839441, 41.8826019], [-87.9838905, 41.8826061]], [[-87.9838905, 41.8826061], [-87.9838369, 41.8826103], [-87.9837962, 41.8826124]], [[-87.9837962, 41.8826124], [-87.9837431, 41.8826151], [-87.9836816, 41.8826212], [-87.982661, 41.8827993], [-87.9824532, 41.8828356], [-87.9821245, 41.8828909], [-87.9819295, 41.8829179], [-87.9817046, 41.8829495], [-87.9815662, 41.8829767], [-87.9814049, 41.8830143], [-87.9812214, 41.8830643], [-87.9810183, 41.8831379], [-87.9807947, 41.883225], [-87.9806852, 41.8832593], [-87.980461, 41.8833139], [-87.9798347, 41.8834434], [-87.9792233, 41.8835599], [-87.9790905, 41.8835868], [-87.979071, 41.883589], [-87.9790299, 41.8835936]], [[-87.9790299, 41.8835936], [-87.9789693, 41.8836004], [-87.9789174, 41.8836063]], [[-87.9789174, 41.8836063], [-87.9788729, 41.8836113], [-87.9788348, 41.8836156], [-87.9775818, 41.8839303], [-87.9774107, 41.8839844], [-87.9771772, 41.8840982], [-87.9770173, 41.884166], [-87.9768434, 41.8842152], [-87.9761153, 41.8843816], [-87.9759441, 41.8844129], [-87.9757976, 41.8844371], [-87.9757398, 41.8844461], [-87.9756564, 41.8844685], [-87.9755141, 41.8845243], [-87.9754301, 41.8845525], [-87.9753635, 41.8845659], [-87.9753018, 41.8845748], [-87.9752083, 41.8845967], [-87.9750798, 41.8846344], [-87.9749999, 41.884654], [-87.9749182, 41.8846634], [-87.9746833, 41.8846523], [-87.974589, 41.8846519], [-87.9744784, 41.8846679], [-87.974189, 41.8847286], [-87.9741496, 41.8847368]], [[-87.9741496, 41.8847368], [-87.9740825, 41.8847509], [-87.9740384, 41.8847615]], [[-87.9740384, 41.8847615], [-87.9739881, 41.8847736], [-87.9724279, 41.8851483], [-87.9706046, 41.8855892]], [[-87.9706046, 41.8855892], [-87.9700915, 41.8857058], [-87.9694859, 41.8858483], [-87.9693754, 41.885897], [-87.9692777, 41.88591], [-87.969254, 41.885909], [-87.9691985, 41.8859065]], [[-87.9691985, 41.8859065], [-87.9691411, 41.8859062], [-87.9690992, 41.885906]], [[-87.9690992, 41.885906], [-87.9690572, 41.885908], [-87.9690422, 41.8859105], [-87.9685566, 41.8859923], [-87.9684078, 41.8860346], [-87.9683957, 41.886038], [-87.9681933, 41.8860777], [-87.9677269, 41.8861512], [-87.967433, 41.8861939], [-87.9670727, 41.8862399], [-87.9667998, 41.8862677], [-87.9665052, 41.8862809], [-87.9655701, 41.8863477], [-87.9646816, 41.8863841]], [[-87.9646816, 41.8863841], [-87.9646112, 41.8863887]], [[-87.9646112, 41.8863887], [-87.9645408, 41.8863914]], [[-87.9645408, 41.8863914], [-87.9642002, 41.8864044], [-87.963507, 41.8864366], [-87.9631626, 41.8864494], [-87.9628483, 41.8864659], [-87.962589, 41.8864734], [-87.9624174, 41.8864767], [-87.9622353, 41.8864742], [-87.9619899, 41.8864659]], [[-87.9619899, 41.8864659], [-87.9611391, 41.8864044]], [[-87.9611391, 41.8864044], [-87.9609402, 41.8863863], [-87.9607409, 41.8863536], [-87.9605846, 41.8863208], [-87.9603374, 41.886256], [-87.9601617, 41.8862244], [-87.9598399, 41.8861811]], [[-87.9598399, 41.8861811], [-87.9591988, 41.8861243]], [[-87.9591988, 41.8861243], [-87.9589841, 41.8861121], [-87.95857, 41.8860684]], [[-87.9545622, 41.8856557], [-87.9545915, 41.8856588], [-87.9547613, 41.885677], [-87.9548225, 41.8857001], [-87.9548998, 41.8857268], [-87.9551506, 41.8857963], [-87.9553709, 41.885831], [-87.9556626, 41.8858591], [-87.9559485, 41.8858725], [-87.9561043, 41.8858643], [-87.956263, 41.8858675], [-87.9578583, 41.88599], [-87.9583375, 41.8860625], [-87.95857, 41.8860684]], [[-87.9544563, 41.885646], [-87.9545253, 41.8856517], [-87.9545622, 41.8856557]], [[-87.9496989, 41.8852449], [-87.9498242, 41.8852665], [-87.9499818, 41.8853262], [-87.9500061, 41.8853307], [-87.9501732, 41.8853614], [-87.9509786, 41.8854288], [-87.9512036, 41.8854693], [-87.9514033, 41.8855171], [-87.951728, 41.8855346], [-87.9520526, 41.8855283], [-87.9522893, 41.8855321], [-87.9526816, 41.8855698], [-87.9532821, 41.8856441], [-87.9534665, 41.8856632], [-87.9536342, 41.8856551], [-87.9539773, 41.8856254], [-87.9541722, 41.8856226], [-87.9544323, 41.885644], [-87.9544563, 41.885646]], [[-87.9495922, 41.8852453], [-87.9496523, 41.8852451], [-87.9496989, 41.8852449]], [[-87.9457799, 41.884999], [-87.9462953, 41.8850446], [-87.9469012, 41.8850927], [-87.9473875, 41.8851452], [-87.9481852, 41.8852183], [-87.9488708, 41.8852587], [-87.9491369, 41.8852627], [-87.9493586, 41.8852447], [-87.9495496, 41.8852513], [-87.9495922, 41.8852453]], [[-87.9457799, 41.884999], [-87.9456193, 41.8849848], [-87.9453669, 41.8849624], [-87.945287, 41.8849409], [-87.9452451, 41.8849119], [-87.9451955, 41.8848841], [-87.9451072, 41.8848718], [-87.9450335, 41.8848864], [-87.9449513, 41.8849222], [-87.9449064, 41.8849514], [-87.9448514, 41.884967], [-87.9447692, 41.8849831]], [[-87.9447692, 41.8849831], [-87.9447127, 41.8849632], [-87.9446835, 41.884937], [-87.9446701, 41.884925], [-87.9446003, 41.884885], [-87.9445231, 41.8848663], [-87.943532, 41.884805], [-87.94323, 41.884745], [-87.942639, 41.884694], [-87.9421859, 41.8847185], [-87.9419495, 41.8846968], [-87.941327, 41.88465], [-87.9409759, 41.88459], [-87.9400957, 41.8845172]], [[-87.9400957, 41.8845172], [-87.9399983, 41.8845093], [-87.939901, 41.8845014]], [[-87.939901, 41.8845014], [-87.9386962, 41.8843823], [-87.937293, 41.884246], [-87.935183, 41.884056], [-87.934438, 41.883957], [-87.933537, 41.883914], [-87.933003, 41.883889], [-87.930319, 41.8836888]], [[-87.930319, 41.8836888], [-87.9302531, 41.8836882], [-87.9301358, 41.8836871]], [[-87.9301358, 41.8836871], [-87.9300429, 41.8836655], [-87.929985, 41.883652], [-87.9297964, 41.8836298], [-87.9293981, 41.8836278], [-87.9278291, 41.8835355], [-87.927135, 41.883449], [-87.926847, 41.883459], [-87.9265658, 41.8834572], [-87.9260208, 41.8834188], [-87.9257471, 41.8834043], [-87.9246366, 41.8833027], [-87.9210979, 41.8829958], [-87.9208115, 41.8829369], [-87.918896, 41.8827552]], [[-87.918896, 41.8827552], [-87.9182557, 41.8827264], [-87.9178709, 41.8826607], [-87.9176584, 41.8826444], [-87.914918, 41.8824339], [-87.9147907, 41.8824486], [-87.914585, 41.8825669], [-87.914445, 41.8826403], [-87.9143582, 41.8826671], [-87.9142509, 41.8826727], [-87.9139059, 41.8826286], [-87.9137765, 41.8825956], [-87.9136918, 41.8825656], [-87.913634, 41.8825089], [-87.9135905, 41.8824331], [-87.9135247, 41.882324], [-87.9134628, 41.882261], [-87.9133979, 41.8822174], [-87.9132621, 41.8822035], [-87.9131275, 41.8822039], [-87.9131224, 41.882167]], [[-87.9131224, 41.882167], [-87.913104, 41.8821648], [-87.9130119, 41.8821535], [-87.9129324, 41.882143], [-87.9129062, 41.8821395]], [[-87.9129062, 41.8821395], [-87.9128778, 41.8821696], [-87.9128182, 41.8822065]], [[-87.9128182, 41.8822065], [-87.9127261, 41.8822289], [-87.9114618, 41.8821361], [-87.910734, 41.8820846], [-87.9101603, 41.8820553], [-87.9097115, 41.8820187], [-87.9094142, 41.8819908], [-87.9081004, 41.8818721], [-87.9067793, 41.8817374], [-87.9064322, 41.8816971], [-87.905856, 41.8816203], [-87.9056237, 41.8816088], [-87.9052148, 41.8816064], [-87.904792, 41.8815688], [-87.9035166, 41.8814653]], [[-87.9035166, 41.8814653], [-87.9030638, 41.881421]], [[-87.9030638, 41.881421], [-87.9027878, 41.8813915], [-87.902306, 41.8813385], [-87.9017248, 41.8812913], [-87.9014721, 41.8812395], [-87.9009168, 41.8811834], [-87.9002677, 41.8811352], [-87.9000271, 41.8811286], [-87.8995815, 41.8811326], [-87.8993458, 41.8811137], [-87.8991006, 41.8810735], [-87.8986192, 41.8810441], [-87.8983079, 41.8810375], [-87.8966872, 41.8809261], [-87.8964455, 41.8808964], [-87.896133, 41.8808401], [-87.8957935, 41.8808029], [-87.8955698, 41.8807881], [-87.8953423, 41.8807887], [-87.8951189, 41.8807971], [-87.8949518, 41.8807889], [-87.8940631, 41.8806693], [-87.8935557, 41.8806091], [-87.8930483, 41.8805488], [-87.8930171, 41.880531], [-87.8929962, 41.8804963], [-87.8929861, 41.880172]], [[-87.8929861, 41.880172], [-87.8929756, 41.8801222]], [[-87.8929756, 41.8801222], [-87.8929729, 41.8800678]], [[-87.892948, 41.8793924], [-87.8929559, 41.8796318], [-87.8929573, 41.8796746], [-87.8929703, 41.8800047], [-87.8929729, 41.8800678]], [[-87.8833297, 41.8796822], [-87.884404, 41.8796447], [-87.885633, 41.879611], [-87.8868398, 41.8795682], [-87.8880666, 41.8795315], [-87.888616, 41.8795152], [-87.8888786, 41.8795071], [-87.8892904, 41.8794934], [-87.8905122, 41.8794646], [-87.8917207, 41.8794319], [-87.8928594, 41.8793942], [-87.892948, 41.8793924]], [[-87.8833276, 41.879631], [-87.8833297, 41.8796822]], [[-87.8833276, 41.879631], [-87.8833265, 41.8795836], [-87.8833015, 41.8795756]], [[-87.8833015, 41.8795756], [-87.8832891, 41.8792886], [-87.883258, 41.8784145], [-87.8832707, 41.878389], [-87.8832697, 41.878348], [-87.8832676, 41.8782577], [-87.8832665, 41.8782264], [-87.8832484, 41.8781891], [-87.8832482, 41.8780594], [-87.8832579, 41.8780276], [-87.8832765, 41.8779893]], [[-87.8832765, 41.8779893], [-87.8831361, 41.8779902], [-87.8829693, 41.8779949]], [[-87.8829693, 41.8779949], [-87.8829755, 41.8783259], [-87.8830063, 41.8787395]], [[-87.8830063, 41.8787395], [-87.8829994, 41.8787778], [-87.8829919, 41.8788194]], [[-87.8829919, 41.8788194], [-87.8829918, 41.8788273], [-87.883007, 41.8788277], [-87.8830213, 41.8788297], [-87.8830389, 41.8788374], [-87.8830532, 41.8788502], [-87.8830564, 41.8788599]], [[-87.8830564, 41.8788599], [-87.8830773, 41.8797565]], [[-87.8830773, 41.8797565], [-87.8829087, 41.8797382], [-87.8819278, 41.8796403], [-87.8816432, 41.8796433], [-87.8813927, 41.8796463], [-87.8783716, 41.8793883]], [[-87.8783716, 41.8793883], [-87.8782491, 41.8793658], [-87.8781523, 41.8793528]], [[-87.8781523, 41.8793528], [-87.8780081, 41.8793361], [-87.8738222, 41.878932], [-87.8734123, 41.8789053], [-87.8733801, 41.8789022]], [[-87.8733801, 41.8789022], [-87.8733098, 41.8789019], [-87.8732587, 41.8789016]], [[-87.8732587, 41.8789016], [-87.8731914, 41.878906], [-87.8730699, 41.8789148], [-87.872873, 41.8789322], [-87.8727035, 41.8789366], [-87.8713265, 41.8788377], [-87.8700129, 41.8787314], [-87.8696007, 41.8786652], [-87.8692286, 41.878589]], [[-87.8692286, 41.878589], [-87.8689352, 41.8785692]], [[-87.8689352, 41.8785692], [-87.868159, 41.8785037]], [[-87.868159, 41.8785037], [-87.8678931, 41.8784831]], [[-87.8678931, 41.8784831], [-87.8655672, 41.8782857], [-87.8654557, 41.8783027], [-87.8652391, 41.8783598], [-87.8650977, 41.878361], [-87.8635542, 41.8782308]], [[-87.8635542, 41.8782308], [-87.8635516, 41.8780514]], [[-87.8635297, 41.8780483], [-87.8635516, 41.8780514]], [[-87.8633284, 41.8779977], [-87.8633411, 41.8780009], [-87.8633764, 41.8780098], [-87.8634863, 41.8780374], [-87.8635297, 41.8780483]], [[-87.8633284, 41.8779977], [-87.8633363, 41.8781978]], [[-87.8633363, 41.8781978], [-87.8623634, 41.8781286], [-87.8617122, 41.8780756], [-87.8613724, 41.8780244], [-87.8611038, 41.878015], [-87.8592896, 41.8778659], [-87.8590383, 41.8778321], [-87.8561574, 41.8776001]], [[-87.8561574, 41.8776001], [-87.8561429, 41.8775981]], [[-87.8561429, 41.8775981], [-87.8560399, 41.8775837], [-87.8560153, 41.87758], [-87.8559641, 41.8775726]], [[-87.8559641, 41.8775726], [-87.8559504, 41.87757]], [[-87.8559504, 41.87757], [-87.8559362, 41.8775684], [-87.8541956, 41.8773676], [-87.8536894, 41.8773176]], [[-87.8536894, 41.8773176], [-87.8536753, 41.877316]], [[-87.8536753, 41.877316], [-87.8536614, 41.8773144], [-87.8535936, 41.8773075], [-87.8535066, 41.8773048]], [[-87.8535066, 41.8773048], [-87.8534939, 41.8773043]], [[-87.8534939, 41.8773043], [-87.8534627, 41.8773091], [-87.8524972, 41.8772645], [-87.8507058, 41.8771158], [-87.8487285, 41.8769338], [-87.8476063, 41.8768142], [-87.8472233, 41.8767208], [-87.8468778, 41.876605], [-87.8462877, 41.8764146], [-87.8462256, 41.8763946]], [[-87.8462256, 41.8763946], [-87.8462086, 41.8763891], [-87.8461486, 41.8763698], [-87.8460876, 41.8763481]], [[-87.8460876, 41.8763481], [-87.8460563, 41.876337], [-87.8437927, 41.8755314], [-87.8437581, 41.8755208]], [[-87.8437581, 41.8755208], [-87.8436693, 41.8754917], [-87.8436144, 41.8754742], [-87.8435902, 41.8754661]], [[-87.8435902, 41.8754661], [-87.8435689, 41.87546], [-87.8431345, 41.8753369], [-87.8429318, 41.8752892], [-87.84275, 41.8752733], [-87.842471, 41.8752733], [-87.8424339, 41.8752733]], [[-87.8424339, 41.8752733], [-87.8423579, 41.8752738], [-87.8422863, 41.8752744]], [[-87.8422863, 41.8752744], [-87.8422551, 41.8752749], [-87.8412563, 41.8752914], [-87.8412145, 41.8752921]], [[-87.8412145, 41.8752921], [-87.8411454, 41.8752956], [-87.8410813, 41.8752989]], [[-87.8410813, 41.8752989], [-87.8400404, 41.8753175], [-87.8400001, 41.8753182]], [[-87.8400001, 41.8753182], [-87.8399319, 41.8753207], [-87.8398643, 41.8753232]], [[-87.8398643, 41.8753232], [-87.8398247, 41.8753224], [-87.8393229, 41.8753128], [-87.8389261, 41.8753146], [-87.8388224, 41.8753325]], [[-87.8388224, 41.8753325], [-87.8387145, 41.8753383], [-87.8386154, 41.8753441]], [[-87.8386154, 41.8753441], [-87.8376164, 41.8753669], [-87.8375913, 41.8753675]], [[-87.8375913, 41.8753675], [-87.837501, 41.8753715], [-87.8374424, 41.8753741]], [[-87.8374424, 41.8753741], [-87.8373992, 41.8753748], [-87.8363947, 41.8753909], [-87.836372, 41.8753913]], [[-87.836372, 41.8753913], [-87.8362875, 41.875395], [-87.8362122, 41.8753983]], [[-87.8362122, 41.8753983], [-87.8361841, 41.8753985], [-87.836144, 41.8753987], [-87.8351847, 41.8754045], [-87.8351607, 41.8754046]], [[-87.8351607, 41.8754046], [-87.8350748, 41.8754072], [-87.834996, 41.8754095]], [[-87.834996, 41.8754095], [-87.8349683, 41.8754098], [-87.8340854, 41.8754187]], [[-87.8340854, 41.8754187], [-87.8339959, 41.8754168], [-87.8339658, 41.8754162]]]}}, {"type": "Feature", "properties": {"name": "Centennial Trail", "length_mi": 13.1, "osm_source": "relation"}, "geometry": {"type": "MultiLineString", "coordinates": [[[-87.9827567, 41.6873524], [-87.9823652, 41.6874778], [-87.9823026, 41.6875163]], [[-87.9992037, 41.6808694], [-87.9991589, 41.6811695], [-87.9991196, 41.6813148], [-87.9990837, 41.68143], [-87.9987959, 41.6819407], [-87.9987374, 41.6820446], [-87.9986657, 41.6821306], [-87.998615, 41.6821723], [-87.9985803, 41.6822008], [-87.9984777, 41.6822521], [-87.9983572, 41.6822936], [-87.994775, 41.683522], [-87.9929136, 41.6841339], [-87.9921845, 41.6843554], [-87.9918956, 41.6844432], [-87.9911268, 41.6846768], [-87.9906863, 41.6848219], [-87.9898409, 41.6851003], [-87.9897449, 41.6851319], [-87.9884918, 41.6855485], [-87.9883132, 41.6856199], [-87.9882541, 41.6856435], [-87.9854096, 41.6865357], [-87.9848418, 41.6867017], [-87.9842243, 41.6868823], [-87.9827567, 41.6873524]], [[-87.9997771, 41.679877], [-87.9997097, 41.6798861], [-87.9996438, 41.6799006], [-87.9995681, 41.6799448], [-87.9995088, 41.6800057], [-87.9994614, 41.6800899], [-87.9993713, 41.6804497], [-87.9992841, 41.6808489], [-87.9992037, 41.6808694]], [[-87.999916, 41.6798921], [-87.9997771, 41.679877]], [[-88.0286679, 41.6725688], [-88.0284314, 41.6726619], [-88.0270577, 41.6731159], [-88.0253444, 41.6736628], [-88.0115932, 41.6781229], [-88.011139, 41.6782872], [-88.0107053, 41.6784283], [-88.0103551, 41.6785293], [-88.0099611, 41.6786596], [-88.0094566, 41.6788496], [-88.0087912, 41.6790668], [-88.0084921, 41.6791758], [-88.0081697, 41.6792664], [-88.0078916, 41.679351], [-88.0073947, 41.679532], [-88.0071651, 41.6796003], [-88.006573, 41.6797897], [-88.0056505, 41.6800934], [-88.0053253, 41.6801799], [-88.0039675, 41.6806192], [-88.0026737, 41.6809822], [-88.0022969, 41.6810313], [-88.0022405, 41.6810395], [-88.0021525, 41.6810518], [-88.0020665, 41.6810845], [-88.0020107, 41.681105], [-88.0019261, 41.6811113], [-88.0018549, 41.6811073], [-88.0017954, 41.6810869], [-88.0017389, 41.6810446], [-88.0016759, 41.6809616], [-88.0016044, 41.6808685], [-88.0015407, 41.6807915], [-88.0014886, 41.6807481], [-88.001425, 41.6806909], [-88.0013186, 41.6806313], [-88.0011447, 41.6805308], [-88.0009953, 41.6804432], [-88.0009054, 41.6803758], [-88.0008445, 41.6803243], [-88.0007907, 41.6802681], [-88.0006485, 41.6801742], [-88.0005901, 41.6801379], [-88.0004978, 41.6800899], [-88.0003882, 41.6800453], [-88.0002316, 41.6799849], [-88.0000341, 41.6799253], [-87.999916, 41.6798921]], [[-88.0632172, 41.6428231], [-88.063105, 41.6438039], [-88.0630232, 41.6444208], [-88.0629127, 41.645056], [-88.0627662, 41.6457499], [-88.0626339, 41.6464021], [-88.0624402, 41.6471683], [-88.0622289, 41.6478408], [-88.0619394, 41.6486566], [-88.0615027, 41.6497911], [-88.0612637, 41.6503664], [-88.0610344, 41.6508618], [-88.0607964, 41.6513336], [-88.0604596, 41.652025], [-88.0603406, 41.6522726], [-88.0600542, 41.6527936], [-88.0589416, 41.6546326], [-88.0577228, 41.6561974], [-88.0566242, 41.657512], [-88.0555599, 41.6586855], [-88.0537317, 41.6603848], [-88.0521009, 41.6617827], [-88.0515223, 41.6622686], [-88.0508756, 41.6626881], [-88.0489406, 41.6640372], [-88.0465648, 41.6655017], [-88.0446594, 41.6665532], [-88.042584, 41.6675978], [-88.0419543, 41.6678843], [-88.0405122, 41.6685445], [-88.0398076, 41.6688178], [-88.0391795, 41.6690505], [-88.0386421, 41.6692427], [-88.0375526, 41.6695859], [-88.0304607, 41.6719218], [-88.0301624, 41.6720239], [-88.0296045, 41.6721984], [-88.0294495, 41.6722385], [-88.029396, 41.6722493], [-88.0292893, 41.6722499], [-88.0291529, 41.6722784], [-88.0289511, 41.6723919], [-88.0288458, 41.6724772], [-88.0286679, 41.6725688]], [[-88.0633233, 41.641971], [-88.0632172, 41.6428231]], [[-88.0633916, 41.6413159], [-88.0633233, 41.641971]], [[-88.063334, 41.6411244], [-88.0633639, 41.6412096], [-88.0633916, 41.6413159]], [[-88.063074, 41.6408662], [-88.0631598, 41.6409377], [-88.0632455, 41.641022], [-88.063334, 41.6411244]], [[-88.063074, 41.6408662], [-88.0631386, 41.6407962], [-88.0631709, 41.6407343], [-88.0631743, 41.6406758]], [[-88.0631743, 41.6406758], [-88.0631685, 41.6405896]], [[-88.0655266, 41.6403791], [-88.0653816, 41.6403831], [-88.0652761, 41.6403865], [-88.0651126, 41.6403929], [-88.0647571, 41.640416], [-88.0641949, 41.6404538], [-88.0637975, 41.6404757], [-88.0634845, 41.6404867], [-88.0632622, 41.6404912], [-88.0631987, 41.6404923], [-88.0631775, 41.6404972], [-88.0631629, 41.6405059]], [[-88.0660557, 41.6403721], [-88.0655266, 41.6403791]], [[-88.0666287, 41.6403601], [-88.0660557, 41.6403721]], [[-88.0670985, 41.6403475], [-88.0666287, 41.6403601]], [[-88.0691592, 41.6402912], [-88.0691035, 41.6402987], [-88.0685216, 41.6403104], [-88.0683185, 41.6403145], [-88.0677075, 41.6403298], [-88.067393, 41.6403388], [-88.0670985, 41.6403475]], [[-88.0623678, 41.640689], [-88.0625557, 41.640688], [-88.0626984, 41.6407107], [-88.0628331, 41.6407492], [-88.0629487, 41.6407954], [-88.063074, 41.6408662]], [[-88.0573206, 41.6407987], [-88.0577746, 41.64079], [-88.059132, 41.6407552], [-88.0598394, 41.6407393], [-88.060506, 41.6407243], [-88.0623678, 41.640689]], [[-88.0567326, 41.6411445], [-88.0566063, 41.6410601], [-88.0566045, 41.6410055], [-88.056606, 41.6409281], [-88.0566153, 41.640885], [-88.0566403, 41.6408552], [-88.0566833, 41.6408327], [-88.056761, 41.6408237], [-88.0573206, 41.6407987]], [[-88.0578062, 41.6406862], [-88.0576989, 41.6407063], [-88.0575514, 41.6407564], [-88.0570542, 41.641046], [-88.0569305, 41.6411107], [-88.0568263, 41.6411381], [-88.0567326, 41.6411445]], [[-88.0581715, 41.6406786], [-88.0578062, 41.6406862]], [[-88.0583771, 41.6406744], [-88.0581715, 41.6406786]], [[-87.88242, 41.7359495], [-87.8823162, 41.7359278], [-87.8823111, 41.735926], [-87.8822641, 41.7359094], [-87.8822266, 41.7358807], [-87.8821642, 41.7358301]], [[-87.8821642, 41.7358301], [-87.8813687, 41.7352005]], [[-87.9412228, 41.7023464], [-87.941156, 41.702417], [-87.9410815, 41.7024562], [-87.9410272, 41.7024709], [-87.9409252, 41.7025013], [-87.9407773, 41.7025547], [-87.9405901, 41.702626], [-87.9404608, 41.7026898], [-87.9403419, 41.7027601], [-87.9403193, 41.7027952], [-87.9403076, 41.7028389], [-87.9403096, 41.7028887], [-87.9403267, 41.7029416], [-87.9403627, 41.7030355], [-87.9403918, 41.7031152], [-87.9404001, 41.7031598], [-87.9403934, 41.7031951], [-87.9403775, 41.7032261], [-87.9403711, 41.7032386], [-87.9403305, 41.7032834], [-87.9402621, 41.7033456], [-87.9401414, 41.7034395], [-87.9399248, 41.7035961], [-87.9397855, 41.7036859], [-87.9396411, 41.7037606], [-87.9394461, 41.703848], [-87.9391163, 41.7039891], [-87.9388864, 41.704088], [-87.9386329, 41.7042022], [-87.9382583, 41.7043739], [-87.9379352, 41.7045235], [-87.9376607, 41.7046584], [-87.9374475, 41.7047631], [-87.9371787, 41.7048798], [-87.9368571, 41.7050151], [-87.9365633, 41.7051508], [-87.9363222, 41.7052733], [-87.9360208, 41.7054297], [-87.9357533, 41.705567], [-87.9356866, 41.7056012], [-87.9354098, 41.7057427], [-87.9352941, 41.7058127], [-87.9352053, 41.7058898], [-87.9351314, 41.7059642], [-87.9350662, 41.7060562], [-87.9350108, 41.706171], [-87.9349091, 41.7063836], [-87.934811, 41.7065592], [-87.9347021, 41.7067704], [-87.9346454, 41.7068753], [-87.9345758, 41.7069916], [-87.9345117, 41.7070784], [-87.9344455, 41.7071459], [-87.934368, 41.7072047], [-87.9341958, 41.707302], [-87.9338172, 41.7074954], [-87.9334326, 41.7076713], [-87.9333587, 41.7077043], [-87.9332239, 41.7077664], [-87.9330751, 41.7078489], [-87.9328461, 41.7079612], [-87.932683, 41.7080384], [-87.9325173, 41.7081272], [-87.9322958, 41.7082528], [-87.9320826, 41.7083786], [-87.9319302, 41.7084751], [-87.9317383, 41.7085725], [-87.9315359, 41.7086613], [-87.9314269, 41.7087114], [-87.9310194, 41.7089007], [-87.9308907, 41.7089565], [-87.9307397, 41.7090056], [-87.9305895, 41.709045], [-87.9304666, 41.7090794], [-87.9303046, 41.709131], [-87.9299706, 41.7092386], [-87.9298473, 41.7092838], [-87.9296043, 41.7093583], [-87.9294446, 41.7094095], [-87.9292139, 41.7094836], [-87.9290739, 41.7095261], [-87.928873, 41.7095732], [-87.9286889, 41.7096272], [-87.9285972, 41.709659], [-87.9285131, 41.7096938], [-87.9283945, 41.7097498], [-87.9282072, 41.7098378], [-87.9280116, 41.7099189], [-87.9276922, 41.7100367], [-87.927442, 41.7101253], [-87.9272962, 41.7101623], [-87.927218, 41.7101774], [-87.9270711, 41.7102339], [-87.9268404, 41.7103469], [-87.926432, 41.7105575], [-87.9261509, 41.7107057], [-87.9257898, 41.7109053], [-87.9256025, 41.7110139], [-87.9251574, 41.7112724], [-87.9249034, 41.7114029], [-87.9245192, 41.7116014], [-87.9241918, 41.7117653], [-87.9238653, 41.7119351], [-87.9236194, 41.7120713], [-87.9235221, 41.7121297], [-87.9233416, 41.7122239], [-87.9231732, 41.7123077], [-87.9229917, 41.712392], [-87.9227941, 41.7124867], [-87.9225204, 41.7126207], [-87.9221944, 41.7127838], [-87.9219354, 41.7129083], [-87.9217202, 41.7130225], [-87.9215698, 41.7130942], [-87.9213105, 41.7132207], [-87.9209783, 41.7133881], [-87.9206796, 41.7135326], [-87.9203485, 41.713697], [-87.9199279, 41.713912], [-87.9191874, 41.7142989], [-87.9186869, 41.7145441], [-87.9182755, 41.714742], [-87.9179447, 41.7148988], [-87.917609, 41.7150537], [-87.9172472, 41.7152171], [-87.9169873, 41.7153347], [-87.9167527, 41.7154306], [-87.9165047, 41.7155324], [-87.9162766, 41.715617], [-87.9160469, 41.7157037], [-87.9158427, 41.7157775], [-87.9155609, 41.7158812], [-87.915299, 41.7159632], [-87.9151258, 41.7160129], [-87.9147789, 41.7161108], [-87.9145991, 41.7161622], [-87.9142728, 41.7162555], [-87.9138966, 41.7163822], [-87.9133439, 41.7165827], [-87.9125198, 41.7168825], [-87.9122465, 41.7169777], [-87.9119366, 41.717114], [-87.9111053, 41.7175011], [-87.910631, 41.717745], [-87.9101723, 41.7179791], [-87.9096238, 41.7182463], [-87.9063339, 41.7198368], [-87.9027976, 41.7217274], [-87.9013258, 41.722558], [-87.9006308, 41.7228786], [-87.90004, 41.7231382], [-87.899053, 41.7235995], [-87.8976208, 41.7243463], [-87.8966795, 41.7248931], [-87.8961611, 41.7251582], [-87.8950189, 41.7257135], [-87.8928474, 41.7268089], [-87.8908905, 41.7277121], [-87.8897318, 41.7284787], [-87.889483, 41.7286478], [-87.8886656, 41.729316], [-87.8859322, 41.731194], [-87.8848905, 41.7319866], [-87.8842065, 41.7324978], [-87.8830749, 41.7332928], [-87.8825535, 41.7335934], [-87.8822414, 41.733812], [-87.8810913, 41.7347263], [-87.8810387, 41.7347868], [-87.8810262, 41.7348306], [-87.8810342, 41.7348805], [-87.8810477, 41.7349159], [-87.881073, 41.7349635], [-87.8810828, 41.7349739], [-87.8811033, 41.7349958], [-87.8813687, 41.7352005]], [[-87.9648545, 41.6917202], [-87.9644342, 41.6918791], [-87.9626022, 41.6926094], [-87.9617864, 41.6928818], [-87.961224, 41.6931024], [-87.9604306, 41.6933962], [-87.9587582, 41.6941694], [-87.9583916, 41.6943766], [-87.9574199, 41.6948194], [-87.9569607, 41.6950508], [-87.9565438, 41.6952706], [-87.9558716, 41.6955757], [-87.9548029, 41.6961462], [-87.954616, 41.6962278], [-87.954491, 41.6962691], [-87.9543503, 41.6963009], [-87.9541807, 41.6963048], [-87.9540744, 41.6962958], [-87.9539368, 41.6962788], [-87.9537381, 41.6962286], [-87.9536212, 41.6961849], [-87.9534415, 41.6960726], [-87.9533436, 41.6960201], [-87.9532677, 41.6959835], [-87.9531793, 41.695941], [-87.9530861, 41.6959057], [-87.9530019, 41.6958847], [-87.9529191, 41.695873], [-87.9528427, 41.6958736], [-87.9527406, 41.6958856], [-87.9526454, 41.6959081], [-87.9525309, 41.6959532], [-87.9523983, 41.6960219], [-87.9521299, 41.6961548], [-87.952009, 41.69622], [-87.9518611, 41.6962998], [-87.9511065, 41.6967216], [-87.9507853, 41.696912], [-87.9502389, 41.697182], [-87.9499463, 41.697311], [-87.9496296, 41.6974671], [-87.9492374, 41.6976673], [-87.9487989, 41.6979089], [-87.9484567, 41.6980997], [-87.9482203, 41.6982362], [-87.9480237, 41.6983508], [-87.9479161, 41.6984144], [-87.9477745, 41.6985002], [-87.9476818, 41.698557], [-87.9475849, 41.6986196], [-87.9474588, 41.6986842], [-87.9471783, 41.6988167], [-87.9470624, 41.6988639], [-87.9469359, 41.6988997], [-87.9468105, 41.6989317], [-87.9466726, 41.698969], [-87.9464157, 41.6990709], [-87.9462129, 41.6991722], [-87.9460807, 41.6992433], [-87.9457383, 41.6994214], [-87.9455464, 41.6995247], [-87.9452883, 41.6996674], [-87.9448337, 41.699908], [-87.9445414, 41.7000525], [-87.9443337, 41.700157], [-87.9440422, 41.700313], [-87.9437296, 41.7004776], [-87.9430871, 41.7008454], [-87.942849, 41.7009931], [-87.9425547, 41.7011474], [-87.9423426, 41.701249], [-87.9421976, 41.7013203], [-87.9419036, 41.7014812], [-87.9416528, 41.7016161], [-87.9414018, 41.7017638], [-87.9413542, 41.7018166], [-87.9413229, 41.7018623], [-87.9412822, 41.7019343], [-87.9412663, 41.7019947], [-87.9412228, 41.7023464]], [[-87.9823026, 41.6875163], [-87.982272, 41.6875291], [-87.982204, 41.6875575], [-87.9820629, 41.6876146], [-87.9817909, 41.687707], [-87.9809374, 41.6879819], [-87.9806647, 41.6880638], [-87.9799546, 41.6883128], [-87.9792608, 41.6885345], [-87.9791916, 41.6885521], [-87.9791229, 41.6885568], [-87.9790576, 41.6885561], [-87.9790094, 41.6885505], [-87.9789511, 41.6885332], [-87.9789199, 41.6885194], [-87.9788619, 41.6884816], [-87.9787944, 41.6884093], [-87.9787059, 41.6882747], [-87.9786039, 41.688054], [-87.9784261, 41.6876365], [-87.9783295, 41.6874427], [-87.9782824, 41.6873736], [-87.9782177, 41.6873062], [-87.9781585, 41.6872676], [-87.9780809, 41.6872184], [-87.9779898, 41.687174], [-87.9779118, 41.6871443], [-87.9778454, 41.6871255], [-87.9777902, 41.6871157], [-87.9777237, 41.6871122], [-87.977663, 41.6871171], [-87.9775702, 41.6871359], [-87.9774207, 41.6871738], [-87.9773053, 41.6872104], [-87.9770727, 41.687282], [-87.9768481, 41.6873295], [-87.9766111, 41.6873645], [-87.9764735, 41.6873717], [-87.9762372, 41.6873842], [-87.9761164, 41.6873975], [-87.975961, 41.6874217], [-87.9757888, 41.6874593], [-87.9754809, 41.6875432], [-87.9754058, 41.6875728], [-87.975117, 41.6877067], [-87.9749577, 41.6877736], [-87.9747802, 41.6878452], [-87.9742643, 41.6880072], [-87.9738613, 41.6881398], [-87.9736259, 41.6882249], [-87.9735157, 41.6882606], [-87.9734391, 41.6882823], [-87.9732058, 41.6883233], [-87.9728034, 41.688397], [-87.9724979, 41.6884846], [-87.9718978, 41.6887308], [-87.9715636, 41.6888695], [-87.9713112, 41.6890025], [-87.9710483, 41.6891311], [-87.970869, 41.6892216], [-87.9706865, 41.6893023], [-87.9703581, 41.6894296], [-87.9701631, 41.6894927], [-87.9674243, 41.6905238], [-87.9660876, 41.6912834], [-87.9658289, 41.6914159], [-87.9654899, 41.6915427], [-87.9648545, 41.6917202]]]}}, {"type": "Feature", "properties": {"name": "Great Western Trail (DuPage)", "length_mi": 12.7, "osm_source": "relation"}, "geometry": {"type": "MultiLineString", "coordinates": [[[-88.1206724, 41.8997694], [-88.1205535, 41.899765], [-88.1204331, 41.8997611]], [[-88.1207264, 41.8997713], [-88.1206724, 41.8997694]], [[-88.1204331, 41.8997611], [-88.1203916, 41.8997608], [-88.1203254, 41.8997072], [-88.1202672, 41.8996597], [-88.1202201, 41.8996379], [-88.1201783, 41.8996301]], [[-88.1201783, 41.8996301], [-88.1199992, 41.8996161], [-88.1188034, 41.8995038], [-88.1182512, 41.8994459], [-88.1107681, 41.8986706], [-88.1098972, 41.8985776], [-88.1072065, 41.8983298], [-88.1069295, 41.898286]], [[-88.1069295, 41.898286], [-88.1068813, 41.8982785], [-88.1068144, 41.8982682]], [[-88.1068144, 41.8982682], [-88.1060299, 41.8982184], [-88.1052579, 41.8981733], [-88.1049361, 41.8981734], [-88.1046771, 41.8981747], [-88.1039493, 41.8981575], [-88.103275, 41.8981466], [-88.1027107, 41.8981363], [-88.1021459, 41.8981205]], [[-88.1021459, 41.8981205], [-88.1021408, 41.8980272], [-88.1021306, 41.8979454], [-88.102128, 41.8978829], [-88.1021283, 41.89783]], [[-88.1021283, 41.89783], [-88.1021329, 41.8977833], [-88.1021388, 41.8977237]], [[-88.1021388, 41.8977237], [-88.1021372, 41.8976646]], [[-88.1021372, 41.8976646], [-88.1019755, 41.8976456], [-88.1018141, 41.8976267]], [[-88.1018141, 41.8976267], [-88.1018114, 41.8977567], [-88.1018108, 41.8979228], [-88.1018008, 41.8979977], [-88.1017913, 41.8980571], [-88.1017864, 41.8981027]], [[-88.1017864, 41.8981027], [-88.1014834, 41.8980932], [-88.1012689, 41.8980901], [-88.1009736, 41.8980807], [-88.1006601, 41.8980557], [-88.1003365, 41.898026], [-88.0999736, 41.8979935], [-88.0990879, 41.8979202], [-88.0984921, 41.8978747], [-88.0977205, 41.8978157], [-88.0970517, 41.8977681], [-88.0965327, 41.8977199], [-88.095993, 41.8976718], [-88.0948826, 41.8975796], [-88.0931713, 41.8974342], [-88.0921769, 41.897351], [-88.0921082, 41.8973453]], [[-88.0921082, 41.8973453], [-88.0920405, 41.8973398], [-88.0919761, 41.8973341]], [[-88.0919761, 41.8973341], [-88.0919108, 41.8973284], [-88.0886052, 41.897045], [-88.087018, 41.8969275], [-88.0869505, 41.8969223], [-88.0868393, 41.8969131], [-88.082317, 41.8965391]], [[-88.082317, 41.8965391], [-88.082215, 41.896531], [-88.0821092, 41.8965221]], [[-88.0821092, 41.8965221], [-88.0755036, 41.8959923], [-88.0750162, 41.8959432]], [[-88.0750162, 41.8959432], [-88.0672695, 41.8953206], [-88.0656442, 41.8951753], [-88.0646737, 41.8950904], [-88.0640412, 41.8950166], [-88.0640278, 41.895015], [-88.063674, 41.8949582], [-88.0635579, 41.8949446]], [[-88.0635579, 41.8949446], [-88.0634613, 41.8949351], [-88.0633754, 41.8949266]], [[-88.0633754, 41.8949266], [-88.0633394, 41.8949241], [-88.0632319, 41.8949167], [-88.0629167, 41.8949117], [-88.0626209, 41.8949086], [-88.0623668, 41.8949002], [-88.0614417, 41.8948343], [-88.0568062, 41.8944513], [-88.0559656, 41.8943878], [-88.0551151, 41.8943178], [-88.0461672, 41.8935813], [-88.045989, 41.8935666]], [[-88.045989, 41.8935666], [-88.045945, 41.893563], [-88.0459065, 41.8935602]], [[-88.0459065, 41.8935602], [-88.0458272, 41.8935544], [-88.0428936, 41.89334], [-88.0387116, 41.892978], [-88.03843, 41.8928961], [-88.0381814, 41.8928545]], [[-88.0381814, 41.8928545], [-88.0371962, 41.8927823]], [[-88.0371962, 41.8927823], [-88.0369765, 41.8927647], [-88.0361816, 41.8927778], [-88.0350091, 41.8926818], [-88.0339752, 41.8925972], [-88.0329801, 41.8925158], [-88.0311519, 41.8923433], [-88.0280386, 41.892091]], [[-88.0280386, 41.892091], [-88.0279745, 41.8920858], [-88.0279139, 41.8920808]], [[-88.0279139, 41.8920808], [-88.0255839, 41.891889], [-88.0233967, 41.8917165], [-88.0213192, 41.89155], [-88.0211704, 41.8915245], [-88.0205814, 41.8913828], [-88.0204488, 41.8913594], [-88.02028, 41.8913656], [-88.0201571, 41.8913934], [-88.0200852, 41.8914109], [-88.020059, 41.8914097]], [[-88.020059, 41.8914097], [-88.019999, 41.8914071], [-88.0199383, 41.8914048]], [[-88.0199383, 41.8914048], [-88.0199152, 41.8914039], [-88.0193523, 41.8913821], [-88.0184113, 41.8913003], [-88.0182909, 41.89129], [-88.0182205, 41.891284]], [[-88.0182205, 41.891284], [-88.01815, 41.891278], [-88.0180898, 41.891273]], [[-88.0180898, 41.891273], [-88.0163053, 41.8911256]], [[-88.0163053, 41.8911256], [-88.016225, 41.891119], [-88.0161863, 41.8911154]], [[-88.0161863, 41.8911154], [-88.0161115, 41.8911085], [-88.0145351, 41.8909632], [-88.0094128, 41.8905704]], [[-88.0094128, 41.8905704], [-88.0086617, 41.8905018]], [[-88.0086617, 41.8905018], [-88.0083029, 41.8904716]], [[-88.0083029, 41.8904716], [-88.0072726, 41.89038], [-88.0071611, 41.8903721], [-88.0070496, 41.890364], [-88.0069606, 41.8903789], [-88.0068503, 41.8904107], [-88.0066802, 41.8904985], [-88.0065355, 41.8905579], [-88.0064097, 41.8905689], [-88.0062809, 41.8905478], [-88.0061873, 41.8905071]], [[-88.0061873, 41.8905071], [-88.0056869, 41.8902756]], [[-88.0056869, 41.8902756], [-88.0055839, 41.8902396], [-88.0055342, 41.890238], [-88.0054214, 41.8902345], [-88.0052873, 41.8902773], [-88.0051853, 41.8903152], [-88.0051292, 41.8903269], [-88.0050539, 41.8903232], [-88.0049548, 41.890298]], [[-88.0049548, 41.890298], [-88.0046181, 41.890172]], [[-88.0046181, 41.890172], [-88.0045608, 41.8901569], [-88.0040135, 41.8901119], [-88.0038044, 41.8900947], [-88.0019075, 41.8899306]], [[-88.0019075, 41.8899306], [-88.0009738, 41.8898451], [-87.998578, 41.889642], [-87.9974857, 41.8895706], [-87.9974329, 41.8895672]], [[-87.9974329, 41.8895672], [-87.9973802, 41.8895637], [-87.9973188, 41.8895582]], [[-87.9973188, 41.8895582], [-87.9950211, 41.8893506]], [[-87.9950211, 41.8893506], [-87.9938357, 41.8892718]], [[-87.9938357, 41.8892718], [-87.993844, 41.8897021]], [[-87.9936265, 41.8892549], [-87.9936289, 41.8895045], [-87.9936373, 41.8897026]], [[-87.9936265, 41.8892549], [-87.9840754, 41.8884623]], [[-87.9840754, 41.8884623], [-87.984, 41.888456], [-87.983952, 41.8884521]], [[-87.983952, 41.8884521], [-87.9791855, 41.8880628]], [[-87.9791855, 41.8880628], [-87.9790907, 41.8880554], [-87.9790076, 41.8880482]], [[-87.9790076, 41.8880482], [-87.9760658, 41.887794], [-87.9709422, 41.8873663]], [[-87.9709422, 41.8873663], [-87.9706484, 41.8873426], [-87.9702619, 41.8873045], [-87.970035, 41.8872784], [-87.9697683, 41.8872417], [-87.9692663, 41.887179], [-87.9691544, 41.8871786]], [[-88.2124663, 41.9071705], [-88.2123679, 41.9071605], [-88.2115753, 41.9070963], [-88.2105699, 41.9070118], [-88.2089745, 41.9068784], [-88.2082708, 41.9068311], [-88.207897, 41.9068021], [-88.2073716, 41.9067473], [-88.2070965, 41.9067041], [-88.2060562, 41.9066037], [-88.2053546, 41.9065475], [-88.2016335, 41.9062398], [-88.1993354, 41.9060497], [-88.1941644, 41.9056336], [-88.1906458, 41.9053549]], [[-88.1906458, 41.9053549], [-88.1900379, 41.9052982], [-88.189423, 41.9052461], [-88.1888996, 41.9052039], [-88.1883906, 41.9051631], [-88.1878495, 41.9051218], [-88.1872809, 41.9050785], [-88.1868476, 41.9050437], [-88.186374, 41.9050068], [-88.1858242, 41.9049658], [-88.1849324, 41.9048905]], [[-88.1849324, 41.9048905], [-88.184825, 41.9048844], [-88.1847398, 41.9048796]], [[-88.1847398, 41.9048796], [-88.1813379, 41.9045974], [-88.1781686, 41.904347]], [[-88.1781686, 41.904347], [-88.1776624, 41.904306]], [[-88.1776624, 41.904306], [-88.1766526, 41.9042258]], [[-88.1766526, 41.9042258], [-88.1731617, 41.9039429], [-88.1730728, 41.9039357]], [[-88.1730728, 41.9039357], [-88.1727768, 41.9039133]], [[-88.1727768, 41.9039133], [-88.1727373, 41.9039101], [-88.1668546, 41.903428], [-88.159171, 41.9028067], [-88.153037, 41.9023055], [-88.1522665, 41.9022437], [-88.1508464, 41.9021277]], [[-88.1508464, 41.9021277], [-88.1507709, 41.9021211]], [[-88.1507709, 41.9021211], [-88.1506391, 41.9021096], [-88.1505073, 41.9020996]], [[-88.1505073, 41.9020996], [-88.15023, 41.9020785], [-88.1479454, 41.9018985], [-88.1471773, 41.901842]], [[-88.1471773, 41.901842], [-88.1469677, 41.9018223]], [[-88.1469677, 41.9018223], [-88.1446221, 41.9016397], [-88.1426794, 41.901475], [-88.1362285, 41.900951], [-88.1361883, 41.9009477]], [[-88.1361883, 41.9009477], [-88.1361515, 41.9009447], [-88.1361041, 41.9009407]], [[-88.1361041, 41.9009407], [-88.1316892, 41.9005799], [-88.1301358, 41.9004529], [-88.1298017, 41.9004204]], [[-88.1298017, 41.9004204], [-88.1296587, 41.9004107]], [[-88.1296587, 41.9004107], [-88.1284246, 41.9003067], [-88.1281103, 41.9002802]], [[-88.1281103, 41.9002802], [-88.1280454, 41.900275], [-88.1279803, 41.9002705]], [[-88.1279803, 41.9002705], [-88.127379, 41.9002269], [-88.1208999, 41.8996953]], [[-88.1208999, 41.8996953], [-88.1208418, 41.8996964], [-88.1207788, 41.899714], [-88.1207355, 41.8997417], [-88.1207264, 41.8997713]], [[-87.993844, 41.8897021], [-87.993726, 41.8897019], [-87.9936373, 41.8897026]]]}}, {"type": "Feature", "properties": {"name": "North Shore Channel Trail", "length_mi": 11.7, "osm_source": "relation"}, "geometry": {"type": "MultiLineString", "coordinates": [[[-87.6962921, 42.0590298], [-87.6962788, 42.0590119], [-87.6962718, 42.0590023], [-87.6962569, 42.0589739], [-87.6962435, 42.0589322], [-87.6962353, 42.0588827], [-87.6962231, 42.0588114]], [[-87.70448, 42.0548484], [-87.7044948, 42.0548934], [-87.7045495, 42.0549662], [-87.7045838, 42.0549956]], [[-87.7045838, 42.0549956], [-87.7046304, 42.0550019], [-87.704698, 42.0550033], [-87.7047844, 42.0549882], [-87.7048663, 42.0549547], [-87.7049534, 42.0549047], [-87.7050116, 42.054857], [-87.7050525, 42.054804], [-87.7050745, 42.0547551], [-87.7051022, 42.0546926], [-87.7051172, 42.0546601], [-87.7051365, 42.0546271]], [[-87.7026873, 42.055713], [-87.7044255, 42.054903], [-87.70448, 42.0548484], [-87.7044906, 42.0548188], [-87.7045131, 42.0547765], [-87.7045454, 42.0547284], [-87.704586, 42.0546933], [-87.7046574, 42.0546716], [-87.7047374, 42.054656], [-87.7048428, 42.0546503], [-87.7048943, 42.0546531], [-87.7049407, 42.0546557], [-87.7050227, 42.0546493], [-87.7050781, 42.0546412], [-87.7051365, 42.0546271]], [[-87.7026873, 42.055713], [-87.7027596, 42.055817]], [[-87.7027596, 42.055817], [-87.7045195, 42.0550054], [-87.7045838, 42.0549956]], [[-87.7011785, 41.9702568], [-87.7012948, 41.9702596], [-87.7013091, 41.9702692], [-87.7014682, 41.9703942], [-87.7015179, 41.970434], [-87.701576, 41.9704697], [-87.7016425, 41.9704932], [-87.7017766, 41.97052], [-87.7018461, 41.9705378], [-87.7018985, 41.9705703], [-87.7019593, 41.9706401], [-87.7020011, 41.9706998], [-87.7020295, 41.9707499], [-87.7021127, 41.9712443], [-87.7021355, 41.9713222], [-87.7021563, 41.9713855], [-87.7021934, 41.9714416], [-87.7022927, 41.9715496], [-87.7023938, 41.9716348], [-87.70245, 41.9716746], [-87.7025245, 41.9717073], [-87.702654, 41.9717391], [-87.7027827, 41.9717693], [-87.7028569, 41.971797], [-87.7029498, 41.9718545], [-87.703025, 41.9719224], [-87.7030728, 41.9719884], [-87.7031164, 41.9720545], [-87.7031291, 41.9720972]], [[-87.7031291, 41.9720972], [-87.7031387, 41.9721392]], [[-87.7031387, 41.9721392], [-87.7031445, 41.9721893]], [[-87.7031445, 41.9721893], [-87.7031986, 41.9724326], [-87.70322, 41.9725152], [-87.7032634, 41.9726172], [-87.7033253, 41.9727714], [-87.703363, 41.9728846], [-87.703402, 41.9730446], [-87.7034166, 41.9731506], [-87.7034218, 41.9731976], [-87.7034256, 41.9732319], [-87.7034239, 41.9733019], [-87.703407, 41.9735767], [-87.7034071, 41.9736377], [-87.7034292, 41.973713], [-87.7035204, 41.9739224], [-87.7036115, 41.9741764], [-87.7039223, 41.9750427], [-87.7039348, 41.975063], [-87.7039719, 41.9751232], [-87.7041207, 41.9752624], [-87.7042527, 41.9753793], [-87.7043456, 41.9754844], [-87.7043793, 41.9755269], [-87.7044142, 41.9755748], [-87.7044531, 41.975667], [-87.7044578, 41.9756822]], [[-87.7044578, 41.9756822], [-87.7045159, 41.9758709]], [[-87.7045159, 41.9758709], [-87.7045386, 41.9759447], [-87.7045447, 41.9759935], [-87.7045461, 41.9760653], [-87.70452, 41.9762607], [-87.7045209, 41.9764778], [-87.7045617, 41.9766427], [-87.7047819, 41.9773324], [-87.7049493, 41.9778339], [-87.7049567, 41.9779489], [-87.7049549, 41.9780851], [-87.7049536, 41.9781811], [-87.7049765, 41.9783797], [-87.7050137, 41.9785005], [-87.7050764, 41.9785794], [-87.705167, 41.9787036], [-87.7051768, 41.978717], [-87.7052331, 41.9788361], [-87.7052765, 41.9789907], [-87.7052919, 41.9791446], [-87.70536, 41.97934], [-87.7054539, 41.9795891], [-87.7055713, 41.9798977], [-87.7056205, 41.9800294], [-87.7056414, 41.9801591], [-87.7056399, 41.9802004], [-87.7056377, 41.9802581], [-87.7056117, 41.9803846], [-87.7056192, 41.9804755], [-87.7058103, 41.9810397], [-87.7058684, 41.9811714], [-87.7058742, 41.9811846], [-87.7058944, 41.9812524], [-87.7058677, 41.9813431], [-87.7058013, 41.9814022], [-87.7057059, 41.9814422], [-87.7055795, 41.9814778], [-87.7054863, 41.9815132], [-87.7054345, 41.9815419], [-87.7053889, 41.9815822], [-87.7053558, 41.9816248], [-87.7053416, 41.9816796], [-87.7053393, 41.9817313], [-87.7053507, 41.9817921], [-87.7053861, 41.9818511], [-87.7055624, 41.9820358], [-87.7055961, 41.9820841], [-87.7056084, 41.9821262], [-87.7056129, 41.9822059], [-87.7055673, 41.982441], [-87.705587, 41.9825088], [-87.7057082, 41.9827294]], [[-87.7057082, 41.9827294], [-87.7058196, 41.9827919], [-87.7059466, 41.9828374], [-87.7060788, 41.9828478], [-87.7062518, 41.9828311], [-87.7063401, 41.9828242], [-87.706434, 41.9828286], [-87.7065299, 41.9828597], [-87.7066015, 41.9829018], [-87.7066305, 41.982935], [-87.7066543, 41.9829709], [-87.7066625, 41.9829933]], [[-87.7066625, 41.9829933], [-87.7067192, 41.9831483], [-87.706717, 41.9831894]], [[-87.706717, 41.9831894], [-87.7066888, 41.9832507], [-87.7066773, 41.9833008], [-87.7066772, 41.9833638], [-87.7066867, 41.9834398], [-87.7067045, 41.9834968], [-87.7067304, 41.9835616], [-87.7067596, 41.9837153], [-87.7068051, 41.9838426], [-87.7069599, 41.9843844], [-87.7070882, 41.9848441], [-87.7071629, 41.9850595], [-87.7071958, 41.9851743], [-87.7072263, 41.9853417], [-87.7072371, 41.9855025], [-87.7072899, 41.985634], [-87.7073555, 41.9858004], [-87.7074411, 41.9859587], [-87.7074741, 41.986053], [-87.7074888, 41.9861567], [-87.7074827, 41.9864539], [-87.7075085, 41.9866519], [-87.7075199, 41.9868115], [-87.7074989, 41.9869133], [-87.7074908, 41.9870815], [-87.707511, 41.9873696], [-87.7075201, 41.9874549], [-87.7075457, 41.9875727], [-87.7075802, 41.9876868], [-87.7076379, 41.9878309], [-87.707703, 41.9879596], [-87.7077456, 41.9880417], [-87.7077774, 41.9880958], [-87.7079327, 41.9883293], [-87.7080468, 41.988488], [-87.7082924, 41.9888167], [-87.7083782, 41.9890081], [-87.708404, 41.9893271], [-87.7084001, 41.9894666], [-87.7083954, 41.9896333], [-87.7084051, 41.9897793], [-87.7085327, 41.9898821]], [[-87.7085327, 41.9898821], [-87.7087301, 41.990048], [-87.7088127, 41.9901372], [-87.7088658, 41.990226], [-87.7088911, 41.9902641], [-87.7088953, 41.9902787]], [[-87.7088953, 41.9902787], [-87.70896, 41.9905039]], [[-87.70896, 41.9905039], [-87.7089658, 41.990524], [-87.7089743, 41.9905975], [-87.70896, 41.9907029], [-87.7091325, 41.9912222], [-87.709215, 41.9913526]], [[-87.709215, 41.9913526], [-87.7093375, 41.9917494]], [[-87.7093375, 41.9917494], [-87.7093512, 41.9917938], [-87.709325, 41.9920621], [-87.709327, 41.9922081], [-87.7093494, 41.9924223]], [[-87.7095877, 41.9928722], [-87.7094861, 41.9928257], [-87.7094355, 41.9927783], [-87.7093979, 41.9927349], [-87.7093775, 41.9926854], [-87.7093494, 41.9924223]], [[-87.7101895, 41.9930912], [-87.7095877, 41.9928722]], [[-87.7101895, 41.9930912], [-87.7102648, 41.9931376], [-87.7103078, 41.9931894], [-87.7103242, 41.9932234], [-87.7103846, 41.9934528], [-87.7104618, 41.9938023], [-87.7105148, 41.9940853], [-87.7106724, 41.9949266], [-87.710778, 41.995188], [-87.7107955, 41.9952808], [-87.7108854, 41.9958488], [-87.7109004, 41.9959433], [-87.7109151, 41.9959881], [-87.7109393, 41.996016], [-87.7109956, 41.9960459], [-87.7110634, 41.9960768], [-87.7111029, 41.9961047], [-87.7111293, 41.9961331], [-87.7111431, 41.9962024], [-87.7112282, 41.9969166], [-87.711233, 41.9969566], [-87.711272, 41.9972346], [-87.7112863, 41.9972751]], [[-87.7112863, 41.9972751], [-87.7114328, 41.9972589]], [[-87.7114328, 41.9972589], [-87.7114341, 41.9972756], [-87.7114407, 41.9973571], [-87.7114481, 41.9974487], [-87.7114492, 41.9974625]], [[-87.7114492, 41.9974625], [-87.711529, 41.9975347], [-87.7115341, 41.9975672], [-87.7115341, 41.9976613], [-87.711523, 41.997702], [-87.7115127, 41.9977895], [-87.711512, 41.997936], [-87.7115113, 41.9981054], [-87.7114885, 41.9981802], [-87.711479, 41.9982183], [-87.7114617, 41.9982858], [-87.7114276, 41.9984874], [-87.7113999, 41.9986219], [-87.7113668, 41.9987043], [-87.7112913, 41.9988177], [-87.7111883, 41.9989498], [-87.711148, 41.9990226], [-87.7111306, 41.9991182], [-87.7111279, 41.9992328], [-87.7111454, 41.9993445], [-87.7111775, 41.999486], [-87.7111915, 41.9995498], [-87.7111946, 41.9996178], [-87.7111763, 41.9997145], [-87.7111306, 41.9998187], [-87.7110879, 41.9999245], [-87.7110858, 41.9999887], [-87.7111021, 42.0000619], [-87.7111245, 42.0001601], [-87.7111417, 42.0003263], [-87.7111915, 42.0007085], [-87.7111987, 42.0007915], [-87.7111875, 42.0008648], [-87.7111489, 42.0009796], [-87.7111265, 42.0010748], [-87.7111239, 42.0011539], [-87.7111409, 42.0012237], [-87.7111963, 42.0013749], [-87.7112348, 42.0014996], [-87.711241, 42.0015729], [-87.7112302, 42.0016714], [-87.7112025, 42.0017504], [-87.7111409, 42.0018786], [-87.711107, 42.0019873], [-87.7110931, 42.0020709], [-87.7110962, 42.0021785], [-87.7111193, 42.0022793], [-87.7111794, 42.0024487], [-87.7112117, 42.00257], [-87.7112302, 42.0026879], [-87.7112271, 42.0028047], [-87.7112117, 42.002997], [-87.7111917, 42.0032993], [-87.7111732, 42.0036335], [-87.7111609, 42.0037274], [-87.7111378, 42.0037789], [-87.7110746, 42.0038545], [-87.7110084, 42.0039644], [-87.7109822, 42.0040342], [-87.7109776, 42.0041292], [-87.7109694, 42.0043518], [-87.7109511, 42.0046111], [-87.7109455, 42.0046909], [-87.7109375, 42.0047779], [-87.7109225, 42.0052355], [-87.7109107, 42.0057145], [-87.710906, 42.0059026], [-87.7109019, 42.0060068], [-87.710906, 42.0060778], [-87.7109213, 42.0061276], [-87.7109599, 42.0062047], [-87.7109853, 42.0062628], [-87.7109924, 42.0063285], [-87.7109789, 42.0067962], [-87.7109766, 42.0069459], [-87.7109743, 42.0070989], [-87.710966, 42.007453], [-87.7109558, 42.0075255], [-87.7109273, 42.0075928], [-87.7109182, 42.0076645], [-87.7109143, 42.0078814], [-87.7108998, 42.0080029], [-87.7108877, 42.0080278], [-87.7108684, 42.0081501], [-87.7108542, 42.0086682], [-87.7108547, 42.0087952], [-87.7108632, 42.0089009], [-87.7108488, 42.0090074], [-87.710841, 42.0090798], [-87.7108308, 42.009289], [-87.7108135, 42.0093962], [-87.71078, 42.009514], [-87.7107617, 42.0096462], [-87.7107505, 42.009844], [-87.7107457, 42.0100449], [-87.7107426, 42.0101761], [-87.7107424, 42.0101869], [-87.7107546, 42.0102919], [-87.7107802, 42.0104056], [-87.7108015, 42.0105069], [-87.7108015, 42.0105785], [-87.7108059, 42.0108934], [-87.7108077, 42.0110992], [-87.71082, 42.0111321], [-87.7108563, 42.0111597], [-87.7109705, 42.0112438], [-87.7109952, 42.0112793], [-87.711028, 42.0113431], [-87.7111374, 42.0114702], [-87.7111981, 42.0115275]], [[-87.7109322, 42.0089789], [-87.7109016, 42.0089504], [-87.7108852, 42.0089352], [-87.7108632, 42.0089009]], [[-87.7109322, 42.0089789], [-87.7109505, 42.0089863], [-87.7110369, 42.0090301], [-87.7111728, 42.0091271], [-87.7112236, 42.009166], [-87.7112575, 42.0092095], [-87.7112698, 42.0092599], [-87.7112591, 42.0094522], [-87.7112591, 42.0096376], [-87.7112683, 42.0099867], [-87.7112683, 42.0101138], [-87.7112329, 42.0106083], [-87.7112098, 42.0111966], [-87.7111981, 42.0115275], [-87.7111943, 42.0116337], [-87.7112575, 42.0117229]], [[-87.7112575, 42.0117229], [-87.7112769, 42.0118312], [-87.7112937, 42.0119804]], [[-87.7112937, 42.0119804], [-87.7111661, 42.0120476], [-87.7111311, 42.0120754], [-87.7111019, 42.012117], [-87.7110583, 42.0122146], [-87.7110237, 42.0122922], [-87.7108941, 42.0125707], [-87.7108836, 42.0126306], [-87.7108859, 42.0127277], [-87.7108813, 42.012804], [-87.7108602, 42.0128917], [-87.7108451, 42.0129845], [-87.7108509, 42.0130903], [-87.7108599, 42.0131433], [-87.7108654, 42.0131863], [-87.7109026, 42.013227], [-87.7109583, 42.0132889], [-87.7111148, 42.0134329], [-87.711172, 42.0134971], [-87.7111965, 42.01357], [-87.7112082, 42.013642], [-87.7112023, 42.0137227], [-87.7111696, 42.0138129], [-87.7111202, 42.0138922], [-87.7111101, 42.0139392], [-87.7111078, 42.0139812], [-87.7111229, 42.0140497], [-87.7111661, 42.0141269], [-87.7111906, 42.014185], [-87.7111906, 42.0142396], [-87.7111731, 42.0143134], [-87.7111381, 42.0144131], [-87.7111334, 42.0144591], [-87.7111294, 42.0145325], [-87.7111251, 42.0145803], [-87.7111299, 42.0146306], [-87.7111299, 42.0146647], [-87.7111416, 42.0147367], [-87.7111556, 42.0148174], [-87.7111661, 42.0149067], [-87.711165, 42.0149518], [-87.7111567, 42.0150166], [-87.7111634, 42.0150907], [-87.7111615, 42.0151452], [-87.7111451, 42.0152112], [-87.7111078, 42.0152658], [-87.7110747, 42.0152898], [-87.7110751, 42.0153352], [-87.7110818, 42.0154109], [-87.7110983, 42.0154513]], [[-87.7109107, 42.0057145], [-87.7114081, 42.0057176]], [[-87.7087475, 42.0337972], [-87.7088223, 42.033799], [-87.7088679, 42.033813], [-87.7089055, 42.0338389], [-87.7089376, 42.0338687], [-87.7089488, 42.0339109], [-87.7089403, 42.0341975], [-87.7089457, 42.0342632], [-87.7089645, 42.0343011], [-87.7090047, 42.0343449], [-87.7090262, 42.0343807], [-87.7090422, 42.0344246], [-87.7090422, 42.0346397], [-87.7090503, 42.0346875], [-87.7090637, 42.0347274], [-87.7090905, 42.0347871], [-87.7091013, 42.034837], [-87.7091495, 42.0350939], [-87.7091522, 42.0351657], [-87.7091469, 42.0352274], [-87.7091308, 42.0352752], [-87.7091043, 42.0353293], [-87.7089108, 42.0356219], [-87.7089001, 42.0356637], [-87.7089001, 42.0357075], [-87.7089108, 42.0357474], [-87.7090691, 42.0361119], [-87.7090932, 42.0361717], [-87.7090959, 42.0362115], [-87.7090878, 42.0362514], [-87.7090664, 42.0362892], [-87.7090342, 42.036337], [-87.7088656, 42.0365804], [-87.708825, 42.0366438], [-87.7087955, 42.0367076], [-87.708774, 42.0367673], [-87.7087552, 42.0368391], [-87.7087526, 42.0369068], [-87.7087606, 42.0369785], [-87.7087798, 42.0370545], [-87.7088035, 42.0371478], [-87.7088223, 42.0372016], [-87.7088786, 42.0372713], [-87.7089376, 42.0373072], [-87.7091955, 42.0374689], [-87.7092304, 42.0375047], [-87.7092488, 42.0375482], [-87.7092488, 42.0375921], [-87.7092327, 42.0376319], [-87.7091902, 42.037692], [-87.7091656, 42.0377415], [-87.7091603, 42.0377973], [-87.7091549, 42.0379008], [-87.709179, 42.0380662], [-87.7091871, 42.0381758], [-87.7091844, 42.0382634], [-87.7091737, 42.038353], [-87.7091522, 42.0384905], [-87.7091469, 42.0385463], [-87.7091522, 42.03861], [-87.7091687, 42.038692], [-87.7093216, 42.0391263], [-87.7093427, 42.0392176], [-87.7093507, 42.0392973], [-87.70934, 42.039379], [-87.7093105, 42.0394547], [-87.7092743, 42.0395338], [-87.7092202, 42.0396519], [-87.7092139, 42.0396658], [-87.7091817, 42.0397913], [-87.7091683, 42.039867], [-87.7091737, 42.0399367], [-87.7091844, 42.0400025], [-87.7092112, 42.040124], [-87.7092059, 42.0401957], [-87.7091844, 42.0402674], [-87.7091526, 42.0403294], [-87.7091066, 42.0403909], [-87.7090449, 42.0404566], [-87.708994, 42.0404965], [-87.7089354, 42.0405315], [-87.7088884, 42.0405633], [-87.7088491, 42.0405981], [-87.7088029, 42.0406431], [-87.7087378, 42.040724], [-87.7086838, 42.0407805], [-87.7086453, 42.0408152], [-87.7085809, 42.0408431]], [[-87.7095284, 42.0265232], [-87.709538, 42.0266457], [-87.7095331, 42.0266966], [-87.709517, 42.0267643], [-87.7095063, 42.0268241], [-87.7095063, 42.026852], [-87.7095197, 42.0268759], [-87.7095438, 42.0268978], [-87.709576, 42.0269177], [-87.7095841, 42.0269357], [-87.7095894, 42.0269636], [-87.7095883, 42.026998], [-87.7095789, 42.0274331], [-87.7095779, 42.0274776], [-87.7095641, 42.0275431], [-87.7095277, 42.0276489], [-87.7095063, 42.0277247], [-87.7094982, 42.0277824], [-87.7094929, 42.0278899], [-87.7095009, 42.0281191], [-87.7095116, 42.0281848], [-87.7095304, 42.0282725], [-87.7095465, 42.0283382], [-87.7095519, 42.02839], [-87.7095385, 42.0284578], [-87.7094955, 42.0286431], [-87.7094848, 42.0287068], [-87.7094875, 42.0287666], [-87.7094955, 42.0288463], [-87.709517, 42.0289798], [-87.7095331, 42.0290375], [-87.7095867, 42.0292069], [-87.7095975, 42.0292567], [-87.7095975, 42.0293045], [-87.7095867, 42.0293563], [-87.7094526, 42.029697], [-87.7094392, 42.0297329], [-87.7094338, 42.0297727], [-87.7094419, 42.0298245], [-87.7094607, 42.0298903], [-87.7094982, 42.0299819], [-87.7095017, 42.0299944], [-87.7095116, 42.0300297], [-87.709525, 42.0300895], [-87.7095331, 42.0301632], [-87.7095121, 42.0311804], [-87.7094982, 42.0318507], [-87.7095036, 42.0319423], [-87.709517, 42.032034], [-87.7095385, 42.0321814], [-87.7095411, 42.032287], [-87.7095358, 42.0325799], [-87.7095197, 42.0327293], [-87.7094955, 42.0330381], [-87.7094741, 42.0331596], [-87.7094365, 42.0332373], [-87.709392, 42.0333037], [-87.709325, 42.0333874], [-87.7092246, 42.0334903], [-87.7092139, 42.0335242], [-87.7092143, 42.0336155]], [[-87.7109232, 42.0176143], [-87.710963, 42.0176432], [-87.7110108, 42.0176931], [-87.7110674, 42.0177747], [-87.711101, 42.0178371], [-87.7111169, 42.017891], [-87.7111231, 42.0179659], [-87.7111196, 42.0180521], [-87.7111046, 42.0181487], [-87.7111187, 42.0182105], [-87.7111187, 42.0183163], [-87.7111116, 42.0184149], [-87.7111001, 42.0185326], [-87.7110922, 42.018599], [-87.7110798, 42.0186397], [-87.7111028, 42.0186903], [-87.711124, 42.0187587], [-87.7111205, 42.0188363], [-87.7111169, 42.0189197], [-87.7111152, 42.018973], [-87.7110952, 42.0190055]], [[-87.7110952, 42.0190055], [-87.7110938, 42.0190184], [-87.7110831, 42.0191147], [-87.7110653, 42.019235], [-87.7110636, 42.0192465]], [[-87.7110636, 42.0192465], [-87.7110004, 42.0194683], [-87.7109721, 42.019548], [-87.7109464, 42.0196299], [-87.7108952, 42.0198258], [-87.7108524, 42.0200384], [-87.7107195, 42.0206616], [-87.7106513, 42.0209318], [-87.7106043, 42.0212146], [-87.7105452, 42.0216056], [-87.7105386, 42.0221029], [-87.7105838, 42.0225783], [-87.7106062, 42.0228561], [-87.7106278, 42.02305], [-87.7107129, 42.0232508], [-87.7107477, 42.023328], [-87.7107816, 42.0235085], [-87.7108073, 42.023678], [-87.7108522, 42.0239899], [-87.7108649, 42.0241416], [-87.7108638, 42.0244404], [-87.7108487, 42.024775], [-87.710828, 42.0250719], [-87.7107991, 42.0252288], [-87.710774, 42.0253805], [-87.7107725, 42.0254635], [-87.7107784, 42.0255223], [-87.7108028, 42.0256865], [-87.710833, 42.0259869], [-87.7108471, 42.0262708]], [[-87.7108471, 42.0262708], [-87.7108631, 42.0263863], [-87.7108911, 42.0265498]], [[-87.7108911, 42.0265498], [-87.7107832, 42.0267686]], [[-87.710768, 42.0335746], [-87.7107076, 42.0334495], [-87.7106855, 42.0333884], [-87.7106766, 42.0332984], [-87.7106784, 42.0332162], [-87.7106704, 42.0331729], [-87.7106377, 42.0331045], [-87.7106236, 42.0330427], [-87.7106474, 42.0329704], [-87.7106678, 42.0328502], [-87.7106731, 42.0327155], [-87.7106837, 42.0326478], [-87.71072, 42.0325689], [-87.7107368, 42.0325176], [-87.7107483, 42.0323711], [-87.7107563, 42.0321641], [-87.7107554, 42.032099], [-87.7107377, 42.0320379], [-87.7106952, 42.0319531], [-87.7106687, 42.0318723], [-87.7106572, 42.0317527], [-87.7106528, 42.0316265], [-87.7106421, 42.0315338], [-87.7106483, 42.0314379], [-87.7106528, 42.0313458], [-87.7106351, 42.0312308], [-87.7106413, 42.0311217], [-87.7106731, 42.0309357], [-87.7106749, 42.0308431], [-87.7106474, 42.0307064], [-87.7106386, 42.0305914], [-87.7106519, 42.0304599], [-87.7106466, 42.0303922], [-87.7106023, 42.03027], [-87.7105466, 42.0300787], [-87.7105245, 42.030036], [-87.7105368, 42.0298664], [-87.7105607, 42.0297435], [-87.7105988, 42.0296377], [-87.7106793, 42.029478], [-87.7107872, 42.0292795], [-87.7108218, 42.0291948], [-87.7108341, 42.0290712], [-87.7108474, 42.0288734], [-87.7108368, 42.0287413], [-87.7108333, 42.0286203], [-87.710835, 42.0284725], [-87.7108492, 42.0282681], [-87.7108571, 42.0280314], [-87.7108518, 42.0278639], [-87.7108403, 42.0277239], [-87.7108483, 42.027549], [-87.7108642, 42.0273906], [-87.7108633, 42.0270535], [-87.7108741, 42.0269338], [-87.7108695, 42.0268846], [-87.7108495, 42.0268423], [-87.7107832, 42.0267686]], [[-87.710768, 42.0335746], [-87.7107541, 42.0336853], [-87.7107405, 42.0337936]], [[-87.7107405, 42.0337936], [-87.71067, 42.0338901], [-87.710656, 42.0339387], [-87.710663, 42.033989], [-87.7106665, 42.0340488], [-87.7106525, 42.0340956], [-87.7106186, 42.0341581], [-87.7105334, 42.0342613], [-87.7104925, 42.0343306], [-87.7104587, 42.0344382], [-87.7104306, 42.0344867], [-87.7103839, 42.034576], [-87.7103618, 42.0346524], [-87.7103524, 42.0347287], [-87.7103583, 42.0348084], [-87.7103781, 42.0348717], [-87.7104328, 42.0350091], [-87.7104365, 42.0350183], [-87.7105229, 42.0351865], [-87.7105848, 42.0353044], [-87.7105976, 42.0353651], [-87.7105999, 42.0354493], [-87.7105918, 42.0355403], [-87.7105707, 42.0356114], [-87.7105439, 42.035673], [-87.7105178, 42.0357168], [-87.7104248, 42.0358733], [-87.7103104, 42.0360615], [-87.710217, 42.0361811]], [[-87.7110793, 42.0160238], [-87.7110193, 42.0160868], [-87.7110199, 42.0161763], [-87.7110137, 42.016271], [-87.7110049, 42.0163709], [-87.7110076, 42.0164491], [-87.7110447, 42.0164866], [-87.7110766, 42.0165451], [-87.7110951, 42.0166069], [-87.7110951, 42.0166792], [-87.7110943, 42.0167357], [-87.7111146, 42.01681], [-87.7111243, 42.0168928], [-87.7111279, 42.0170145], [-87.7111367, 42.0171006], [-87.711135, 42.0172235], [-87.7111288, 42.0172879], [-87.7111111, 42.0173359], [-87.7110695, 42.0173872], [-87.7110297, 42.0174345], [-87.7109435, 42.0175347], [-87.7109241, 42.0175814], [-87.7109232, 42.0176143], [-87.7108506, 42.0176695], [-87.7108126, 42.0177247], [-87.7107595, 42.0178115], [-87.7107347, 42.0178759], [-87.710725, 42.0179495], [-87.7107259, 42.0180205], [-87.7107356, 42.0181651], [-87.7107489, 42.0182013], [-87.7107214, 42.018317], [-87.7107108, 42.0184024], [-87.7107214, 42.0184708], [-87.7107347, 42.0185043], [-87.7107683, 42.0185444], [-87.7108382, 42.0185806], [-87.7109621, 42.0186128], [-87.7110798, 42.0186397]], [[-87.7111046, 42.0181487], [-87.7110276, 42.0181625], [-87.7109028, 42.0181737], [-87.7108028, 42.0181862], [-87.7107489, 42.0182013]], [[-87.7110695, 42.0173872], [-87.7110058, 42.0173109], [-87.7109058, 42.0172314], [-87.7108297, 42.0171689], [-87.7107961, 42.0171196], [-87.7107784, 42.0170545], [-87.7107707, 42.0169068], [-87.7107642, 42.0168343], [-87.7107678, 42.0167075], [-87.710774, 42.0165648], [-87.7107678, 42.0164393], [-87.7107614, 42.0163585], [-87.7107554, 42.0162841], [-87.7107545, 42.0161257], [-87.7107596, 42.0159512], [-87.7107563, 42.0158503], [-87.7107483, 42.0157332], [-87.7107492, 42.0156436], [-87.7107681, 42.0154117], [-87.7107666, 42.0152034], [-87.7107797, 42.0150012], [-87.7107842, 42.0149499], [-87.7107788, 42.0149021], [-87.710782, 42.0148657], [-87.710784, 42.0147776], [-87.7107789, 42.0147341], [-87.710765, 42.014567], [-87.7107635, 42.0145052], [-87.7107778, 42.014442], [-87.7107804, 42.0144113], [-87.710782, 42.0142969], [-87.7107849, 42.0140875], [-87.710786, 42.0140273], [-87.710776, 42.0139785], [-87.7107835, 42.0138608], [-87.7108128, 42.0137486], [-87.7108436, 42.0136456], [-87.7108359, 42.0135929], [-87.7107989, 42.0134865], [-87.7107912, 42.0134006], [-87.7107974, 42.0133297], [-87.7108344, 42.0132255], [-87.7108654, 42.0131863]], [[-87.7110943, 42.0167357], [-87.710989, 42.0167765], [-87.7108775, 42.0168363], [-87.7107707, 42.0169068]], [[-87.7110076, 42.0164491], [-87.7109607, 42.0164432], [-87.7108855, 42.0164169], [-87.7108129, 42.0163808], [-87.7107614, 42.0163585]], [[-87.7110747, 42.0152898], [-87.7109468, 42.015327], [-87.7108652, 42.0153579], [-87.7108174, 42.0153888], [-87.7107681, 42.0154117]], [[-87.7107842, 42.0149499], [-87.710891, 42.0149698], [-87.7110251, 42.0149808], [-87.7110975, 42.0149967], [-87.7111567, 42.0150166]], [[-87.7111299, 42.0146647], [-87.7109393, 42.0147297], [-87.710784, 42.0147776]], [[-87.7111251, 42.0145803], [-87.7110573, 42.0145533], [-87.7109031, 42.0145015], [-87.7108374, 42.0144676], [-87.7107778, 42.014442]], [[-87.7111202, 42.0138922], [-87.7110278, 42.0139186], [-87.7108843, 42.0139664], [-87.710786, 42.0140273]], [[-87.711172, 42.0134971], [-87.711201, 42.0134682], [-87.7112133, 42.0134224], [-87.7112118, 42.0133423], [-87.7111995, 42.0132759], [-87.7111871, 42.0132255], [-87.7111933, 42.0131809], [-87.7112195, 42.013087], [-87.7112241, 42.0130287], [-87.7112149, 42.0129062], [-87.7111964, 42.0127562], [-87.7111933, 42.0126509], [-87.7112041, 42.0125994], [-87.7112333, 42.0125182], [-87.7112441, 42.0124598], [-87.7112411, 42.012414], [-87.7112303, 42.0123659], [-87.7111733, 42.0123018], [-87.7111055, 42.0122469], [-87.7110583, 42.0122146]], [[-87.7106236, 42.0330427], [-87.7105577, 42.03298], [-87.7104631, 42.0328553], [-87.7104164, 42.0328059], [-87.7103931, 42.0327599], [-87.7103756, 42.0327001], [-87.7103732, 42.0326333], [-87.7103639, 42.0322786], [-87.7103639, 42.0321477], [-87.7103464, 42.0320393], [-87.7103184, 42.0318477], [-87.710316, 42.0317523], [-87.710323, 42.0316569], [-87.7103324, 42.0315398], [-87.7103242, 42.0314921], [-87.7102973, 42.0313906], [-87.7102892, 42.0312744], [-87.710295, 42.0310724], [-87.7103102, 42.0308781], [-87.7103394, 42.0306691], [-87.7103767, 42.0304489], [-87.7104188, 42.0302798], [-87.7104666, 42.0301271], [-87.710497, 42.0300682], [-87.7105245, 42.030036]], [[-87.7107832, 42.0267686], [-87.7106483, 42.0267754], [-87.7105687, 42.0268004], [-87.7105121, 42.0268293], [-87.7104705, 42.0268734], [-87.7104386, 42.02692], [-87.7104192, 42.0270377], [-87.7103962, 42.0272454], [-87.7103891, 42.0274498], [-87.7104041, 42.0275714], [-87.7104068, 42.027643], [-87.7103855, 42.0277837], [-87.710367, 42.0279296], [-87.7103634, 42.0280249], [-87.7103829, 42.0280998], [-87.7104094, 42.0281616], [-87.7105351, 42.0283969], [-87.7105855, 42.0285073], [-87.7106156, 42.0285954], [-87.7106351, 42.0287104], [-87.7106731, 42.0287958], [-87.7107342, 42.0288826], [-87.7107996, 42.0289858], [-87.7108341, 42.0290712]], [[-87.7105229, 42.0351865], [-87.7105813, 42.0351224], [-87.7106525, 42.0350166], [-87.71067, 42.0349645], [-87.7106723, 42.034916], [-87.710663, 42.03487], [-87.7106408, 42.0347946], [-87.7105976, 42.0347044], [-87.7104587, 42.0344382]], [[-87.7105572, 42.0408083], [-87.7104757, 42.0407288], [-87.7103226, 42.0406414], [-87.7102899, 42.0406152], [-87.7102023, 42.0403878], [-87.7101855, 42.0403142], [-87.7101863, 42.0402334], [-87.7102058, 42.0401677], [-87.7102474, 42.0400874], [-87.7103396, 42.0399808], [-87.7104015, 42.0398958], [-87.710426, 42.039816], [-87.7104645, 42.0396764], [-87.7104914, 42.0395524], [-87.7105007, 42.0394267], [-87.7105054, 42.0393148], [-87.710503, 42.0391874], [-87.710496, 42.0390851], [-87.7104797, 42.0389932], [-87.7104423, 42.0388674], [-87.710412, 42.0387694], [-87.7103438, 42.0385658], [-87.7102847, 42.0384001], [-87.7102767, 42.0383545], [-87.7102695, 42.0383142], [-87.7102675, 42.0381989], [-87.7102672, 42.0381842], [-87.7102754, 42.0380784], [-87.7102999, 42.0379674], [-87.7103384, 42.0378642], [-87.7103705, 42.0378219], [-87.7104166, 42.037761], [-87.7104914, 42.0376613], [-87.7105311, 42.0375624], [-87.7105719, 42.0374168], [-87.7105988, 42.037278], [-87.7106069, 42.0372], [-87.7105988, 42.0371298], [-87.7105696, 42.0369806], [-87.7105357, 42.0368523], [-87.7105301, 42.0368353], [-87.7105135, 42.0367855], [-87.7104552, 42.0367153], [-87.7103092, 42.0364933], [-87.7102567, 42.0364022], [-87.7102298, 42.0363381], [-87.7102193, 42.0362999], [-87.710217, 42.0361811], [-87.7102333, 42.0355663], [-87.7102532, 42.035418], [-87.7102789, 42.0353166], [-87.7103244, 42.0352082], [-87.7104328, 42.0350091]], [[-87.7105572, 42.0408083], [-87.7105583, 42.0409322], [-87.7105606, 42.0410802]], [[-87.7105606, 42.0410802], [-87.7105574, 42.0410917], [-87.7105311, 42.0411873], [-87.7104745, 42.0412615], [-87.7104055, 42.0413181], [-87.7102848, 42.0414258], [-87.7102218, 42.0414925], [-87.7101961, 42.0415515], [-87.7101903, 42.0416105], [-87.7101996, 42.0416902], [-87.7102346, 42.0418359], [-87.7102801, 42.0419521], [-87.710328, 42.042044], [-87.7103934, 42.0421498], [-87.7104156, 42.0422044], [-87.7104296, 42.042259], [-87.7104284, 42.0423041], [-87.7104132, 42.0423544], [-87.7103836, 42.0423956], [-87.7103771, 42.0424047], [-87.7102685, 42.0425243], [-87.7101903, 42.0426483], [-87.7101599, 42.0427324], [-87.7101471, 42.0428226], [-87.7101529, 42.0428989], [-87.7101832, 42.0429709], [-87.7102253, 42.0430368], [-87.7103595, 42.0431703], [-87.7104599, 42.0432578], [-87.7104973, 42.0433064], [-87.7105125, 42.0433619], [-87.710516, 42.0434295], [-87.7105078, 42.0435128], [-87.7104845, 42.0435604], [-87.7104343, 42.0436203], [-87.7102965, 42.0437399], [-87.7102171, 42.0438197], [-87.7101681, 42.043896], [-87.7101412, 42.0439922], [-87.7101342, 42.0441049], [-87.7101412, 42.0442437], [-87.7101669, 42.0443546], [-87.7102031, 42.0444422], [-87.7102556, 42.0445064], [-87.7103304, 42.0445783], [-87.7104273, 42.0446624], [-87.7104658, 42.0447188], [-87.7104798, 42.0447795], [-87.7104833, 42.0448445], [-87.7104793, 42.0448775], [-87.710474, 42.0449225], [-87.7104553, 42.0449797], [-87.7104097, 42.0450378], [-87.7102437, 42.0452075], [-87.7101393, 42.045333], [-87.7101039, 42.045404], [-87.7100871, 42.0454835], [-87.7100897, 42.0455571], [-87.7101145, 42.0456517], [-87.7101587, 42.0457325], [-87.7102578, 42.0458797], [-87.7102608, 42.0458846], [-87.7103534, 42.0460341], [-87.7103958, 42.04613], [-87.7104321, 42.0462266], [-87.7104427, 42.0463068], [-87.7104445, 42.0464007], [-87.7104295, 42.0465381], [-87.710418, 42.0466182], [-87.7103914, 42.0466866], [-87.7103445, 42.0467759], [-87.7102313, 42.0469481], [-87.710157, 42.0470611], [-87.7100853, 42.0471991], [-87.7100517, 42.0472924], [-87.7100154, 42.0474172], [-87.7100039, 42.0474855], [-87.7100012, 42.0475841], [-87.7100074, 42.0476544], [-87.7100304, 42.0477116], [-87.71008, 42.0477779], [-87.7101366, 42.0478265], [-87.7101994, 42.0478706], [-87.7103206, 42.0479428], [-87.7103658, 42.0479882], [-87.7103843, 42.0480092], [-87.7103889, 42.0480988]], [[-87.7103889, 42.0480988], [-87.710381, 42.0481981], [-87.7103788, 42.0483198]], [[-87.7103788, 42.0483198], [-87.7103584, 42.0485863], [-87.7101844, 42.0488283], [-87.7101244, 42.0490285], [-87.7101276, 42.0492394], [-87.7101907, 42.0494555], [-87.710245, 42.0496464], [-87.7102508, 42.0497598], [-87.7102418, 42.049845], [-87.7102209, 42.0499163], [-87.7101688, 42.0499717], [-87.7100648, 42.0500714], [-87.7098609, 42.0503199], [-87.7097979, 42.0504482], [-87.7097815, 42.0505924], [-87.7098362, 42.0508107], [-87.7098876, 42.050925], [-87.7099071, 42.0510357], [-87.7099014, 42.0511278], [-87.7098916, 42.0511805], [-87.7098878, 42.051201], [-87.7098866, 42.0512067], [-87.7098749, 42.0512603], [-87.7098569, 42.0512919], [-87.709835, 42.0513307], [-87.70978, 42.0513837], [-87.7096624, 42.0514652], [-87.7094389, 42.0516402], [-87.7092519, 42.051762], [-87.7092158, 42.0518043], [-87.709193, 42.0518631], [-87.7091573, 42.0519818], [-87.7091483, 42.0520816], [-87.709169, 42.0523067], [-87.709176, 42.0523848]], [[-87.709176, 42.0523848], [-87.7090775, 42.0524711]], [[-87.7089605, 42.0525683], [-87.7090775, 42.0524711]], [[-87.7051365, 42.0546271], [-87.7051967, 42.054591], [-87.7053253, 42.054534], [-87.7054353, 42.0545006], [-87.7055752, 42.0544583], [-87.7057167, 42.0544307], [-87.7058461, 42.0544062], [-87.7059834, 42.0543932], [-87.7060357, 42.0543857], [-87.7061025, 42.0543711], [-87.7061398, 42.0543545], [-87.7061676, 42.0543309], [-87.7061813, 42.0543027], [-87.7061848, 42.0542914], [-87.7061998, 42.0542578], [-87.7062623, 42.0542084], [-87.7064091, 42.0541583], [-87.706484, 42.0541374], [-87.7066292, 42.0541084], [-87.7067129, 42.0540783], [-87.7067649, 42.0540407], [-87.7068079, 42.0539969], [-87.7068239, 42.0539372], [-87.7068454, 42.0538336], [-87.7069044, 42.0537619], [-87.7070145, 42.053688], [-87.7071088, 42.0536541], [-87.7071737, 42.053618], [-87.7072807, 42.0535646], [-87.7073826, 42.0535265], [-87.7076181, 42.053463], [-87.7077466, 42.0534154], [-87.7078529, 42.0533716], [-87.7079842, 42.0533041], [-87.7081708, 42.0531764], [-87.7082589, 42.0530899], [-87.7084071, 42.0529256], [-87.7085038, 42.0528331], [-87.7085766, 42.0527882], [-87.7086273, 42.0527495], [-87.7087178, 42.0526955], [-87.708792, 42.0526629], [-87.7088571, 42.0526267], [-87.7089605, 42.0525683]], [[-87.7027596, 42.055817], [-87.7027563, 42.0558817], [-87.7027161, 42.0559593], [-87.7026155, 42.0560201], [-87.7024789, 42.0560855], [-87.7022916, 42.0561751], [-87.7020672, 42.0562725], [-87.7018133, 42.0563925], [-87.7016271, 42.0564655], [-87.701563, 42.0565013]], [[-87.701563, 42.0565013], [-87.7015576, 42.0565042], [-87.7015003, 42.0565346], [-87.7014216, 42.0565774]], [[-87.7014216, 42.0565774], [-87.7013896, 42.0565926], [-87.7013203, 42.0566108], [-87.7012313, 42.0566293], [-87.7011308, 42.056643], [-87.7010696, 42.0566851], [-87.7010086, 42.0567229], [-87.7009449, 42.0567469], [-87.7008761, 42.056761], [-87.7007688, 42.056802], [-87.7006819, 42.0568665], [-87.7006113, 42.0569272], [-87.7005578, 42.0569668], [-87.7004807, 42.0569923], [-87.7003498, 42.0570214], [-87.7001959, 42.0570745], [-87.7000594, 42.0571356], [-87.6999647, 42.0571893], [-87.6998117, 42.0572809], [-87.6996088, 42.0574026], [-87.6995095, 42.0574553], [-87.6993996, 42.057498], [-87.6992779, 42.057546], [-87.6991639, 42.0575997], [-87.699078, 42.0576336], [-87.6989383, 42.0577011], [-87.698788, 42.0577728], [-87.6986398, 42.0578412], [-87.6985249, 42.0578844], [-87.6984149, 42.0579121], [-87.6983192, 42.0579225], [-87.6981631, 42.057923], [-87.6980407, 42.057928], [-87.6979572, 42.0579375], [-87.697882, 42.0579612], [-87.6977653, 42.0580053], [-87.6976617, 42.0580629], [-87.6975572, 42.0581282], [-87.6974855, 42.0581598], [-87.6973464, 42.0582045], [-87.6972275, 42.058252], [-87.6971632, 42.0583073], [-87.6970768, 42.0583822], [-87.6970053, 42.0584368], [-87.6969345, 42.0584737], [-87.6968776, 42.0585044], [-87.6967934, 42.058542], [-87.6966632, 42.0585857], [-87.6965838, 42.0586144], [-87.696476, 42.0586531], [-87.696358, 42.0587088], [-87.6962231, 42.0588114], [-87.6960135, 42.0589649], [-87.6957852, 42.059115], [-87.695672, 42.0592008], [-87.6956195, 42.059222], [-87.6955623, 42.0592327], [-87.6954927, 42.0592385], [-87.6951583, 42.0592471], [-87.6949464, 42.0592517], [-87.6948179, 42.0592519], [-87.6946731, 42.0592487]], [[-87.7105178, 42.0357168], [-87.7105544, 42.0358325], [-87.7105941, 42.0359938], [-87.7106128, 42.0361031], [-87.7106256, 42.0362566], [-87.710621, 42.036345], [-87.7105953, 42.0364569], [-87.7105135, 42.0367855]], [[-87.7105478, 42.0379583], [-87.7105356, 42.0379292], [-87.7105305, 42.037917], [-87.7104686, 42.0378762], [-87.7103705, 42.0378219], [-87.710343, 42.0377954], [-87.7103093, 42.0377146], [-87.7102748, 42.0376009], [-87.7102669, 42.0375398], [-87.7102713, 42.0374544], [-87.7102846, 42.037367], [-87.7103244, 42.0372382], [-87.7103748, 42.0371028], [-87.7104075, 42.0370068], [-87.7104509, 42.0369286], [-87.7104863, 42.0368813], [-87.7105301, 42.0368353]], [[-87.7104898, 42.0385695], [-87.7104132, 42.0385676], [-87.7103438, 42.0385658]], [[-87.7102474, 42.0400874], [-87.7101881, 42.0400251], [-87.7101527, 42.0399547], [-87.7101253, 42.0398871], [-87.7101191, 42.0398286], [-87.7101226, 42.0396623], [-87.7101501, 42.0391767], [-87.7101598, 42.0387759], [-87.710166, 42.0385702], [-87.7101784, 42.0385032], [-87.7102014, 42.038444], [-87.7102456, 42.0383829], [-87.7102767, 42.0383545]], [[-87.7103226, 42.0406414], [-87.7104288, 42.0404555], [-87.7104668, 42.0403983], [-87.7104934, 42.0403326], [-87.7104961, 42.0402997], [-87.7104987, 42.0402689], [-87.7104898, 42.0401959], [-87.7104509, 42.0400881], [-87.7104084, 42.0399502], [-87.7104015, 42.0398958]], [[-87.6941607, 42.0582848], [-87.6942517, 42.0582634], [-87.694377, 42.0582632], [-87.6944662, 42.0582498], [-87.694481, 42.0582476], [-87.6947133, 42.0582042], [-87.6947903, 42.0581956], [-87.694844, 42.0581938], [-87.6948595, 42.0581968], [-87.6948978, 42.0582042], [-87.6949609, 42.0582228], [-87.6950974, 42.0582588], [-87.695206, 42.0582684], [-87.6952795, 42.0582658], [-87.6953379, 42.0582493], [-87.6953741, 42.058232], [-87.6954273, 42.0582018], [-87.6954608, 42.0581754], [-87.6955057, 42.0581355], [-87.6955409, 42.0581009], [-87.6955751, 42.0580728], [-87.6956075, 42.0580496], [-87.6956476, 42.0580262], [-87.6956924, 42.0580041], [-87.6957594, 42.0579806], [-87.6958112, 42.0579697], [-87.6958906, 42.0579583], [-87.6959848, 42.0579435], [-87.6963642, 42.0578441], [-87.6964642, 42.0578019], [-87.6965253, 42.0577606], [-87.6965811, 42.057711], [-87.6966103, 42.0576672], [-87.6966727, 42.0575791], [-87.69671, 42.0575434], [-87.6967648, 42.0575061], [-87.6968226, 42.0574717], [-87.6968831, 42.0574493], [-87.6969272, 42.0574366], [-87.6969366, 42.0574339], [-87.6970009, 42.0574258], [-87.6970575, 42.0574197], [-87.6971477, 42.0574101], [-87.6972199, 42.0573981], [-87.6972656, 42.0573821], [-87.6973025, 42.0573617], [-87.6973311, 42.0573397], [-87.6974133, 42.0572747], [-87.6974575, 42.0572445], [-87.6977251, 42.0570632], [-87.6977772, 42.0570319], [-87.6978361, 42.0570099], [-87.6978951, 42.0570019], [-87.6979687, 42.0569995], [-87.6980437, 42.0569897], [-87.6981269, 42.0569699], [-87.6984055, 42.0568761], [-87.698548, 42.0568145], [-87.6986303, 42.056765], [-87.6987141, 42.056703], [-87.6987918, 42.0566432], [-87.6988666, 42.0565636], [-87.6988944, 42.0565035], [-87.6989055, 42.0564101], [-87.6989259, 42.0560819], [-87.6989452, 42.0560163], [-87.6989773, 42.0559463], [-87.6990343, 42.0558819], [-87.6991214, 42.0558347], [-87.6992161, 42.0557927], [-87.6992956, 42.0557736], [-87.6993765, 42.0557674], [-87.6994711, 42.0557731], [-87.6995586, 42.0557885], [-87.6997509, 42.0558443], [-87.6998562, 42.0558708], [-87.6999234, 42.055879], [-87.6999902, 42.0558722], [-87.7000656, 42.0558567], [-87.7001396, 42.0558313], [-87.700239, 42.0557878], [-87.7002662, 42.0557719], [-87.7002949, 42.0557551], [-87.7003683, 42.0556944]], [[-87.7005012, 42.0556142], [-87.7004879, 42.0556219], [-87.7004374, 42.0556513], [-87.7003806, 42.0556862], [-87.7003683, 42.0556944]], [[-87.7044958, 42.0537226], [-87.7044825, 42.0538389], [-87.7044614, 42.0539493], [-87.704448, 42.0540071], [-87.7044212, 42.0540628], [-87.7043971, 42.0540927], [-87.7043434, 42.0541525], [-87.7042737, 42.0542062], [-87.7042013, 42.054254], [-87.7041154, 42.0542979], [-87.7040397, 42.0543268], [-87.7039427, 42.0543493], [-87.7038441, 42.0543629], [-87.7037461, 42.0543613], [-87.7036415, 42.0543453], [-87.7035339, 42.0543256], [-87.7034249, 42.0543231], [-87.7033204, 42.0543292], [-87.7032213, 42.0543398], [-87.7031142, 42.0543908], [-87.7030324, 42.0544436], [-87.7029776, 42.0545087], [-87.7029489, 42.0546086], [-87.7029178, 42.0547067], [-87.7028651, 42.0547777], [-87.7028053, 42.0548565], [-87.7027328, 42.0549128], [-87.7026377, 42.0549756], [-87.7025427, 42.0550066], [-87.7024456, 42.055039], [-87.7023465, 42.0550586], [-87.7022422, 42.055068], [-87.7021578, 42.0550725], [-87.7020842, 42.0550927], [-87.7020123, 42.0551336], [-87.7019861, 42.0551868], [-87.7019599, 42.0552227], [-87.7019294, 42.0552567], [-87.7018751, 42.0552983], [-87.7018144, 42.0553344], [-87.7017481, 42.055361], [-87.7008467, 42.0557277], [-87.7007873, 42.0557241], [-87.7007122, 42.0556932], [-87.7006264, 42.0556305], [-87.7005727, 42.0556006], [-87.7005343, 42.0556048], [-87.7005012, 42.0556142]], [[-87.6958134, 42.0577004], [-87.6958141, 42.0577084], [-87.6958159, 42.0577192], [-87.6958205, 42.0577289], [-87.6958297, 42.0577378], [-87.6958454, 42.0577504], [-87.6958565, 42.0577601], [-87.6958667, 42.0577758], [-87.6958739, 42.0577974], [-87.6958906, 42.0579583]], [[-87.6974133, 42.0572747], [-87.6973768, 42.0572073], [-87.6973764, 42.0570279]], [[-87.7020123, 42.0551336], [-87.7020265, 42.0550624], [-87.7020265, 42.0549988], [-87.702023, 42.0549365], [-87.702, 42.0548723], [-87.7019652, 42.0548262], [-87.7019183, 42.054771], [-87.7018718, 42.0547235], [-87.7018712, 42.0546357], [-87.7019817, 42.0546333]], [[-87.7035539, 42.0539601], [-87.7034413, 42.0539606], [-87.7034408, 42.0540153], [-87.7034406, 42.0540349], [-87.7034272, 42.0540936], [-87.7033981, 42.0541529], [-87.7033535, 42.0542216], [-87.7033096, 42.0542726], [-87.7032213, 42.0543398]], [[-87.7035542, 42.0537481], [-87.7036005, 42.0537734], [-87.7036076, 42.0537773], [-87.7038127, 42.0537954], [-87.7040407, 42.0538103], [-87.7041739, 42.0538053], [-87.7042951, 42.0537967], [-87.7044038, 42.0537625], [-87.7044958, 42.0537226], [-87.7047327, 42.0535872], [-87.7048296, 42.0535561], [-87.7049375, 42.0535453], [-87.7050425, 42.0535553], [-87.7051269, 42.0535735], [-87.7052571, 42.0536161], [-87.7053735, 42.0536354], [-87.7054977, 42.0536422], [-87.7056094, 42.0536265], [-87.7057215, 42.0535835], [-87.7057969, 42.0535348], [-87.7058868, 42.0534546], [-87.705991, 42.0533493], [-87.7060819, 42.0532473], [-87.7061579, 42.0531358], [-87.7062113, 42.0530566], [-87.7062823, 42.0529902], [-87.7064494, 42.0528787]], [[-87.7067611, 42.0528196], [-87.7066494, 42.052832], [-87.7065734, 42.052846], [-87.706505, 42.0528573], [-87.7064494, 42.0528787], [-87.7065023, 42.0528139], [-87.7065302, 42.0527502], [-87.7065663, 42.0526765]], [[-87.706951, 42.0523031], [-87.7068416, 42.052304], [-87.7067376, 42.0523291], [-87.7066483, 42.052376], [-87.7065818, 42.0524405], [-87.7065442, 42.0525168], [-87.7065389, 42.0525979], [-87.7065663, 42.0526765], [-87.7066137, 42.0527363], [-87.7066801, 42.052785], [-87.7067611, 42.0528196], [-87.7068603, 42.0528386], [-87.7069628, 42.0528363], [-87.7070603, 42.0528128], [-87.7071451, 42.05277], [-87.7072105, 42.0527113], [-87.7072511, 42.0526415], [-87.7072639, 42.0525659], [-87.7072478, 42.0524908], [-87.707204, 42.0524219], [-87.7071361, 42.0523649], [-87.7070495, 42.0523242], [-87.706951, 42.0523031]], [[-87.706951, 42.0523031], [-87.7069987, 42.0521705]], [[-87.7069987, 42.0521705], [-87.7070381, 42.0520694]], [[-87.7071296, 42.0519828], [-87.7071757, 42.0519885]], [[-87.7071757, 42.0519885], [-87.7072187, 42.0519942], [-87.7072746, 42.0519642], [-87.7073323, 42.0519328], [-87.7073821, 42.051876], [-87.7074241, 42.0518235], [-87.7074638, 42.0517726], [-87.7075106, 42.0516984], [-87.7075973, 42.0515644], [-87.7076217, 42.0515148], [-87.7076562, 42.0514708], [-87.7077097, 42.0514253], [-87.7077728, 42.0513849], [-87.7078355, 42.051363], [-87.7079396, 42.0513535], [-87.708011, 42.0513549], [-87.7080842, 42.0513627], [-87.7081328, 42.0513678], [-87.7082297, 42.0513736], [-87.7083128, 42.0513676], [-87.7083903, 42.0513478], [-87.7084601, 42.051316], [-87.7085298, 42.0512622], [-87.7085674, 42.0512104], [-87.7086909, 42.0510253], [-87.7087767, 42.050872], [-87.7088652, 42.0507166], [-87.7088978, 42.0506452], [-87.7089055, 42.0505852], [-87.7089028, 42.0504995], [-87.708884, 42.05038], [-87.7088549, 42.0503166], [-87.7088147, 42.0502668], [-87.7087445, 42.0502187], [-87.7086319, 42.050153], [-87.7084767, 42.0500975], [-87.7083449, 42.0500753], [-87.7081709, 42.0500636], [-87.7080459, 42.0500132]], [[-87.7088786, 42.0372713], [-87.7087659, 42.0373352], [-87.7086344, 42.0373432], [-87.7085422, 42.0373295]], [[-87.7091757, 42.0408569], [-87.7091045, 42.0408], [-87.7089906, 42.0407201], [-87.7089493, 42.0406798], [-87.7089381, 42.0406341], [-87.708943, 42.0405876], [-87.708994, 42.0404965]], [[-87.7109455, 42.0046909], [-87.7110049, 42.0046621]], [[-87.7110049, 42.0046621], [-87.7111552, 42.004672], [-87.7112419, 42.0046911], [-87.7113145, 42.0047102], [-87.7113362, 42.0047226], [-87.711364, 42.0047384], [-87.7114091, 42.0047851], [-87.7114277, 42.0048305], [-87.711433, 42.004889], [-87.7114321, 42.0049442], [-87.711418, 42.005278], [-87.7114129, 42.0056322], [-87.7114081, 42.0057176], [-87.7114038, 42.0057953], [-87.7113672, 42.0059713], [-87.711357, 42.0060438], [-87.7113631, 42.0061125], [-87.7113794, 42.006216], [-87.7113855, 42.0063196], [-87.7113794, 42.0064691], [-87.7113783, 42.0065144], [-87.7113777, 42.0065363], [-87.7113703, 42.0068211], [-87.7113584, 42.0070446], [-87.7113492, 42.0072288], [-87.7113445, 42.0074736], [-87.7113452, 42.007511], [-87.7113503, 42.0076247], [-87.7113526, 42.0076749], [-87.7113527, 42.0078024], [-87.7113329, 42.0078415], [-87.7112908, 42.0078779], [-87.7112196, 42.0079143], [-87.7111706, 42.0078909], [-87.7111064, 42.0078822], [-87.7110515, 42.0078866], [-87.7110011, 42.0079104]], [[-87.7110011, 42.0079104], [-87.7109548, 42.0079164], [-87.7109347, 42.0079083], [-87.7109143, 42.0078814]], [[-87.7109743, 42.0070989], [-87.7110293, 42.0071717], [-87.7110842, 42.0072438], [-87.7111636, 42.0073071], [-87.7112476, 42.0073695], [-87.7113445, 42.0074736]], [[-87.7113777, 42.0065363], [-87.7113177, 42.0066096], [-87.7112385, 42.0066813], [-87.711083, 42.0068059], [-87.7110654, 42.006826]], [[-87.7110654, 42.006826], [-87.7110222, 42.0068198], [-87.7109789, 42.0067962]], [[-87.7115472, 42.0045397], [-87.7115065, 42.0045432], [-87.7114746, 42.004557], [-87.7114481, 42.0045761], [-87.7114189, 42.0046089], [-87.7114164, 42.004615], [-87.7113941, 42.0046701], [-87.7113746, 42.0046937], [-87.7113362, 42.0047226]], [[-87.71037, 41.9923805], [-87.7103277, 41.9924268], [-87.7103103, 41.9924737], [-87.7103076, 41.9925305], [-87.7102996, 41.992667], [-87.7102714, 41.9928066], [-87.7102674, 41.9928933], [-87.7102701, 41.992978], [-87.7102781, 41.9930338], [-87.7103144, 41.9930724], [-87.7104359, 41.9932439], [-87.7104621, 41.9932992], [-87.7104676, 41.9933331], [-87.7104662, 41.993364], [-87.7104555, 41.9933909], [-87.7103846, 41.9934528]], [[-87.7093494, 41.9924223], [-87.7093034, 41.9924219], [-87.7092114, 41.9924213]], [[-87.7110049, 42.0046621], [-87.7109511, 42.0046111]], [[-87.7108998, 42.0080029], [-87.7109543, 42.0079428], [-87.7110011, 42.0079104]], [[-87.7108488, 42.0090074], [-87.7108668, 42.0089905], [-87.7108907, 42.0089815], [-87.7109322, 42.0089789]], [[-87.7109766, 42.0069459], [-87.7110169, 42.006887], [-87.7110654, 42.006826]]]}}, {"type": "Feature", "properties": {"name": "Thorn Creek Trail", "length_mi": 11.6, "osm_source": "relation"}, "geometry": {"type": "MultiLineString", "coordinates": [[[-87.6560521, 41.491452], [-87.6560426, 41.491521], [-87.6560413, 41.4915304], [-87.6560316, 41.4915975]], [[-87.6560316, 41.4915975], [-87.6559056, 41.4917492], [-87.6558814, 41.491828], [-87.6558683, 41.4920812], [-87.6558605, 41.4921843], [-87.6558573, 41.4922293], [-87.6558515, 41.4923235], [-87.6558446, 41.4924293], [-87.6558299, 41.4927745], [-87.6558387, 41.4929029], [-87.6558381, 41.4930387], [-87.655822, 41.4931727], [-87.6557885, 41.4932773], [-87.6557515, 41.4933531], [-87.6554083, 41.4939623], [-87.6553825, 41.4939991], [-87.6553408, 41.4940447], [-87.6552638, 41.4941043], [-87.6549851, 41.4942691], [-87.6548976, 41.4943134], [-87.654841, 41.4943354], [-87.6537178, 41.494642], [-87.6536412, 41.4946584], [-87.6534839, 41.4946761], [-87.6527737, 41.4947094], [-87.652718, 41.4947195], [-87.652659, 41.4947401], [-87.6525581, 41.4948067], [-87.6525039, 41.4948984], [-87.6525005, 41.4949842], [-87.6525278, 41.4950763], [-87.6525352, 41.4951463], [-87.652518, 41.4952168], [-87.6524772, 41.4952815], [-87.6523554, 41.4954078], [-87.6523223, 41.4954749], [-87.6523136, 41.4955223], [-87.6523542, 41.4958301], [-87.6523, 41.4960155], [-87.6522337, 41.4965088], [-87.6522725, 41.496859], [-87.6522814, 41.4970661], [-87.6523208, 41.4973655], [-87.6523018, 41.4975081], [-87.6522621, 41.497599], [-87.6521061, 41.4978266], [-87.6520498, 41.4979308], [-87.6519931, 41.4979883], [-87.6518759, 41.498069], [-87.6518261, 41.4981301], [-87.651766, 41.4982987], [-87.6514792, 41.4987746]], [[-87.6514792, 41.4987746], [-87.6513165, 41.499025]], [[-87.6513165, 41.499025], [-87.651228, 41.4990867], [-87.6511364, 41.4992089], [-87.6510479, 41.499304], [-87.6510025, 41.4993644], [-87.6509886, 41.4994388], [-87.6509791, 41.4995415], [-87.6509545, 41.4996107], [-87.6508621, 41.4997298], [-87.6505571, 41.5002545], [-87.6504254, 41.5003888], [-87.6503225, 41.5005495], [-87.650221, 41.5006425], [-87.6501303, 41.5007097], [-87.6499294, 41.5008421], [-87.649815, 41.5008954], [-87.6496966, 41.5009363], [-87.6495683, 41.5009662], [-87.6493288, 41.5009931], [-87.6492049, 41.5009923], [-87.6487822, 41.5009866], [-87.6486439, 41.5010137], [-87.6485196, 41.5010668], [-87.6484178, 41.5011422], [-87.6483651, 41.5012037], [-87.6483283, 41.5012699], [-87.6482884, 41.5014101], [-87.6482666, 41.5014403], [-87.6482606, 41.5014486], [-87.6482278, 41.5014938], [-87.6480552, 41.5016508], [-87.6478005, 41.5017763], [-87.6477153, 41.5018501], [-87.6475478, 41.502096], [-87.6473331, 41.5023898]], [[-87.6473331, 41.5023898], [-87.6472838, 41.502437], [-87.6472046, 41.5025249]], [[-87.6472046, 41.5025249], [-87.6470852, 41.5026475], [-87.6468509, 41.5028898], [-87.6467643, 41.5030176], [-87.6466795, 41.5032158]], [[-87.6466795, 41.5032158], [-87.6466525, 41.5032666], [-87.6465889, 41.5033792], [-87.6465387, 41.5034436], [-87.646493, 41.5035293], [-87.6464898, 41.5037206], [-87.6465097, 41.5037907], [-87.6465836, 41.5039482], [-87.6465904, 41.5039958], [-87.6465798, 41.504067], [-87.6465451, 41.5041337], [-87.6464719, 41.5042115]], [[-87.6464719, 41.5042115], [-87.6464413, 41.5042494], [-87.6463767, 41.5043292]], [[-87.6463767, 41.5043292], [-87.6463449, 41.5043655], [-87.6462776, 41.5044242], [-87.6461944, 41.5044795], [-87.6461393, 41.504538], [-87.646087, 41.5046561], [-87.6460382, 41.5047583], [-87.6459801, 41.5048764], [-87.6458685, 41.5050361], [-87.6458254, 41.5051973], [-87.6457965, 41.5052656], [-87.645745, 41.5053259], [-87.6456999, 41.5053597], [-87.645494, 41.5054544], [-87.6454236, 41.5055027], [-87.6453721, 41.505563], [-87.6453283, 41.5056642], [-87.6452755, 41.5057067], [-87.6451715, 41.5057372], [-87.6451056, 41.5057686], [-87.6450532, 41.5058015]], [[-87.6450532, 41.5058015], [-87.6449739, 41.5058608], [-87.6448688, 41.5059614]], [[-87.6448688, 41.5059614], [-87.6448206, 41.5060799], [-87.6448163, 41.5061769]], [[-87.6448163, 41.5061769], [-87.6448755, 41.5063093], [-87.644901, 41.5063857], [-87.6449206, 41.5064509], [-87.6449263, 41.5064784]], [[-87.6449263, 41.5064784], [-87.6449412, 41.5067105], [-87.644951, 41.507082], [-87.6449599, 41.5072015], [-87.6450018, 41.5074188], [-87.6449985, 41.5075144], [-87.6449525, 41.5076534], [-87.644753, 41.5080338], [-87.6446932, 41.5081182], [-87.6445229, 41.508299], [-87.6443821, 41.5085942], [-87.6441473, 41.5089631], [-87.6441331, 41.5090578], [-87.6441514, 41.5091281], [-87.6441933, 41.5091924], [-87.6443011, 41.5092975], [-87.644341, 41.509388], [-87.6443373, 41.5094833], [-87.6442905, 41.5095718], [-87.6442525, 41.5096102], [-87.6441803, 41.509657], [-87.6441243, 41.5096797], [-87.6440326, 41.5096993], [-87.6439373, 41.5097003], [-87.6432459, 41.5096411], [-87.6431037, 41.509652]], [[-87.6431037, 41.509652], [-87.6428415, 41.5097024], [-87.6426068, 41.5097063], [-87.6425194, 41.509698], [-87.6424593, 41.5096822], [-87.6421777, 41.5095692], [-87.6420443, 41.5095574], [-87.6419406, 41.5095794], [-87.6418729, 41.5096129], [-87.6417698, 41.5096703], [-87.6417562, 41.5097428], [-87.6417594, 41.509779]], [[-87.6418036, 41.5100099], [-87.6418156, 41.5099314], [-87.6417812, 41.5098754], [-87.6417692, 41.5098303], [-87.6417594, 41.509779]], [[-87.6418496, 41.5103622], [-87.6418072, 41.5101761], [-87.6418036, 41.5100099]], [[-87.6415442, 41.5104161], [-87.6416865, 41.5103911], [-87.6418496, 41.5103622]], [[-87.6375334, 41.5140034], [-87.6391523, 41.5132124], [-87.6394838, 41.5130552], [-87.6397081, 41.5129367], [-87.6398136, 41.5128451], [-87.639959, 41.5126483], [-87.6401632, 41.5125009], [-87.6402478, 41.5124267], [-87.6403036, 41.5123356], [-87.6403252, 41.5122505], [-87.6403335, 41.5121516], [-87.6403181, 41.5120498], [-87.6402759, 41.5119727], [-87.6400881, 41.5116935], [-87.6399594, 41.5114424], [-87.6399111, 41.511348], [-87.6399138, 41.5112396], [-87.6398762, 41.5111271], [-87.6398721, 41.5110839], [-87.6398825, 41.5110237], [-87.6399227, 41.510959], [-87.6399835, 41.5108881], [-87.6401632, 41.5107294], [-87.6403376, 41.5105868], [-87.6404288, 41.5105205], [-87.6405468, 41.5104763], [-87.6409652, 41.5103659], [-87.6410796, 41.5103306], [-87.6411744, 41.5102835], [-87.6412968, 41.5102403], [-87.6413925, 41.5102341], [-87.6414465, 41.5102378], [-87.6415006, 41.5102538], [-87.6415249, 41.5102967], [-87.6415346, 41.5103564], [-87.6415442, 41.5104161]], [[-87.6358033, 41.5148232], [-87.6358395, 41.5148058], [-87.6362045, 41.5146533], [-87.6370164, 41.5142517], [-87.6374066, 41.5140855], [-87.6375334, 41.5140034]], [[-87.6354972, 41.5149743], [-87.6356179, 41.5149147], [-87.6357549, 41.5148471], [-87.6358033, 41.5148232]], [[-87.6333487, 41.5150998], [-87.6338771, 41.51515], [-87.6348454, 41.5151556], [-87.6350825, 41.5151451], [-87.6352012, 41.5151196], [-87.6354972, 41.5149743]], [[-87.6305906, 41.5201053], [-87.6306609, 41.5200452], [-87.6308114, 41.5199639], [-87.6308615, 41.5199498], [-87.6309364, 41.5199387], [-87.6313439, 41.5199476], [-87.6315773, 41.5199405], [-87.6316891, 41.5199191], [-87.6317782, 41.51989], [-87.6318713, 41.5198023], [-87.6319068, 41.5197231], [-87.6319179, 41.5195754], [-87.6319028, 41.519472], [-87.6318285, 41.5192641], [-87.6318532, 41.5191321], [-87.6318756, 41.5185071], [-87.6319035, 41.5182594], [-87.631919, 41.5180187], [-87.6319889, 41.5178389], [-87.632013, 41.5177126], [-87.6319862, 41.517568], [-87.6319647, 41.5174636], [-87.6319701, 41.5173773], [-87.632005, 41.517305], [-87.6320619, 41.5171968], [-87.6320962, 41.5170901], [-87.6321069, 41.5170279], [-87.6321546, 41.5169703], [-87.6322197, 41.5169109], [-87.6323107, 41.5168772], [-87.6324985, 41.516829], [-87.6328625, 41.5167398], [-87.6329501, 41.5167011], [-87.6329904, 41.5166738], [-87.6330306, 41.5166279], [-87.6330682, 41.5165371], [-87.6330644, 41.5157344], [-87.6330145, 41.515458], [-87.6329978, 41.5153504], [-87.6330341, 41.5152613], [-87.6331106, 41.5151675], [-87.633212, 41.5151199], [-87.6333487, 41.5150998]], [[-87.6304167, 41.5202466], [-87.6305012, 41.5201779], [-87.6305184, 41.5201639], [-87.6305906, 41.5201053]], [[-87.6272703, 41.5205752], [-87.6282354, 41.5205837], [-87.6283816, 41.5205566], [-87.6284788, 41.5205326], [-87.6286152, 41.5205116], [-87.629769, 41.5205089], [-87.6299707, 41.5204877], [-87.6301265, 41.5204348], [-87.6302471, 41.5203824], [-87.6303636, 41.5203023], [-87.6304167, 41.5202466]], [[-87.6272714, 41.5205928], [-87.6272703, 41.5205752]], [[-87.6272774, 41.5207956], [-87.6272746, 41.520701], [-87.6272714, 41.5205928]], [[-87.6272642, 41.5209251], [-87.6272774, 41.5207956]], [[-87.6254135, 41.5209893], [-87.6257601, 41.5210015], [-87.6258658, 41.5210024], [-87.6261591, 41.5209431], [-87.6263671, 41.5209266], [-87.6270358, 41.5209255], [-87.6272642, 41.5209251]], [[-87.6249092, 41.5209532], [-87.6254135, 41.5209893]], [[-87.6226441, 41.530168], [-87.6226803, 41.5293267], [-87.6226482, 41.5281621], [-87.622616, 41.5257786], [-87.6225719, 41.5233443], [-87.6226401, 41.5231381], [-87.6228807, 41.5229461], [-87.6235681, 41.5218006], [-87.623776, 41.5216323], [-87.6238511, 41.5215159], [-87.6239168, 41.5213187], [-87.6239973, 41.5211741], [-87.624244, 41.5209974], [-87.6244197, 41.5209335], [-87.6246772, 41.5209295], [-87.6249092, 41.5209532]], [[-87.6226429, 41.5304547], [-87.6226441, 41.530168]], [[-87.622743, 41.534653], [-87.6226744, 41.532833], [-87.6226433, 41.5304877], [-87.6226429, 41.5304547]], [[-87.6227905, 41.5351884], [-87.622743, 41.534653]], [[-87.6236754, 41.5431925], [-87.6235979, 41.5425106], [-87.6232716, 41.5395865], [-87.6231237, 41.5382948], [-87.622855, 41.5357946], [-87.6227905, 41.5351884]], [[-87.6240037, 41.5460372], [-87.6238988, 41.545106], [-87.6236754, 41.5431925]], [[-87.6240285, 41.5462892], [-87.6240037, 41.5460372]], [[-87.6241836, 41.5476721], [-87.6240285, 41.5462892]], [[-87.6218715, 41.5478137], [-87.6222398, 41.5478213], [-87.622694, 41.5478131], [-87.6241836, 41.5476721]], [[-87.6218505, 41.547967], [-87.6218583, 41.5479051], [-87.6218715, 41.5478137]], [[-87.619796, 41.549814], [-87.6199834, 41.5496234], [-87.6200905, 41.549464], [-87.6202076, 41.5493603], [-87.6204541, 41.5491966], [-87.6206975, 41.5490721], [-87.6210826, 41.5489153], [-87.6214062, 41.5488023], [-87.6214504, 41.548656], [-87.6215621, 41.5485493], [-87.6216792, 41.5484779], [-87.6217358, 41.5484172], [-87.6217967, 41.5483503], [-87.6218148, 41.5482782], [-87.6218505, 41.547967]], [[-87.6195587, 41.5499075], [-87.6196482, 41.5498755], [-87.619767, 41.5498261], [-87.619796, 41.549814]], [[-87.6137861, 41.5499448], [-87.6142659, 41.549975], [-87.6147757, 41.5498702], [-87.6161033, 41.5498603], [-87.6163756, 41.5498938], [-87.6166746, 41.5499548], [-87.6170183, 41.5500153], [-87.6172339, 41.5501111], [-87.6175573, 41.5502624], [-87.6177325, 41.5502876], [-87.6179886, 41.5502473], [-87.6182177, 41.5502019], [-87.6184468, 41.5502271], [-87.6186826, 41.5501968], [-87.619006, 41.5501262], [-87.6193739, 41.5499728], [-87.6195073, 41.5499259], [-87.6195587, 41.5499075]], [[-87.6101824, 41.5499705], [-87.6137861, 41.5499448]], [[-87.5999835, 41.5584892], [-87.6003841, 41.5586009], [-87.6005576, 41.5586594], [-87.6006426, 41.5587383], [-87.6007752, 41.5588427], [-87.6009521, 41.558891], [-87.6011562, 41.5588936], [-87.6012888, 41.5588427], [-87.6014215, 41.5587536], [-87.6015065, 41.5586085], [-87.6016595, 41.5585042], [-87.6018636, 41.5583438], [-87.6020949, 41.5581708], [-87.6022412, 41.5580639], [-87.6023126, 41.5579824], [-87.6023466, 41.5578806], [-87.602367, 41.5578017], [-87.6023296, 41.5576974], [-87.6022548, 41.5575421], [-87.6022173, 41.5573589], [-87.6022071, 41.5571884], [-87.6021901, 41.5570306], [-87.6021867, 41.5569211], [-87.6021799, 41.5567353], [-87.6021935, 41.5566183], [-87.6021969, 41.5565139], [-87.6021765, 41.5564223], [-87.6021629, 41.5562772], [-87.6021391, 41.5561601], [-87.6021187, 41.5560609], [-87.6021493, 41.5559616], [-87.6021901, 41.55587], [-87.6022378, 41.55573], [-87.6022888, 41.5555162], [-87.6022854, 41.5553584], [-87.6022752, 41.5551548], [-87.602265, 41.554997], [-87.6022752, 41.5548265], [-87.6022752, 41.5546814], [-87.6022718, 41.5544345], [-87.602299, 41.5541673], [-87.6023024, 41.5539509], [-87.6022718, 41.5537575], [-87.602248, 41.5535692], [-87.6022922, 41.5534521], [-87.6024044, 41.5533452], [-87.6025847, 41.5532688], [-87.6028296, 41.5532637], [-87.6031255, 41.5532841], [-87.6033023, 41.5532994], [-87.603486, 41.5532943], [-87.6037241, 41.5532714], [-87.6037921, 41.553195], [-87.6038465, 41.5530779], [-87.6038805, 41.5529303], [-87.6039077, 41.552803], [-87.6039486, 41.5526859], [-87.6040166, 41.552602], [-87.6041084, 41.5525103], [-87.6042411, 41.552434], [-87.6043873, 41.5523754], [-87.6045097, 41.5523271], [-87.6045914, 41.5522609], [-87.6046322, 41.5521794], [-87.604656, 41.5520624], [-87.6046628, 41.5519605], [-87.6046696, 41.5518511], [-87.6046866, 41.5517671], [-87.6047172, 41.5517111], [-87.6047546, 41.5516678], [-87.6048465, 41.5516398], [-87.6050131, 41.5516144], [-87.6051696, 41.5516322], [-87.6053566, 41.5516653], [-87.6055437, 41.5517136], [-87.6056355, 41.5517213], [-87.605707, 41.5517162], [-87.6057852, 41.5516857], [-87.605843, 41.5516551], [-87.6060029, 41.5515966], [-87.6061457, 41.5515838], [-87.6061984, 41.5515792], [-87.6069008, 41.5515278], [-87.6070436, 41.5515228], [-87.6071049, 41.5515151], [-87.6072341, 41.5515329], [-87.6073327, 41.5515762], [-87.6074144, 41.5516475], [-87.6075266, 41.5518027], [-87.6076048, 41.5519045], [-87.6077069, 41.552007], [-87.6078637, 41.5520983], [-87.6079294, 41.5521421], [-87.6080321, 41.552172], [-87.6081665, 41.5521881], [-87.6082586, 41.5521773], [-87.6083714, 41.5521466], [-87.6084829, 41.5520984], [-87.6087007, 41.5519798], [-87.6089291, 41.5518102], [-87.6091837, 41.5516958], [-87.6092904, 41.5516057], [-87.6093667, 41.5515177], [-87.6094177, 41.5514057], [-87.6094653, 41.5512479], [-87.6095061, 41.5508686], [-87.6095639, 41.5505962], [-87.6096013, 41.5503773], [-87.609649, 41.5502501], [-87.6097238, 41.5501101], [-87.609853, 41.5499955], [-87.6101824, 41.5499705]], [[-87.5993714, 41.55743], [-87.5993874, 41.55757], [-87.5994774, 41.5577087], [-87.5996185, 41.5578654], [-87.599572, 41.5581047], [-87.5997254, 41.5583523], [-87.5999835, 41.5584892]], [[-87.599366, 41.5572644], [-87.599366, 41.5573451], [-87.5993714, 41.55743]], [[-87.59671, 41.5552792], [-87.5969064, 41.5553534], [-87.5969738, 41.55539], [-87.5970223, 41.5554456], [-87.5970985, 41.5555717], [-87.59715, 41.5556639], [-87.5972137, 41.5557731], [-87.5973026, 41.555871], [-87.5973967, 41.5559582], [-87.5974827, 41.5560391], [-87.5975569, 41.5560736], [-87.5976183, 41.5560868], [-87.5976718, 41.5560842], [-87.5978044, 41.5560574], [-87.5979094, 41.5560392], [-87.597991, 41.5560435], [-87.5980957, 41.5560656], [-87.5982176, 41.5561081], [-87.5982878, 41.5561369], [-87.5983739, 41.5561849], [-87.5984279, 41.5562427], [-87.5984889, 41.5563393], [-87.5985526, 41.556456], [-87.5986316, 41.5565414], [-87.5987358, 41.5566023], [-87.5988441, 41.5566517], [-87.5989827, 41.5566915], [-87.5990927, 41.5567395], [-87.599196, 41.5568017], [-87.5992862, 41.5569128], [-87.5993244, 41.5569846], [-87.5993561, 41.5570575], [-87.5993639, 41.5571348], [-87.599366, 41.5572644]], [[-87.5965949, 41.555233], [-87.5966435, 41.5552525], [-87.59671, 41.5552792]], [[-87.5922606, 41.5440794], [-87.5923514, 41.5439773], [-87.5923897, 41.5438266], [-87.5923897, 41.54303], [-87.5924583, 41.5428437], [-87.5926472, 41.5427409], [-87.5946259, 41.5427534], [-87.5967843, 41.5427633], [-87.5969301, 41.5427923], [-87.5970225, 41.5428545], [-87.5971028, 41.542934], [-87.5971263, 41.5431642], [-87.5971704, 41.5458629], [-87.5971489, 41.5460656], [-87.5970845, 41.5461764], [-87.5969773, 41.5462829], [-87.5968657, 41.5464727], [-87.5968443, 41.5467045], [-87.5967413, 41.5480213], [-87.5968014, 41.5488114], [-87.5969129, 41.5493445], [-87.5970245, 41.5498199], [-87.5971189, 41.5500575], [-87.5971103, 41.5508605], [-87.5970588, 41.5525883], [-87.5969301, 41.5537509], [-87.5964401, 41.5550228], [-87.5964233, 41.5550777], [-87.5964283, 41.5551199], [-87.5964652, 41.5551641], [-87.5965095, 41.555196], [-87.5965949, 41.555233]], [[-87.5829753, 41.5426923], [-87.5830736, 41.5426921], [-87.5833981, 41.5427262], [-87.5838326, 41.5427302], [-87.5841894, 41.5427443], [-87.5849753, 41.5428105], [-87.5852462, 41.5427945], [-87.5854071, 41.5428065], [-87.585457, 41.5428207], [-87.5857451, 41.5429029], [-87.5862627, 41.5431338], [-87.5867935, 41.5434347], [-87.5871111, 41.5437688], [-87.5874616, 41.5439635], [-87.5877112, 41.5440375], [-87.5879484, 41.5440653], [-87.5880586, 41.5440761], [-87.5903823, 41.5443351], [-87.5906564, 41.544357], [-87.5909539, 41.5443397], [-87.5916697, 41.5442778], [-87.5920551, 41.5441789], [-87.5922606, 41.5440794]], [[-87.5820513, 41.5426908], [-87.5829753, 41.5426923]], [[-87.5788464, 41.54279], [-87.5793708, 41.5427185], [-87.5797811, 41.5427198], [-87.5812059, 41.5427245], [-87.5815514, 41.5427237], [-87.5818821, 41.5427008], [-87.5820513, 41.5426908]], [[-87.5781515, 41.5427386], [-87.5782771, 41.5427382], [-87.5788464, 41.54279]], [[-87.5780542, 41.5427389], [-87.5781515, 41.5427386]], [[-87.5779523, 41.5427363], [-87.5780542, 41.5427389]], [[-87.576777, 41.5427454], [-87.5769327, 41.5427137], [-87.5771499, 41.5427197], [-87.5776686, 41.5427289], [-87.5779523, 41.5427363]], [[-87.5615529, 41.5473946], [-87.5616803, 41.5474909], [-87.5619391, 41.5476134], [-87.5622945, 41.5476967], [-87.5627022, 41.5477438], [-87.5630938, 41.5477408], [-87.564097, 41.5477298], [-87.5648882, 41.5477187], [-87.5651886, 41.5476866], [-87.5653616, 41.5476485], [-87.5655601, 41.5475873], [-87.5658458, 41.5474688], [-87.5660617, 41.5473323], [-87.566177, 41.5472312], [-87.5663795, 41.5470172], [-87.5666061, 41.5466595], [-87.5671469, 41.5458244], [-87.5673958, 41.5455996], [-87.5676871, 41.5455146], [-87.5679124, 41.5455116], [-87.568433, 41.5455206], [-87.5686661, 41.5455246], [-87.5688981, 41.5455216], [-87.5691073, 41.5455006], [-87.5714824, 41.544943], [-87.571646, 41.5448707], [-87.5717731, 41.5447452], [-87.5718075, 41.5444754], [-87.5718933, 41.5442441], [-87.5720162, 41.544138], [-87.5722023, 41.5440321], [-87.5725499, 41.5439031], [-87.5728546, 41.5437431], [-87.5735842, 41.5432677], [-87.5738642, 41.5431804], [-87.5741764, 41.5431199], [-87.5749291, 41.5430379], [-87.575326, 41.5429857], [-87.5759853, 41.5429047], [-87.5764177, 41.5428442], [-87.576777, 41.5427454]], [[-87.5593178, 41.5449688], [-87.5596624, 41.5452398], [-87.5598777, 41.5455553], [-87.5601917, 41.545834], [-87.5606581, 41.5461456], [-87.5613933, 41.5463979], [-87.5614456, 41.546429], [-87.561455, 41.5464822], [-87.561451, 41.5470955], [-87.561451, 41.5471667], [-87.5614845, 41.5472731], [-87.5615529, 41.5473946]], [[-87.5587209, 41.5450746], [-87.55904, 41.5450325], [-87.5593178, 41.5449688]], [[-87.5585574, 41.5450698], [-87.5586422, 41.5450724], [-87.5587209, 41.5450746]], [[-87.5582839, 41.5456434], [-87.5582324, 41.5454843], [-87.558238, 41.5453621], [-87.5583045, 41.5452661], [-87.5583842, 41.5450685], [-87.5585574, 41.5450698]], [[-87.5583617, 41.5457719], [-87.5582839, 41.5456434]], [[-87.5584073, 41.5462798], [-87.5584073, 41.5459064], [-87.5583617, 41.5457719]], [[-87.5543237, 41.554117], [-87.5545727, 41.5538023], [-87.5549503, 41.5536224], [-87.5555855, 41.5536096], [-87.5569244, 41.5535967], [-87.5575939, 41.553571], [-87.5579286, 41.5533719], [-87.5582119, 41.5528516], [-87.5581861, 41.5524277], [-87.5581003, 41.5518753], [-87.5581003, 41.5508926], [-87.5580231, 41.5499226], [-87.5579801, 41.549184], [-87.5579862, 41.549054], [-87.5580399, 41.5488733], [-87.5581861, 41.5483489], [-87.5583403, 41.5478134], [-87.5584073, 41.5474381], [-87.5584261, 41.547163], [-87.5584207, 41.5468559], [-87.5584073, 41.5462798]], [[-87.5532531, 41.5570697], [-87.5534036, 41.5569391], [-87.5535255, 41.5568081], [-87.5536893, 41.5566922], [-87.5539289, 41.5566219], [-87.5541922, 41.5564775], [-87.5542753, 41.5563891], [-87.5543066, 41.5562943], [-87.5542551, 41.5559539], [-87.5541263, 41.5552667], [-87.5541693, 41.554785], [-87.5543237, 41.554117]]]}}, {"type": "Feature", "properties": {"name": "Virgil L. Gilman Trail", "length_mi": 11.3, "osm_source": "relation"}, "geometry": {"type": "MultiLineString", "coordinates": [[[-88.2895303, 41.7250977], [-88.2894668, 41.7250761], [-88.28806, 41.7245978], [-88.2863546, 41.724018], [-88.2856453, 41.7237657], [-88.2851337, 41.7235468]], [[-88.2896987, 41.7251543], [-88.2895303, 41.7250977]], [[-88.3063402, 41.7308318], [-88.3061052, 41.730736], [-88.3041618, 41.7300774], [-88.3030898, 41.7297182], [-88.3015277, 41.729193], [-88.300344, 41.7287667], [-88.2990978, 41.7283499], [-88.298006, 41.7279795], [-88.2966201, 41.7275018], [-88.2955214, 41.7271303], [-88.2946812, 41.726856], [-88.2910856, 41.7256176], [-88.2903376, 41.7253801], [-88.2896987, 41.7251543]], [[-88.3066386, 41.7309214], [-88.3065082, 41.7308822], [-88.3063402, 41.7308318]], [[-88.310368, 41.7321852], [-88.3103426, 41.7321737], [-88.3073336, 41.7311603], [-88.3066386, 41.7309214]], [[-88.3105223, 41.7322468], [-88.3104498, 41.7322221], [-88.310368, 41.7321852]], [[-88.3131825, 41.7331555], [-88.3105223, 41.7322468]], [[-88.3133446, 41.7332171], [-88.3132603, 41.7331851], [-88.3131825, 41.7331555]], [[-88.3163524, 41.7342354], [-88.3133654, 41.7332241], [-88.3133446, 41.7332171]], [[-88.3164813, 41.7342758], [-88.3164154, 41.734257], [-88.3163524, 41.7342354]], [[-88.3176608, 41.7347418], [-88.3172739, 41.7345751], [-88.3168915, 41.7344192], [-88.3165273, 41.734289], [-88.3164813, 41.7342758]], [[-88.3186689, 41.7353497], [-88.3186438, 41.735309], [-88.3184294, 41.7351709], [-88.318009, 41.7349195], [-88.3178857, 41.7348527], [-88.3177873, 41.7347993], [-88.3176608, 41.7347418]], [[-88.3187146, 41.7354211], [-88.3186872, 41.7353797], [-88.3186689, 41.7353497]], [[-88.3201305, 41.7370381], [-88.3201162, 41.737038], [-88.320102, 41.7370379], [-88.3200641, 41.7370349], [-88.3200312, 41.7370089], [-88.3199697, 41.7368738], [-88.3199067, 41.7367588], [-88.3197287, 41.7365331], [-88.3196166, 41.7364066], [-88.3194089, 41.7362484], [-88.3191514, 41.7360442], [-88.3190495, 41.7359361], [-88.3190211, 41.7358937], [-88.3190196, 41.735809], [-88.3190056, 41.7357508], [-88.3189902, 41.7357082], [-88.3189369, 41.7356479], [-88.3187315, 41.7354472], [-88.3187146, 41.7354211]], [[-88.3202854, 41.7370398], [-88.3202059, 41.7370388], [-88.3201305, 41.7370381]], [[-88.3203935, 41.73722], [-88.3203889, 41.7370569], [-88.3203817, 41.7370458], [-88.3203648, 41.7370409], [-88.3203295, 41.7370404], [-88.3202854, 41.7370398]], [[-88.3204013, 41.7373131], [-88.3203972, 41.7372646], [-88.3203935, 41.73722]], [[-88.3207657, 41.7380896], [-88.3207531, 41.7380754], [-88.3207432, 41.7380519], [-88.3206642, 41.7378656], [-88.3205269, 41.7376211], [-88.3204373, 41.73746], [-88.3204039, 41.7373646], [-88.3204013, 41.7373131]], [[-88.3208712, 41.7382062], [-88.3208144, 41.7381442], [-88.3207657, 41.7380896]], [[-88.3223966, 41.7416067], [-88.3223703, 41.7415458], [-88.3223662, 41.7415363], [-88.3220959, 41.7410359], [-88.3220053, 41.7408997], [-88.3217926, 41.7404713], [-88.3215756, 41.7399492], [-88.3215279, 41.739845], [-88.3213187, 41.7394587], [-88.321293, 41.7393685], [-88.3212835, 41.7391807], [-88.3212497, 41.7390425], [-88.3211899, 41.7388743], [-88.3211009, 41.7387135], [-88.3209698, 41.7385472], [-88.3209098, 41.7384183], [-88.3208752, 41.7382279], [-88.3208712, 41.7382062]], [[-88.3225581, 41.7418499], [-88.3225112, 41.7418004], [-88.3224398, 41.7417083], [-88.3224197, 41.7416572], [-88.3223966, 41.7416067]], [[-88.3229518, 41.7422426], [-88.3229405, 41.7422344], [-88.3229244, 41.7422227], [-88.322904, 41.7422078], [-88.3227081, 41.7420084], [-88.3225717, 41.7418643], [-88.3225581, 41.7418499]], [[-88.3230915, 41.7423424], [-88.3230157, 41.7422904], [-88.3229518, 41.7422426]], [[-88.3241886, 41.7429171], [-88.3241118, 41.7428875], [-88.3236736, 41.7426729], [-88.3232284, 41.7424247], [-88.3231174, 41.7423605], [-88.3231001, 41.7423484], [-88.3230915, 41.7423424]], [[-88.3261691, 41.7438403], [-88.3261342, 41.7438318], [-88.326033, 41.7437958], [-88.3257175, 41.7436335], [-88.3250577, 41.7433173], [-88.3246607, 41.7431372], [-88.3242614, 41.7429511], [-88.3241886, 41.7429171]], [[-88.3263279, 41.7438864], [-88.3262433, 41.7438619], [-88.3261691, 41.7438403]], [[-88.32697, 41.7441501], [-88.3267957, 41.7440809], [-88.3265255, 41.7439601], [-88.3263601, 41.7438971], [-88.3263279, 41.7438864]], [[-88.3271251, 41.7442259], [-88.32697, 41.7441501]], [[-88.3279654, 41.7445871], [-88.3271251, 41.7442259]], [[-88.3291962, 41.7451165], [-88.3279654, 41.7445871]], [[-88.3293881, 41.745199], [-88.3291962, 41.7451165]], [[-88.3296108, 41.7452929], [-88.3293881, 41.745199]], [[-88.3302794, 41.7455849], [-88.3296108, 41.7452929]], [[-88.3317112, 41.746464], [-88.3314984, 41.7463603], [-88.331337, 41.746259], [-88.3307531, 41.7458428], [-88.3306192, 41.745756], [-88.3304914, 41.7456849], [-88.3302794, 41.7455849]], [[-88.3318837, 41.7465534], [-88.3317112, 41.746464]], [[-88.3325316, 41.7468893], [-88.3318837, 41.7465534]], [[-88.3326547, 41.7469555], [-88.3325316, 41.7468893]], [[-88.3340889, 41.7477131], [-88.3338469, 41.7475783], [-88.333495, 41.7473862], [-88.3326547, 41.7469555]], [[-88.3342572, 41.7478409], [-88.3340889, 41.7477131]], [[-88.3344243, 41.7479528], [-88.3342572, 41.7478409]], [[-88.3376812, 41.7480599], [-88.3376285, 41.7480901], [-88.3375429, 41.748119], [-88.3371883, 41.7482083], [-88.3367051, 41.7483291], [-88.3365655, 41.7483435], [-88.336408, 41.7483379], [-88.3360288, 41.7483301], [-88.3357821, 41.74834], [-88.3354519, 41.7483532], [-88.3353143, 41.7483529], [-88.3352069, 41.7483319], [-88.3350247, 41.7482792], [-88.3347052, 41.7481226], [-88.3344243, 41.7479528]], [[-88.3377335, 41.7475022], [-88.3377241, 41.7475671], [-88.3377084, 41.7476756], [-88.337743, 41.7478011], [-88.337754, 41.7479115], [-88.3377341, 41.7479949], [-88.3376812, 41.7480599]], [[-88.3445557, 41.7473907], [-88.3444396, 41.7473924], [-88.341629, 41.747434], [-88.3415177, 41.7474368], [-88.3400709, 41.7474962], [-88.3397787, 41.7475085], [-88.3393015, 41.7475019], [-88.3392447, 41.7475024], [-88.3379649, 41.747514], [-88.3378558, 41.7475143], [-88.3377335, 41.7475022]], [[-88.3445557, 41.7473907], [-88.3445584, 41.7469245], [-88.3445605, 41.7465624], [-88.3445621, 41.7462862], [-88.3445638, 41.7459874]], [[-88.3448282, 41.7460273], [-88.3447817, 41.7460034], [-88.3447066, 41.7459876], [-88.3445638, 41.7459874]], [[-88.346665, 41.7455849], [-88.3461977, 41.7456731], [-88.3459901, 41.7457151], [-88.3458946, 41.7457132], [-88.345603, 41.745671], [-88.3454896, 41.7456475], [-88.3454347, 41.7456436], [-88.3453929, 41.7456635], [-88.3453131, 41.7457214], [-88.3452724, 41.7457743], [-88.3452226, 41.745825], [-88.3451637, 41.7458925], [-88.3450718, 41.74596], [-88.3450022, 41.7460102], [-88.3449361, 41.7460328], [-88.3448942, 41.7460404], [-88.3448656, 41.7460371], [-88.3448282, 41.7460273]], [[-88.3586217, 41.7461888], [-88.3585627, 41.7461961], [-88.3584709, 41.7462187], [-88.3583618, 41.7462446], [-88.3582918, 41.746245], [-88.3582626, 41.7462265], [-88.3582261, 41.7462023], [-88.3581751, 41.7461392], [-88.3581188, 41.7460969], [-88.3580348, 41.7460594], [-88.3578556, 41.7460225], [-88.3575083, 41.7459797], [-88.3573917, 41.7459458], [-88.3571552, 41.7458742], [-88.3570241, 41.7458077], [-88.3568489, 41.7457429], [-88.3566693, 41.7456956], [-88.3562536, 41.7456387], [-88.3560942, 41.7456252], [-88.3558313, 41.7456148], [-88.3553913, 41.7455611], [-88.3550014, 41.7455105], [-88.3543389, 41.7454299], [-88.3540581, 41.7453835], [-88.3537915, 41.7453309], [-88.353688, 41.7453108], [-88.3535949, 41.7453064], [-88.3531369, 41.7452895], [-88.3526638, 41.7453056], [-88.3516564, 41.7453424], [-88.3509479, 41.7453278], [-88.3496397, 41.7453821], [-88.3495182, 41.7453936], [-88.3493892, 41.7454058], [-88.348893, 41.7454779], [-88.3485676, 41.7455207], [-88.3476356, 41.7455044], [-88.3471284, 41.7455372], [-88.346665, 41.7455849]], [[-88.3594912, 41.7464827], [-88.3592306, 41.7463995], [-88.3591184, 41.746374], [-88.359051, 41.7463315], [-88.3589435, 41.7462793], [-88.3587932, 41.7462293], [-88.3586217, 41.7461888]], [[-88.3748026, 41.7507251], [-88.3747745, 41.7507211], [-88.3744876, 41.7506068], [-88.3741152, 41.7504594], [-88.3736845, 41.7503186], [-88.3731637, 41.7501803], [-88.3729931, 41.7501443], [-88.3727189, 41.7501101], [-88.3721748, 41.7500149], [-88.3718551, 41.7499433], [-88.3712356, 41.7497609], [-88.3710556, 41.7497093], [-88.3708153, 41.7496517], [-88.3704919, 41.7496296], [-88.3702023, 41.7495787], [-88.369872, 41.7495029], [-88.3696281, 41.7494369], [-88.3692037, 41.7492835], [-88.3690336, 41.7491904], [-88.3689748, 41.7491715], [-88.3688769, 41.7491627], [-88.368726, 41.7491555], [-88.3685971, 41.7491291], [-88.3684318, 41.7491256], [-88.3682653, 41.7491155], [-88.3681843, 41.749095], [-88.3680771, 41.7490412], [-88.3679955, 41.7490066], [-88.3678926, 41.74899], [-88.3676445, 41.7489795], [-88.3675012, 41.7489637], [-88.3672812, 41.7489192], [-88.3669842, 41.7488355], [-88.3667908, 41.7487646], [-88.3665981, 41.748687], [-88.3664592, 41.7486368], [-88.3663553, 41.7486123], [-88.3660786, 41.7485908], [-88.3658987, 41.7485552], [-88.3657987, 41.7485244], [-88.3657014, 41.748483], [-88.3655789, 41.7484193], [-88.3654586, 41.7483545], [-88.3652798, 41.7482664], [-88.3649485, 41.7481072], [-88.3648018, 41.748049], [-88.3646404, 41.7479977], [-88.364333, 41.7479311], [-88.3634992, 41.7477481], [-88.363093, 41.7476419], [-88.3626107, 41.7474542], [-88.3621808, 41.7472925], [-88.361896, 41.7472023], [-88.3615744, 41.7470921], [-88.3612208, 41.7470067], [-88.3606862, 41.7468364], [-88.3603899, 41.7467368], [-88.3600482, 41.7466497], [-88.3599674, 41.7465936], [-88.3599557, 41.7465564], [-88.3599417, 41.7465121], [-88.3599104, 41.7464817], [-88.3598589, 41.7464573], [-88.3598096, 41.7464525], [-88.3597538, 41.7464617], [-88.3596472, 41.7465224], [-88.3595736, 41.7465082], [-88.3595322, 41.7464949], [-88.3594912, 41.7464827]], [[-88.3753364, 41.7507651], [-88.3752201, 41.750746], [-88.3751095, 41.7507404], [-88.3750515, 41.7507393], [-88.374964, 41.7507346], [-88.3748026, 41.7507251]], [[-88.3760782, 41.7509547], [-88.3759978, 41.750924], [-88.3757562, 41.7508663], [-88.3753364, 41.7507651]], [[-88.3759994, 41.7516596], [-88.3760071, 41.751521], [-88.3760484, 41.7514328], [-88.3761059, 41.7513266], [-88.3761614, 41.7512209], [-88.3761806, 41.751142], [-88.37617, 41.7510718], [-88.3761457, 41.7510135], [-88.3760983, 41.7509726], [-88.3760782, 41.7509547]], [[-88.3760237, 41.7518862], [-88.3760073, 41.7517551], [-88.3759994, 41.7516596]], [[-88.3766654, 41.7518764], [-88.3766106, 41.7518535], [-88.3764621, 41.751853], [-88.3762371, 41.7518621], [-88.3760732, 41.7518897], [-88.3760237, 41.7518862]], [[-88.3791391, 41.7536001], [-88.3787868, 41.7533491], [-88.3785221, 41.7531989], [-88.378349, 41.7531052], [-88.3781401, 41.7529716], [-88.3777102, 41.7526168], [-88.3776413, 41.7525654], [-88.3774592, 41.7524535], [-88.3772642, 41.7523193], [-88.3771423, 41.7522157], [-88.3770891, 41.7521723], [-88.3770405, 41.7521343], [-88.3768753, 41.7520366], [-88.3767147, 41.7519122], [-88.3766654, 41.7518764]], [[-88.3792888, 41.7537123], [-88.3791391, 41.7536001]], [[-88.3820523, 41.7558458], [-88.382002, 41.7558062], [-88.3814866, 41.7554141], [-88.3809166, 41.7550771], [-88.3805344, 41.7548134], [-88.3803021, 41.75463], [-88.3798664, 41.7542756], [-88.3794891, 41.7538941], [-88.3792888, 41.7537123]], [[-88.382221, 41.7559786], [-88.3820523, 41.7558458]], [[-88.3880815, 41.7604783], [-88.3873924, 41.7599851], [-88.3873785, 41.7599692], [-88.3872517, 41.7598332], [-88.3871728, 41.7597667], [-88.3864112, 41.7591327], [-88.3860455, 41.7588964], [-88.3858331, 41.7587628], [-88.3856614, 41.7586047], [-88.3853165, 41.7582567], [-88.3851359, 41.7581242], [-88.3850591, 41.7580828], [-88.3847804, 41.7579324], [-88.3844968, 41.7577996], [-88.3843076, 41.7576638], [-88.384097, 41.7574903], [-88.3838583, 41.7572194], [-88.3836435, 41.7569936], [-88.3834262, 41.7568277], [-88.3830681, 41.7566171], [-88.383008, 41.7565817], [-88.3826249, 41.7563071], [-88.382221, 41.7559786]], [[-88.3882973, 41.7606386], [-88.3880815, 41.7604783]], [[-88.3909509, 41.7627146], [-88.3904952, 41.7623372], [-88.3896641, 41.7616915], [-88.389345, 41.7614473], [-88.3888459, 41.7610365], [-88.3886452, 41.7608707], [-88.3882973, 41.7606386]], [[-88.3915303, 41.7638646], [-88.3914963, 41.7638626], [-88.3914186, 41.7638583], [-88.3913912, 41.7638468], [-88.3914237, 41.7638154], [-88.3914489, 41.7637631], [-88.3914516, 41.7637153], [-88.3914381, 41.7636321], [-88.3914382, 41.7635039], [-88.3914395, 41.7633773], [-88.3914387, 41.7632767], [-88.3914287, 41.7632084], [-88.3914035, 41.7631717], [-88.3912848, 41.7630478], [-88.3911558, 41.7628863], [-88.3909509, 41.7627146]], [[-88.3917137, 41.7638771], [-88.3916446, 41.7638712], [-88.3915303, 41.7638646]], [[-88.3923935, 41.7638647], [-88.392375, 41.7638543], [-88.3923377, 41.7638394], [-88.3922527, 41.7638169], [-88.392105, 41.763794], [-88.3919252, 41.7637775], [-88.3918872, 41.76378], [-88.391842, 41.7637933], [-88.3917674, 41.7638483], [-88.3917322, 41.7638742], [-88.3917137, 41.7638771]], [[-88.392516, 41.7639329], [-88.3924944, 41.7639201], [-88.3924787, 41.7639113], [-88.3924216, 41.7638798], [-88.3923935, 41.7638647]], [[-88.3930896, 41.7643237], [-88.3925698, 41.7639657], [-88.3925224, 41.7639366], [-88.392516, 41.7639329]], [[-88.3975732, 41.7670696], [-88.3975172, 41.7669371], [-88.3974206, 41.7668387], [-88.3973468, 41.7667795], [-88.3972688, 41.766748], [-88.3971484, 41.766711], [-88.3970305, 41.7666918], [-88.3968681, 41.7667073], [-88.3966469, 41.7667408], [-88.3965025, 41.7667433], [-88.3963755, 41.7667204], [-88.3962516, 41.7666757], [-88.3961319, 41.7666038], [-88.3961135, 41.7665726], [-88.3960807, 41.7664954], [-88.396025, 41.766453], [-88.3959368, 41.7664025], [-88.395838, 41.7663536], [-88.3957862, 41.7663113], [-88.3954286, 41.7660142], [-88.3950178, 41.765795], [-88.3947097, 41.7655958], [-88.3943644, 41.7653251], [-88.3941413, 41.765095], [-88.3937582, 41.7647362], [-88.393569, 41.7646057], [-88.3933639, 41.764485], [-88.3930896, 41.7643237]], [[-88.3977163, 41.7675037], [-88.3975732, 41.7670696]], [[-88.4114388, 41.7724129], [-88.4110895, 41.7722565], [-88.4108452, 41.7721409], [-88.4105757, 41.7720334], [-88.4097331, 41.7717692], [-88.4095904, 41.7717256], [-88.4095129, 41.7717047], [-88.4060983, 41.7706229], [-88.4024276, 41.7694813], [-88.4022804, 41.7694092], [-88.4020686, 41.7693225], [-88.4018837, 41.7692625], [-88.4017985, 41.7692349], [-88.4017299, 41.7692202], [-88.4014516, 41.7691643], [-88.4009104, 41.7689741], [-88.3998764, 41.7685662], [-88.3991469, 41.7682526], [-88.3990798, 41.7682199], [-88.3987401, 41.7680668], [-88.3982955, 41.7679268], [-88.3981001, 41.7678461], [-88.3979229, 41.7677505], [-88.3977947, 41.7676392], [-88.3977307, 41.767542], [-88.3977163, 41.7675037]], [[-88.4139967, 41.7735975], [-88.413387, 41.7733279], [-88.4114388, 41.7724129]], [[-88.4147967, 41.7750993], [-88.4147252, 41.7749867], [-88.414605, 41.7749035], [-88.4145106, 41.7748459], [-88.4144505, 41.7747819], [-88.4144226, 41.7746895], [-88.4144213, 41.7745743], [-88.4144258, 41.7740644], [-88.4143836, 41.7739517], [-88.4142703, 41.7737961], [-88.4142077, 41.7737222], [-88.4141415, 41.7736809], [-88.4139967, 41.7735975]], [[-88.4148719, 41.7752963], [-88.4147967, 41.7750993]], [[-88.4302174, 41.7816399], [-88.4301565, 41.7814351], [-88.4301028, 41.7813381], [-88.4299702, 41.7812215], [-88.4296339, 41.7809522], [-88.4295567, 41.7808434], [-88.4295138, 41.7807473], [-88.4294022, 41.7802929], [-88.4293335, 41.7801585], [-88.4292563, 41.7800753], [-88.429076, 41.7799217], [-88.4288872, 41.7797745], [-88.4286297, 41.7795697], [-88.4285387, 41.7793775], [-88.4284742, 41.7792675], [-88.4283036, 41.779128], [-88.4280535, 41.7787774], [-88.4279002, 41.7785968], [-88.4276987, 41.7783448], [-88.4275483, 41.7781807], [-88.4272514, 41.7778405], [-88.426956, 41.7775855], [-88.4267762, 41.7774555], [-88.4265097, 41.7773551], [-88.4262007, 41.7772846], [-88.4255974, 41.7771585], [-88.4255346, 41.7771576], [-88.4253755, 41.7771463], [-88.4251427, 41.7770933], [-88.4242867, 41.7769134], [-88.4219092, 41.7765742], [-88.42142, 41.7764781], [-88.4205273, 41.7763053], [-88.41994, 41.7762065], [-88.4195649, 41.7761839], [-88.4192972, 41.7761127], [-88.4190795, 41.7760382], [-88.4162327, 41.7755332], [-88.4160469, 41.7754924], [-88.4153905, 41.7753913], [-88.4152502, 41.7753708], [-88.4151175, 41.7753683], [-88.4149919, 41.7753769], [-88.4149353, 41.7753679], [-88.4148968, 41.7753421], [-88.4148719, 41.7752963]], [[-88.4302496, 41.7817189], [-88.4302174, 41.7816399]], [[-88.4305104, 41.7818862], [-88.430487, 41.7818829], [-88.4304199, 41.7818549], [-88.4303676, 41.7818159], [-88.4302496, 41.7817189]], [[-88.4306225, 41.7818907], [-88.4305104, 41.7818862]], [[-88.4371744, 41.7841095], [-88.4370765, 41.7840644], [-88.4369038, 41.7839795], [-88.4367665, 41.7839283], [-88.4365262, 41.7838707], [-88.4363717, 41.7838195], [-88.4360687, 41.7837189], [-88.4358782, 41.7836189], [-88.4357052, 41.7835069], [-88.4355389, 41.7834359], [-88.4353589, 41.7834099], [-88.4350655, 41.7833319], [-88.4349529, 41.7832809], [-88.4348362, 41.7832229], [-88.4343614, 41.7830149], [-88.4342407, 41.7829909], [-88.4340007, 41.7829759], [-88.433825, 41.7829449], [-88.4336337, 41.7828722], [-88.4333033, 41.7827339], [-88.4328612, 41.7825778], [-88.4325389, 41.7824499], [-88.4323189, 41.7823789], [-88.4321352, 41.7823199], [-88.4319904, 41.7822069], [-88.431922, 41.7821719], [-88.4318133, 41.7821249], [-88.4315559, 41.7820759], [-88.4311844, 41.7820289], [-88.431061, 41.7820309], [-88.4306225, 41.7818907]], [[-88.4374628, 41.7842851], [-88.4374102, 41.7842675], [-88.4373278, 41.7842339], [-88.4372471, 41.7841843], [-88.4372272, 41.7841638], [-88.4371744, 41.7841095]], [[-88.4477661, 41.7856046], [-88.4477261, 41.7855734], [-88.4476565, 41.785521], [-88.4476017, 41.7855054], [-88.447547, 41.7854964], [-88.4474768, 41.7855094], [-88.4473648, 41.7855652], [-88.4472329, 41.785614], [-88.4471394, 41.7856256], [-88.447053, 41.7856185], [-88.4469681, 41.7855717], [-88.4468516, 41.7854451], [-88.4467368, 41.7852801], [-88.446651, 41.7851718], [-88.4465035, 41.7850331], [-88.4464149, 41.7849707], [-88.446313, 41.7849376], [-88.4461586, 41.784933], [-88.4459856, 41.7849445], [-88.4458139, 41.7849653], [-88.4456953, 41.7849954], [-88.4455857, 41.7850388], [-88.4454714, 41.7851321], [-88.4454261, 41.7851803], [-88.4453934, 41.7852445], [-88.4454149, 41.7853294], [-88.4455136, 41.7854611], [-88.4455298, 41.7855091], [-88.4455298, 41.7855411], [-88.4455009, 41.7856111], [-88.4454376, 41.7856788], [-88.4452939, 41.7857401], [-88.4445342, 41.7858483], [-88.4441651, 41.7859123], [-88.4440315, 41.7859475], [-88.4439301, 41.7859965], [-88.4437977, 41.78606], [-88.4435491, 41.7860862], [-88.4431993, 41.7860809], [-88.4429531, 41.7860688], [-88.4426888, 41.7860147], [-88.4425, 41.7859443], [-88.4422669, 41.7858551], [-88.442046, 41.7857821], [-88.4414347, 41.7855791], [-88.4408976, 41.785393], [-88.440396, 41.7852268], [-88.4399678, 41.7851024], [-88.4374628, 41.7842851]], [[-88.4486816, 41.7892018], [-88.4485089, 41.7892368], [-88.4484824, 41.7892209], [-88.4483978, 41.7891819], [-88.4483204, 41.7891185], [-88.4483107, 41.7889953], [-88.4483082, 41.7881835], [-88.4483269, 41.7880773], [-88.4483931, 41.7879512], [-88.4484377, 41.787894], [-88.4485501, 41.7877961], [-88.4494926, 41.7871775], [-88.4495466, 41.7871378], [-88.449587, 41.7870658], [-88.4495981, 41.7870072], [-88.4495638, 41.7869234], [-88.4494952, 41.7868082], [-88.4493063, 41.7865394], [-88.4492291, 41.786469], [-88.4488418, 41.7861936], [-88.4485662, 41.7860423], [-88.4481483, 41.7857976], [-88.4478113, 41.7856418], [-88.4477661, 41.7856046]], [[-88.4490298, 41.7891193], [-88.4486816, 41.7892018]], [[-88.4568931, 41.7944942], [-88.4565899, 41.7942934], [-88.4562672, 41.7941484], [-88.4560955, 41.7940204], [-88.4560526, 41.7939436], [-88.4561418, 41.7937201], [-88.4561953, 41.7935496], [-88.4561908, 41.7935003], [-88.4561041, 41.7934659], [-88.4559793, 41.7934282], [-88.4548895, 41.7930199], [-88.4522761, 41.7920111], [-88.451486, 41.7916998], [-88.4512921, 41.7915852], [-88.4511112, 41.7914593], [-88.4509723, 41.7913228], [-88.4508341, 41.791096], [-88.4507713, 41.7909823], [-88.450736, 41.790813], [-88.4505317, 41.7903859], [-88.4504987, 41.7902665], [-88.4504885, 41.7900988], [-88.4504507, 41.7899871], [-88.4503729, 41.7898803], [-88.4502373, 41.789763], [-88.450065, 41.7896457], [-88.4498728, 41.7895025], [-88.4497956, 41.7893937], [-88.4497612, 41.7892465], [-88.4497097, 41.7891121], [-88.4496497, 41.7890225], [-88.4495123, 41.7889969], [-88.4494782, 41.7889906], [-88.4494155, 41.7889953], [-88.4493283, 41.7890141], [-88.4490943, 41.7891062], [-88.4490298, 41.7891193]]]}}, {"type": "Feature", "properties": {"name": "DuPage River Trail", "length_mi": 9.8, "osm_source": "relation"}, "geometry": {"type": "MultiLineString", "coordinates": [[[-88.0704011, 41.7175975], [-88.0705007, 41.7176117], [-88.0705779, 41.7175989], [-88.0708182, 41.7174836], [-88.0711873, 41.7170735], [-88.0714733, 41.7165465], [-88.071542, 41.7164902], [-88.0717428, 41.7164379], [-88.0719169, 41.7163624], [-88.0720164, 41.7162729], [-88.0720865, 41.7161693], [-88.0721175, 41.7160456], [-88.0721848, 41.7159319], [-88.0722468, 41.7157539], [-88.0723748, 41.7155024], [-88.072649, 41.7151516], [-88.0728706, 41.7149214], [-88.0733469, 41.7146051], [-88.0736648, 41.7144116], [-88.0738985, 41.7142522], [-88.0741257, 41.7140634], [-88.074287, 41.7139183], [-88.0743984, 41.7137752], [-88.0745617, 41.7135537], [-88.0746679, 41.7134424], [-88.0748115, 41.7133335], [-88.0750571, 41.7132091], [-88.0751166, 41.7131613], [-88.0751984, 41.713038], [-88.0752505, 41.712978], [-88.0756478, 41.7128836], [-88.075874, 41.7128436], [-88.0761716, 41.7128814], [-88.0764106, 41.712859], [-88.0767121, 41.7128139], [-88.076783, 41.7128084], [-88.0768546, 41.7128135], [-88.0769257, 41.7128138], [-88.077015, 41.7127932], [-88.0770957, 41.7127572], [-88.0772441, 41.7126771], [-88.0774566, 41.7125732], [-88.0776105, 41.7125016], [-88.0778187, 41.7124185], [-88.077877, 41.7123822], [-88.0779274, 41.7123355], [-88.0779842, 41.712302], [-88.0780472, 41.7122919], [-88.0781001, 41.7122834], [-88.0781468, 41.7122649], [-88.0782216, 41.7122298], [-88.0783804, 41.7121818], [-88.078492, 41.7121751], [-88.0785843, 41.7121837], [-88.0787964, 41.7122201], [-88.0788895, 41.7122219], [-88.0790109, 41.7122144], [-88.0791981, 41.7121775], [-88.0794534, 41.7121103], [-88.0798047, 41.7120633], [-88.0804434, 41.71184], [-88.0805877, 41.7118623], [-88.0806427, 41.7118677], [-88.080794, 41.711889], [-88.0809724, 41.7119437], [-88.081092, 41.7119902], [-88.0811933, 41.7120488], [-88.0812422, 41.7120886], [-88.0813155, 41.7121606], [-88.081359, 41.71219], [-88.0814116, 41.7121973], [-88.0814696, 41.7121844], [-88.0815683, 41.7121218], [-88.0817988, 41.7120198], [-88.0821791, 41.7118613], [-88.0823577, 41.7118054], [-88.0824476, 41.7117804], [-88.0825385, 41.7117383], [-88.0826534, 41.7116883], [-88.0827618, 41.7116659], [-88.0829268, 41.7116644], [-88.0829992, 41.7116536], [-88.0831862, 41.7115789], [-88.083393, 41.7114628], [-88.0834962, 41.7114213], [-88.083752, 41.7113359], [-88.083963, 41.7112998], [-88.0840404, 41.7112978], [-88.0840852, 41.7113135], [-88.0841235, 41.7113466], [-88.084155, 41.7114174], [-88.0842313, 41.7115223], [-88.0843026, 41.7115784], [-88.0843996, 41.7116], [-88.084503, 41.7116085], [-88.0846562, 41.7115887], [-88.0847604, 41.7115647], [-88.0848894, 41.7115163], [-88.0850013, 41.711486], [-88.0851759, 41.7114592], [-88.0854407, 41.7114053], [-88.0855183, 41.7113965], [-88.0856334, 41.7114029], [-88.0859073, 41.7114333], [-88.0859826, 41.7114308], [-88.0860505, 41.711408], [-88.0862226, 41.711319], [-88.086405, 41.7112629], [-88.0865236, 41.7112287], [-88.0865987, 41.7112206], [-88.0866679, 41.7112269], [-88.0867596, 41.7112607], [-88.0868776, 41.7113087], [-88.087001, 41.7113568], [-88.0871614, 41.7114191], [-88.0873116, 41.7114831], [-88.0874087, 41.711521], [-88.0874947, 41.7115399], [-88.0875436, 41.7115293], [-88.0875954, 41.7115059], [-88.0876631, 41.7114817], [-88.0877169, 41.7114684], [-88.0877857, 41.7114516], [-88.0878785, 41.7114411], [-88.0879556, 41.7114324], [-88.0881053, 41.7114009], [-88.0881645, 41.7113864], [-88.0882345, 41.7113588], [-88.088337, 41.7113121], [-88.0884011, 41.7112826], [-88.0884349, 41.7112664], [-88.0884824, 41.7112544], [-88.0885417, 41.7112462], [-88.0887243, 41.7112314], [-88.0887806, 41.711249], [-88.0888244, 41.7112753], [-88.0888483, 41.7113091], [-88.0888764, 41.7113747], [-88.0888898, 41.7114103], [-88.0888952, 41.7114468], [-88.0888979, 41.7114843], [-88.0889079, 41.7115439], [-88.0889301, 41.7116025], [-88.0889582, 41.7116625], [-88.0889804, 41.7117111], [-88.0889918, 41.7117622], [-88.0889898, 41.7118027], [-88.0889777, 41.7118347], [-88.0889589, 41.7118739], [-88.0889414, 41.7118962], [-88.0889211, 41.7119114]], [[-88.0883577, 41.7126177], [-88.0883253, 41.7125767], [-88.0882895, 41.7125195], [-88.0882675, 41.7124606], [-88.088261, 41.7123899], [-88.0882627, 41.7123502], [-88.0882724, 41.7123189], [-88.088288, 41.7122807], [-88.0883118, 41.712243], [-88.0883691, 41.712181], [-88.0884101, 41.7121448], [-88.0885791, 41.7119975], [-88.0886228, 41.7119738], [-88.0886563, 41.7119639], [-88.0887099, 41.7119591], [-88.0887516, 41.7119581], [-88.0887898, 41.7119546], [-88.0888438, 41.7119424], [-88.0888893, 41.7119264], [-88.0889211, 41.7119114]], [[-88.0901079, 41.7130759], [-88.0900621, 41.7129949], [-88.090019, 41.7129388], [-88.0899685, 41.7128888], [-88.0899195, 41.7128571], [-88.0898321, 41.7128229], [-88.08964, 41.7127858], [-88.0894109, 41.7127564], [-88.0893162, 41.7127363], [-88.0891617, 41.712705], [-88.0890871, 41.7126967], [-88.0890062, 41.7126973], [-88.0887841, 41.7127253], [-88.0886605, 41.7127358], [-88.0885822, 41.7127346], [-88.088519, 41.7127248], [-88.0884712, 41.7127026], [-88.088415, 41.7126664], [-88.0883577, 41.7126177]], [[-88.0964342, 41.7133272], [-88.0964568, 41.7133134], [-88.096476, 41.7132987], [-88.0965587, 41.7132353], [-88.096615, 41.7130992], [-88.0965641, 41.712973], [-88.0964085, 41.7128789], [-88.0962261, 41.7128369], [-88.0960384, 41.7128369], [-88.0958372, 41.7128609], [-88.0952008, 41.7130582], [-88.0950969, 41.7130867], [-88.0949988, 41.7130912], [-88.0949028, 41.7130717], [-88.0948099, 41.7130131], [-88.0946812, 41.712925], [-88.0944344, 41.7126947], [-88.0942976, 41.7126406], [-88.094142, 41.7126126], [-88.0939945, 41.7126066], [-88.0938094, 41.7126226], [-88.0929994, 41.7127207], [-88.0925756, 41.7127788], [-88.0922135, 41.7128489], [-88.0911353, 41.7130501], [-88.0911085, 41.7130551], [-88.0908617, 41.7130771], [-88.0906711, 41.7130784], [-88.0905119, 41.7130781], [-88.0903685, 41.7130683], [-88.0902555, 41.7130585], [-88.0901813, 41.7130593], [-88.0901079, 41.7130759]], [[-88.0963525, 41.7133715], [-88.096394, 41.7133516], [-88.0964342, 41.7133272]], [[-88.096566, 41.7159496], [-88.0965828, 41.715716], [-88.0965399, 41.7153837], [-88.0964648, 41.7150573], [-88.0963817, 41.7148351], [-88.096315, 41.7146987], [-88.0961966, 41.7144567], [-88.0961671, 41.7142965], [-88.0961832, 41.7141163], [-88.0961999, 41.7140645], [-88.0962261, 41.7139381], [-88.0962234, 41.7137939], [-88.0961752, 41.7136157], [-88.096191, 41.7135354], [-88.0963119, 41.7134015], [-88.0963525, 41.7133715]], [[-88.0977056, 41.7161451], [-88.097709, 41.7161934], [-88.0977094, 41.7162187]], [[-88.0977094, 41.7162187], [-88.0977045, 41.7162454], [-88.0976835, 41.7162725], [-88.0976361, 41.7162852], [-88.0975449, 41.71627], [-88.0974277, 41.7162506], [-88.0972534, 41.7161905], [-88.0970897, 41.7161137], [-88.0969516, 41.7160211], [-88.0968696, 41.7159739], [-88.0967922, 41.715956], [-88.0966809, 41.7159535], [-88.096566, 41.7159496]], [[-88.1331716, 41.7107746], [-88.1331669, 41.7108771], [-88.1332126, 41.7119823], [-88.1332231, 41.712315], [-88.1331769, 41.7126148], [-88.133186, 41.7128876], [-88.1331377, 41.7129997], [-88.1330559, 41.7131094], [-88.1330259, 41.7131203], [-88.1329538, 41.7131466], [-88.131539, 41.7133292], [-88.1312226, 41.7133882], [-88.1310193, 41.713433], [-88.1309177, 41.7134735], [-88.1307778, 41.7135741], [-88.1306286, 41.7136767], [-88.130551, 41.7137189], [-88.1305038, 41.7137446], [-88.1303422, 41.713813], [-88.1301913, 41.7139434], [-88.1300399, 41.7140182], [-88.1298688, 41.7140752], [-88.1292925, 41.7140994], [-88.1290452, 41.7140232], [-88.1290151, 41.7140086], [-88.1289934, 41.713998]], [[-88.1289934, 41.713998], [-88.1289741, 41.7139326], [-88.1289469, 41.7138507]], [[-88.1289469, 41.7138507], [-88.1287991, 41.7138776], [-88.1286335, 41.7139066]], [[-88.1286335, 41.7139066], [-88.1285038, 41.713832], [-88.128418, 41.7137339], [-88.1283617, 41.7136257], [-88.1282222, 41.7132053], [-88.1281524, 41.7131072], [-88.1280049, 41.712989], [-88.1278628, 41.712929], [-88.1276911, 41.7128969], [-88.1276024, 41.7128969], [-88.1274819, 41.7128969], [-88.1272646, 41.712925], [-88.1267219, 41.7130211], [-88.1266315, 41.7130256], [-88.1265491, 41.7130234], [-88.1264735, 41.7130086], [-88.1262903, 41.7129474], [-88.1262025, 41.712913], [-88.1259799, 41.7128569], [-88.125768, 41.7128349], [-88.1255427, 41.7128289], [-88.1252798, 41.7128349], [-88.1242981, 41.7128889], [-88.1240084, 41.7129049], [-88.1237912, 41.712947], [-88.1236007, 41.7130191], [-88.1235497, 41.7130465], [-88.1234183, 41.7131172], [-88.1230902, 41.713319], [-88.1229573, 41.7133849], [-88.1228283, 41.71342], [-88.1217031, 41.7137065], [-88.1213628, 41.7137897], [-88.1209699, 41.7138923], [-88.1208578, 41.7139236], [-88.1206273, 41.7140356], [-88.1205787, 41.714063], [-88.1204194, 41.7141529], [-88.1203225, 41.7141887], [-88.1202071, 41.7142131], [-88.1200772, 41.7142254], [-88.1198911, 41.7142353], [-88.1197711, 41.7142532], [-88.1196471, 41.7142913], [-88.1195304, 41.7143477], [-88.1193892, 41.7144106], [-88.1193498, 41.7144319], [-88.1192743, 41.7144707], [-88.1190946, 41.7145287], [-88.1188854, 41.7145568], [-88.1186682, 41.7145628], [-88.1182578, 41.7145588], [-88.1180593, 41.7145708], [-88.1178072, 41.7146108], [-88.117598, 41.7146589], [-88.1173485, 41.714737], [-88.1170857, 41.714795], [-88.1168013, 41.7148371], [-88.1164982, 41.7148551], [-88.1162726, 41.7148623], [-88.1159377, 41.7148731], [-88.1156882, 41.7148951], [-88.1154629, 41.7149472], [-88.1153103, 41.7149999], [-88.1148085, 41.7151734], [-88.1145349, 41.7152475], [-88.1141996, 41.7152996], [-88.1137973, 41.7153376], [-88.1135312, 41.7153529], [-88.1133118, 41.7153656], [-88.1129443, 41.7153937], [-88.1126976, 41.7154457], [-88.1124669, 41.7155558], [-88.1121558, 41.71569], [-88.1119331, 41.7157561], [-88.1116944, 41.7157921], [-88.1114396, 41.7158041], [-88.1111794, 41.7157961], [-88.1109649, 41.7158201], [-88.1107986, 41.7158862], [-88.1105035, 41.7160744], [-88.1103774, 41.7161345], [-88.1102138, 41.7161705], [-88.1100851, 41.7161705], [-88.1098812, 41.7161445], [-88.1095486, 41.7160904], [-88.1093019, 41.7160644], [-88.10909, 41.7160524], [-88.1088486, 41.7160604], [-88.1086072, 41.7160884], [-88.108339, 41.7161305], [-88.1079876, 41.7161945], [-88.1072473, 41.7163267], [-88.1070327, 41.7163467], [-88.1068718, 41.7163427], [-88.1067162, 41.7163067], [-88.1065848, 41.7162346], [-88.1064775, 41.7161405], [-88.1064131, 41.7160163], [-88.1063997, 41.7159022], [-88.1064534, 41.7157461], [-88.106558, 41.7156079], [-88.1066867, 41.7154597], [-88.1067404, 41.7153276], [-88.1067377, 41.7151734], [-88.106668, 41.7150553], [-88.1065687, 41.7149572], [-88.1063971, 41.7148711], [-88.1062388, 41.7148371], [-88.1054475, 41.714801], [-88.1048762, 41.714767], [-88.1046509, 41.714767], [-88.1044605, 41.714803], [-88.1042808, 41.7148931], [-88.104144, 41.7150253], [-88.1040582, 41.7151614], [-88.1039375, 41.7155679], [-88.1038624, 41.715684], [-88.1037202, 41.7157621], [-88.103519, 41.7158201], [-88.1033313, 41.7158502], [-88.1031194, 41.7158522], [-88.1027573, 41.7158261], [-88.1023576, 41.7158021], [-88.1020411, 41.7158021], [-88.1014537, 41.7158341], [-88.1011989, 41.7158382], [-88.1008958, 41.7158422], [-88.100236, 41.7158682], [-88.099941, 41.7158782], [-88.0995651, 41.7159255], [-88.0993676, 41.7159383], [-88.099255, 41.7159343], [-88.0991082, 41.7159127], [-88.0987744, 41.7158424], [-88.0986882, 41.7158129], [-88.098652, 41.7158124], [-88.0985953, 41.7158242], [-88.0985033, 41.7158482], [-88.0982648, 41.7158773], [-88.0979567, 41.7158999], [-88.0978928, 41.7159147], [-88.0978494, 41.7159363], [-88.0978053, 41.7159697], [-88.0977494, 41.7160485], [-88.0977059, 41.7161209], [-88.0977056, 41.7161451]], [[-88.1332572, 41.7106944], [-88.1332211, 41.7107047], [-88.1331969, 41.7107271], [-88.1331716, 41.7107746]], [[-88.1399045, 41.7107442], [-88.1397091, 41.7106531], [-88.1395589, 41.710569], [-88.1392209, 41.7103647], [-88.1385987, 41.7100884], [-88.138394, 41.7099963], [-88.1381618, 41.709913], [-88.1380622, 41.7098745], [-88.137653, 41.7097074], [-88.1374415, 41.7095993], [-88.1372825, 41.7095493], [-88.1370522, 41.7095416], [-88.1368936, 41.7095479], [-88.1367426, 41.7096005], [-88.1362549, 41.7098764], [-88.1359282, 41.7100184], [-88.1356531, 41.7100431], [-88.1354419, 41.7100987], [-88.135121, 41.7101831], [-88.1347408, 41.7103511], [-88.1345208, 41.7104147], [-88.1342818, 41.7104538], [-88.1339396, 41.7104699], [-88.1337725, 41.7104849], [-88.1336331, 41.7105307], [-88.1335561, 41.710609], [-88.1334341, 41.7106721], [-88.1333626, 41.7106873], [-88.1332572, 41.7106944]], [[-88.1399045, 41.7107442], [-88.1399569, 41.7107334], [-88.1400121, 41.7107107], [-88.14005, 41.7106874], [-88.1400845, 41.7106559], [-88.1401165, 41.7106105], [-88.1401241, 41.7105963], [-88.1401919, 41.7104702], [-88.1402759, 41.7103245], [-88.1403069, 41.7102428], [-88.1403237, 41.7101603], [-88.1403491, 41.710028], [-88.1404213, 41.7096404], [-88.1405059, 41.7092169], [-88.1405474, 41.709002], [-88.1405701, 41.7089005], [-88.140595, 41.7088272], [-88.1406254, 41.7087616], [-88.1406307, 41.7087501], [-88.1406724, 41.7086807], [-88.1407285, 41.7085989], [-88.1408038, 41.7085112], [-88.1408978, 41.7084235], [-88.1409667, 41.708368], [-88.1409966, 41.7083467], [-88.1410287, 41.7083238], [-88.1411216, 41.7082687], [-88.1412413, 41.7082113], [-88.1413321, 41.7081706], [-88.1414175, 41.7081431], [-88.1415233, 41.7081144], [-88.1416649, 41.7080837], [-88.1418476, 41.7080542], [-88.141886, 41.7080482], [-88.1422413, 41.7079924], [-88.1423203, 41.70798], [-88.1427776, 41.707905], [-88.1429426, 41.7078688], [-88.1430855, 41.7078269], [-88.143241, 41.7077687], [-88.1433558, 41.7077164], [-88.1434835, 41.7076458], [-88.1435545, 41.7075992], [-88.1436619, 41.7075222], [-88.1437864, 41.7074309], [-88.1439829, 41.7072853], [-88.1442105, 41.707113], [-88.1443088, 41.7070456], [-88.1444231, 41.7069786], [-88.1445224, 41.7069288], [-88.1446458, 41.7068778], [-88.1447383, 41.7068443], [-88.1448104, 41.7068211], [-88.1448996, 41.706798], [-88.1450219, 41.7067701], [-88.145508, 41.7066639], [-88.1457138, 41.7066168], [-88.1458733, 41.7065842], [-88.1459832, 41.7065572], [-88.1460728, 41.7065282], [-88.1461446, 41.7064903], [-88.1461935, 41.7064504], [-88.1462207, 41.7064195], [-88.1462698, 41.7063548], [-88.1463053, 41.7062961], [-88.14634, 41.7062304], [-88.146401, 41.7061109], [-88.1464396, 41.7060532], [-88.1464823, 41.7059993], [-88.1465528, 41.705908], [-88.1466084, 41.7058206], [-88.146634, 41.7057743], [-88.1466826, 41.7056854], [-88.1467093, 41.7056347], [-88.1467718, 41.7055494], [-88.1468375, 41.7054748], [-88.1469054, 41.7054022], [-88.1469354, 41.7053622], [-88.1469552, 41.7053276], [-88.1469677, 41.7052857], [-88.1469758, 41.7052341], [-88.1469772, 41.7051754], [-88.1469779, 41.7049926], [-88.1469672, 41.7049116], [-88.146949, 41.704859], [-88.146926, 41.7048151], [-88.1468828, 41.7047577], [-88.1468267, 41.7047038], [-88.1466792, 41.7045686], [-88.1464576, 41.7043676], [-88.1463027, 41.704226], [-88.1462466, 41.7041694], [-88.1462124, 41.7041239], [-88.1461798, 41.7040701], [-88.1461638, 41.7040282], [-88.1461472, 41.7039728], [-88.1461429, 41.7039194], [-88.1461456, 41.7038675], [-88.1461525, 41.7038264], [-88.1461734, 41.7037698], [-88.1461985, 41.7037199], [-88.1462311, 41.7036717], [-88.1462695, 41.7036258], [-88.1463112, 41.7035899], [-88.1463716, 41.7035473], [-88.1464346, 41.7035154], [-88.1464912, 41.7034902], [-88.1465735, 41.7034631], [-88.1466461, 41.7034503], [-88.1467647, 41.703442], [-88.1470168, 41.7034323], [-88.147066, 41.7034304], [-88.147197, 41.7034272]], [[-88.147197, 41.7034272], [-88.1478518, 41.703403]], [[-88.1497443, 41.7016516], [-88.1496957, 41.7016651], [-88.1496485, 41.7016831], [-88.1496031, 41.7017099], [-88.1495545, 41.7017454], [-88.1495215, 41.7017882], [-88.1494762, 41.7018941], [-88.1494336, 41.7019916], [-88.1493953, 41.7020605], [-88.1493355, 41.7021299], [-88.149269, 41.7021989], [-88.149209, 41.7022479], [-88.1491122, 41.7023142], [-88.1490405, 41.7023638], [-88.1490039, 41.7023912], [-88.1489673, 41.7024338], [-88.1489526, 41.7024653], [-88.14894, 41.702501], [-88.1489362, 41.7025473], [-88.148937, 41.7025983], [-88.14894, 41.7026538], [-88.1489365, 41.7027125], [-88.1489207, 41.7028027], [-88.1489076, 41.7028634], [-88.1488771, 41.7029668], [-88.1488401, 41.7030509], [-88.1487984, 41.7031333], [-88.1487343, 41.7032333], [-88.1486718, 41.703306], [-88.1485668, 41.7033516], [-88.1484147, 41.7033753], [-88.1481172, 41.7033873], [-88.1479006, 41.7034001], [-88.1478518, 41.703403]], [[-88.1500644, 41.7015736], [-88.1497443, 41.7016516]], [[-88.1507429, 41.7021843], [-88.1507481, 41.7021525], [-88.1507422, 41.7021298], [-88.150718, 41.7021071], [-88.1503373, 41.7017784], [-88.1502712, 41.701702], [-88.1501994, 41.7016183], [-88.1501606, 41.7015851], [-88.1501309, 41.7015732], [-88.1500984, 41.7015687], [-88.1500644, 41.7015736]], [[-88.1415163, 41.7121397], [-88.1414898, 41.7121118], [-88.1414723, 41.7120752], [-88.1414608, 41.7120126], [-88.1414498, 41.7119136], [-88.1414443, 41.7117796], [-88.1414282, 41.7116823], [-88.141381, 41.7115813], [-88.1413208, 41.7115013], [-88.1412313, 41.7114466], [-88.141155, 41.7114096], [-88.1410675, 41.7113718], [-88.1409896, 41.7113227], [-88.1409342, 41.7112537], [-88.1408613, 41.711176], [-88.1406067, 41.7110791], [-88.140502, 41.7110452], [-88.1404182, 41.7109791], [-88.1402455, 41.7109054], [-88.1401747, 41.7108717], [-88.1400669, 41.7108205], [-88.1399962, 41.7107869], [-88.1399045, 41.7107442]], [[-88.1420417, 41.7126828], [-88.1415163, 41.7121397]], [[-88.1425715, 41.713182], [-88.1425709, 41.7131557], [-88.1425547, 41.7131222], [-88.1424825, 41.7130278], [-88.1422589, 41.7128409], [-88.1422201, 41.7128096], [-88.1421206, 41.7127556], [-88.1420886, 41.7127302], [-88.1420417, 41.7126828]], [[-88.1421517, 41.7138969], [-88.1420878, 41.7138754], [-88.1419984, 41.7138162], [-88.1419538, 41.713753], [-88.141909, 41.7136811], [-88.1418744, 41.713625], [-88.1418724, 41.7135795], [-88.1418866, 41.7135324], [-88.1419171, 41.713493], [-88.1419638, 41.7134626], [-88.1422383, 41.7133291], [-88.1425715, 41.713182]], [[-88.1421517, 41.7138969], [-88.1421366, 41.7139307], [-88.1421587, 41.7139587], [-88.1422043, 41.7140163], [-88.1422624, 41.7141038], [-88.1418846, 41.7142718], [-88.1417528, 41.7143271], [-88.1415792, 41.7144288], [-88.1414682, 41.7145074], [-88.1413622, 41.7146113], [-88.1411742, 41.7148537], [-88.1410703, 41.7150054], [-88.1410061, 41.7151104], [-88.1409235, 41.7151921], [-88.1408015, 41.7153011], [-88.1406909, 41.7153852], [-88.1405647, 41.7154687], [-88.1404031, 41.715561], [-88.1401344, 41.7157061], [-88.1394324, 41.7160863], [-88.1388173, 41.7164204], [-88.1387162, 41.7164742], [-88.1386191, 41.7165326], [-88.1381269, 41.716799], [-88.1377934, 41.716979], [-88.1373526, 41.7172212], [-88.1372512, 41.7172854], [-88.1371134, 41.7173699], [-88.1370612, 41.7173855], [-88.1369869, 41.7174297], [-88.1368075, 41.7175341], [-88.136726, 41.717576], [-88.1366529, 41.7176216], [-88.1362993, 41.7178174], [-88.1362621, 41.7178415], [-88.1362172, 41.7178943], [-88.1356587, 41.7186552], [-88.1354572, 41.7188909], [-88.1352789, 41.7191451], [-88.1348822, 41.7197111], [-88.1345891, 41.7200869], [-88.1344905, 41.7202235], [-88.134437, 41.7203166], [-88.1344078, 41.7203972], [-88.1343778, 41.7204574], [-88.1343499, 41.7204945], [-88.1343237, 41.7205263], [-88.1343051, 41.7205545], [-88.1343001, 41.7205915], [-88.1343025, 41.720623], [-88.1343173, 41.7206564], [-88.1343587, 41.7207316], [-88.134372, 41.7207664], [-88.1343883, 41.7208449], [-88.1344072, 41.7209249], [-88.1343992, 41.7209503], [-88.1343829, 41.7209658]], [[-88.1341502, 41.720998], [-88.134133, 41.7210016], [-88.1339281, 41.7210444], [-88.1338389, 41.7210635], [-88.1337655, 41.7210833], [-88.1333585, 41.7212111], [-88.1331907, 41.7212594], [-88.1330375, 41.7213024], [-88.1329974, 41.7213144], [-88.1328757, 41.7213563]], [[-88.1343829, 41.7209658], [-88.1342548, 41.7209866], [-88.1341502, 41.720998]], [[-88.1328757, 41.7213563], [-88.1327732, 41.7213924], [-88.1327337, 41.7213942], [-88.1325926, 41.7214005], [-88.1325389, 41.7214112], [-88.1325007, 41.7214215], [-88.132449, 41.7214393], [-88.1323971, 41.7214731], [-88.1323707, 41.721507], [-88.1323626, 41.7215476], [-88.1323717, 41.7215885], [-88.1324063, 41.7216271], [-88.1324464, 41.7216687], [-88.1326857, 41.7219195], [-88.1328551, 41.7221795], [-88.1329514, 41.7224273], [-88.1329619, 41.722628], [-88.1329236, 41.7228893], [-88.1328708, 41.7231113], [-88.1327365, 41.723398], [-88.1324159, 41.7236463], [-88.1322603, 41.7238874], [-88.1321554, 41.7244529], [-88.1320905, 41.7245271], [-88.1319747, 41.7245874], [-88.1318635, 41.7246233], [-88.1317887, 41.7246748], [-88.1316986, 41.7247693], [-88.131649, 41.7248604], [-88.1316388, 41.724948], [-88.1316437, 41.7250619], [-88.1316232, 41.7251782], [-88.1315852, 41.7252886], [-88.1314123, 41.7255982], [-88.1313321, 41.7257628], [-88.131291, 41.7259485], [-88.1312828, 41.7260669], [-88.1312978, 41.7262045], [-88.1314258, 41.726529], [-88.131431, 41.7265672], [-88.1314249, 41.7266099], [-88.13138, 41.7266971], [-88.1313464, 41.7267548], [-88.1313233, 41.7267944], [-88.1312677, 41.7268521], [-88.1311798, 41.7269477], [-88.1311236, 41.7269914], [-88.1310768, 41.7270106], [-88.1310017, 41.7270072], [-88.1306856, 41.7269582]], [[-88.1306856, 41.7269582], [-88.1304827, 41.7269277]], [[-88.1304827, 41.7269277], [-88.1304262, 41.7269291], [-88.1303404, 41.7269461], [-88.130255, 41.7269755], [-88.1302015, 41.7270118], [-88.1301462, 41.7270739], [-88.130096, 41.7271756], [-88.1299981, 41.7274371], [-88.1299506, 41.7275551], [-88.1298767, 41.7276997], [-88.1297823, 41.7278151], [-88.1296144, 41.728032], [-88.1290152, 41.7287225]], [[-88.0885974, 41.716342], [-88.0886022, 41.7165093], [-88.0886112, 41.7166772], [-88.0886255, 41.7167803], [-88.088655, 41.7169575], [-88.0887127, 41.7171039], [-88.0887788, 41.7172179], [-88.0888782, 41.7173411], [-88.0889911, 41.7174695], [-88.0891523, 41.717623], [-88.0892659, 41.7177448], [-88.0893546, 41.7178831], [-88.089411, 41.7179952], [-88.0894487, 41.7180856], [-88.0894785, 41.718183], [-88.0895031, 41.7183047], [-88.0895098, 41.7184053], [-88.0895052, 41.7185058], [-88.0894819, 41.7186174], [-88.0894581, 41.7187206], [-88.0894395, 41.7187696], [-88.0894228, 41.7188113], [-88.0893772, 41.7189025], [-88.0893333, 41.7189906], [-88.0893172, 41.7190279], [-88.0893048, 41.7190763], [-88.0893066, 41.7191137], [-88.0893261, 41.7191623], [-88.0893582, 41.719193], [-88.0893901, 41.719225], [-88.0894938, 41.7192974], [-88.0895891, 41.7193425], [-88.0896532, 41.719358], [-88.0898237, 41.7193658], [-88.0908617, 41.7193578], [-88.0913311, 41.7193458], [-88.0917924, 41.7193078], [-88.0924388, 41.7192497], [-88.0930394, 41.7192392], [-88.0937041, 41.7191992], [-88.093888, 41.7191824], [-88.0942466, 41.7191356], [-88.0947777, 41.7190355], [-88.0952766, 41.7189314], [-88.095628, 41.7188153], [-88.0959203, 41.7186711], [-88.0961644, 41.718505], [-88.0963495, 41.7183288], [-88.0964809, 41.7181626], [-88.0965989, 41.7179604], [-88.0966606, 41.7177842], [-88.0967009, 41.717568], [-88.0967196, 41.7172857], [-88.0967438, 41.7170054], [-88.0967304, 41.7168372], [-88.096674, 41.7166971], [-88.096615, 41.7165749], [-88.0965748, 41.7164388], [-88.0965614, 41.7162246], [-88.096566, 41.7159496]], [[-88.0883951, 41.713827], [-88.0883557, 41.7138722], [-88.0883329, 41.7139285], [-88.0883286, 41.7139737], [-88.0883318, 41.7140153], [-88.0883495, 41.7140583], [-88.0883801, 41.7141018], [-88.0884128, 41.7141317], [-88.0884893, 41.7142254], [-88.0885207, 41.7143157], [-88.0885225, 41.7143762], [-88.0885055, 41.7144585], [-88.0884546, 41.7146229], [-88.0884454, 41.7146607], [-88.0884416, 41.7147035], [-88.0884459, 41.7147439], [-88.0884554, 41.7147829], [-88.08848, 41.7149117], [-88.0884884, 41.7149909], [-88.0885007, 41.715124], [-88.0885787, 41.7160936], [-88.0885974, 41.716342]], [[-88.0886285, 41.7136086], [-88.0883951, 41.713827]], [[-88.0901079, 41.7130759], [-88.0898835, 41.7131746], [-88.0896294, 41.7132905], [-88.0894083, 41.7133701], [-88.0893003, 41.7134001], [-88.089226, 41.7134103], [-88.0890487, 41.7134136], [-88.0890063, 41.7134188], [-88.0889101, 41.7134306], [-88.0888119, 41.7134647], [-88.0887217, 41.7135203], [-88.0886285, 41.7136086]], [[-88.0743071, 41.7291869], [-88.0743859, 41.7291526], [-88.074507, 41.7291095], [-88.0745846, 41.7290928], [-88.0746623, 41.7290867], [-88.0747497, 41.7290839], [-88.0747972, 41.7290772], [-88.0748368, 41.7290606], [-88.0748624, 41.7290325], [-88.0749643, 41.7288553], [-88.0752505, 41.7283386], [-88.0754405, 41.7279799], [-88.0756365, 41.7276468], [-88.075862, 41.7272725], [-88.0759625, 41.7271051], [-88.0760241, 41.7270202], [-88.0760646, 41.7269835], [-88.0762374, 41.7267012], [-88.0763958, 41.726435], [-88.0764701, 41.7263102], [-88.0765009, 41.7262737], [-88.0765306, 41.7262661], [-88.0765604, 41.7262716], [-88.0765872, 41.7262783]], [[-88.0765872, 41.7262783], [-88.076623, 41.7262888], [-88.0766637, 41.7262997]], [[-88.0766637, 41.7262997], [-88.0766945, 41.726308], [-88.0767401, 41.7263175], [-88.0767774, 41.7263145], [-88.0768037, 41.7263032], [-88.0768288, 41.7262664], [-88.0769803, 41.7258221], [-88.0771908, 41.7252059], [-88.0773794, 41.7246462], [-88.0775715, 41.7240987], [-88.0777464, 41.7235722], [-88.0780248, 41.7227777], [-88.0781325, 41.7224545], [-88.0783099, 41.7219305], [-88.0785543, 41.7211783], [-88.0787931, 41.7205195], [-88.078857, 41.7203619], [-88.0788871, 41.7203025], [-88.0789282, 41.720254], [-88.07897, 41.720226], [-88.0790308, 41.7202101], [-88.0791056, 41.7202058], [-88.0795235, 41.7201988], [-88.080099, 41.7201881], [-88.0807126, 41.7201769], [-88.0815113, 41.7201613], [-88.0822785, 41.7201485], [-88.0834824, 41.7201243], [-88.0843838, 41.7201058], [-88.0851051, 41.720092], [-88.0856377, 41.7200875], [-88.0861644, 41.7200731], [-88.0866913, 41.7200627], [-88.0874777, 41.7200512], [-88.0875721, 41.7200506], [-88.0877189, 41.7200608], [-88.0880927, 41.7200554], [-88.0884283, 41.7200505], [-88.0884812, 41.7200435], [-88.0885045, 41.7200285], [-88.0885172, 41.7199902], [-88.0885189, 41.719925], [-88.088521, 41.7198744], [-88.088517, 41.7197952], [-88.0885237, 41.7197726], [-88.0885447, 41.7197351], [-88.0885526, 41.7196628], [-88.0885502, 41.7195317], [-88.0885656, 41.719501], [-88.0886006, 41.7194752], [-88.0886977, 41.719434], [-88.0887877, 41.719387], [-88.0888663, 41.7193359], [-88.0890207, 41.7192192], [-88.0891069, 41.7191719], [-88.0891929, 41.7191386], [-88.0893066, 41.7191137]], [[-88.0922758, 41.719768], [-88.0922792, 41.719735], [-88.092303, 41.7197167], [-88.0923653, 41.7196884], [-88.0925115, 41.7196265], [-88.0926882, 41.7195609], [-88.0928147, 41.7195091], [-88.0930761, 41.7193996], [-88.0933848, 41.7193089], [-88.0936577, 41.7192456], [-88.0937041, 41.7191992]], [[-88.0922771, 41.7197984], [-88.0922758, 41.719768]]]}}, {"type": "Feature", "properties": {"name": "Waterfall Glen Trail", "length_mi": 9.8, "osm_source": "dupage"}, "geometry": {"type": "MultiLineString", "coordinates": [[[-88.0050249101175, 41.7027233615621], [-88.0050455233504, 41.7027240516103], [-88.0050851451271, 41.7027241647876], [-88.0051592863862, 41.7027127680064], [-88.0052127354931, 41.7027013120999], [-88.0052713824207, 41.7026833946147], [-88.0053300358727, 41.702664186882], [-88.0053818541486, 41.702642407053]], [[-88.0050249101175, 41.7027233615621], [-88.0050478184883, 41.7027768867227], [-88.0050583546999, 41.7028076817058], [-88.0050689135699, 41.702841110347], [-88.005093732373, 41.7028719452223], [-88.0051381690321, 41.7028974572832], [-88.0051809226863, 41.7029082821195], [-88.0052165043659, 41.7029324516174], [-88.005235902279, 41.7029779533857], [-88.005260550242, 41.7030421871161], [-88.0052835607482, 41.7030756782932], [-88.005311999238, 41.7030931312876], [-88.005390212613, 41.7031521930556], [-88.0054310572935, 41.7031857359935], [-88.0054238141903, 41.7032057495518], [-88.0054092813533, 41.7032551881443], [-88.0054036633479, 41.703308631827], [-88.0054053211406, 41.7033353938756], [-88.0054228632864, 41.7033929112086], [-88.0054405004146, 41.7034317388438], [-88.0054670454743, 41.703475943714], [-88.0055095416903, 41.7035375379869], [-88.0055663737252, 41.7035884982963], [-88.0056232409137, 41.7036327896068], [-88.005664126706, 41.7036583183471], [-88.0057193336881, 41.7036758475595], [-88.0057799323883, 41.7036920478547], [-88.0058387191169, 41.7037042624006], [-88.005920737393, 41.7037138545887], [-88.0059956143157, 41.7037234263773], [-88.0060936652346, 41.7037343804545], [-88.0061763587091, 41.7037345114514], [-88.0062289771549, 41.7037220911105], [-88.0062929302719, 41.7036795359687]], [[-87.9534615508958, 41.7155388257646], [-87.9534628764439, 41.7155569726344], [-87.9534721225336, 41.7156973207102], [-87.9534932418663, 41.7157683866198], [-87.9535163794254, 41.7158013950868], [-87.9535505358135, 41.7158351260485], [-87.9536089850065, 41.7158613903605], [-87.9536962871015, 41.7158833039305], [-87.9538199021558, 41.7158837122406], [-87.9539723154022, 41.7158951928205], [-87.9556731840771, 41.7158953073986], [-87.9561133400684, 41.715869638399], [-87.9572327596038, 41.7158678188669], [-87.9573417879803, 41.7158571983169], [-87.9575163995735, 41.7158306836149], [-87.957676385998, 41.7157931146962], [-87.9577780581001, 41.7157879583497], [-87.9578651109621, 41.7158589093809], [-87.9579154373592, 41.7159407177002], [-87.9579507359525, 41.7160935009198], [-87.9579575104199, 41.7168176711591], [-87.9579771733225, 41.717215335813], [-87.9580463003123, 41.7183973277512], [-87.958071273475, 41.7185119851442], [-87.9581286743461, 41.7186373962028], [-87.958135429348, 41.7187355290045], [-87.9581201136455, 41.7188496982823], [-87.9580980098603, 41.7189532246126], [-87.9580825980924, 41.7190838865654], [-87.9581180863371, 41.7191982226246], [-87.9582124060378, 41.7192801744065], [-87.9583498553779, 41.7193406687558], [-87.9584953267457, 41.7193630980088], [-87.9586549481694, 41.7193961939921], [-87.9587785712277, 41.7193965969996], [-87.9589022886662, 41.7193805341954], [-87.9590041541705, 41.7193428019763], [-87.9591059241858, 41.7193215083311], [-87.9592009672522, 41.7192727763945], [-87.9593102219415, 41.7192240636246], [-87.9594048248793, 41.7191753300858], [-87.9594999367242, 41.7191210824507], [-87.9595437310842, 41.7190666939344], [-87.9595946964669, 41.7190452345877], [-87.9597111191258, 41.7190236585232], [-87.9599150674265, 41.7189862582514], [-87.9600166479035, 41.7189975656211], [-87.9600746569074, 41.719024839923], [-87.9601031058413, 41.71909046674], [-87.9601242621408, 41.7192321989446], [-87.9601371491339, 41.719537218996], [-87.9601443265254, 41.7201962112483], [-87.9601567739271, 41.7205012307193], [-87.9601850692681, 41.7206755875917], [-87.9602224926594, 41.7210894178126], [-87.9602642425482, 41.7213948600984], [-87.9602926972687, 41.7215417750349], [-87.9602916576514, 41.7217215252768], [-87.9602839527702, 41.7217870076366], [-87.9603418012083, 41.7218362647227], [-87.9604433883142, 41.7218472142879], [-87.96066512937, 41.7219079802412], [-87.960715872236, 41.7219191221111], [-87.9607955756978, 41.7219138909701], [-87.9610218341149, 41.7219029617553], [-87.9612828831737, 41.7218935151051], [-87.9613991533745, 41.7218993810511], [-87.9614718155668, 41.7219270595102], [-87.9615879285345, 41.7219600106085], [-87.9616680073692, 41.7219657582968], [-87.9617623932954, 41.7219550862126], [-87.9618353086127, 41.7219388559814], [-87.9619446282175, 41.7218795201683], [-87.962046559109, 41.7218308081618], [-87.9621993909454, 41.7217657665784], [-87.9622509235907, 41.7217223811679], [-87.9622655422989, 41.721651761875], [-87.9622449140758, 41.7214935379324], [-87.9622601582597, 41.721314190978], [-87.9623045541458, 41.7212378217186], [-87.9623631238589, 41.7211618556458], [-87.9624797379336, 41.7211077019872], [-87.9627492142106, 41.7209888355179], [-87.9629061189912, 41.7209348122511], [-87.9631602502452, 41.7209301425095], [-87.9641707580958, 41.720938881897], [-87.964708644396, 41.7209570745954], [-87.9650574787598, 41.7209691703949], [-87.9654025921198, 41.7209918739969], [-87.9654752863311, 41.7210140613709], [-87.9655038957284, 41.7210522440423], [-87.9655109125808, 41.7211064670294], [-87.9655154744871, 41.7215911863743], [-87.965514697788, 41.72172738478], [-87.9655364880308, 41.721760386487], [-87.9656017352016, 41.7218041480375], [-87.9656598349553, 41.7218098235076], [-87.9657541292576, 41.7218152842955], [-87.9659505774062, 41.7218159125178], [-87.9661974465529, 41.7218005641597], [-87.9663939871396, 41.7217847259383], [-87.9664955731974, 41.7217960275976], [-87.9665755605306, 41.7218179089198], [-87.9666335416229, 41.7218510259201], [-87.9666767430927, 41.7219002042678], [-87.9668182221975, 41.7219823003236], [-87.9668980296801, 41.7220422440212], [-87.9669995227134, 41.7220700109187], [-87.9671079125471, 41.7221736262297], [-87.9672309829687, 41.7222721272839], [-87.9672887127254, 41.7223433081237], [-87.9673609477264, 41.7224468071178], [-87.9674112289984, 41.7225395883749], [-87.9674539732904, 41.7226758983413], [-87.9674892807425, 41.7229092787811], [-87.9675117522784, 41.723384121136], [-87.9675324031446, 41.7236184975035], [-87.9675456273836, 41.7237928054103], [-87.9675848421356, 41.7239833045652], [-87.9676348778007, 41.7241196655498], [-87.9676632490466, 41.7242068882839], [-87.9676921206013, 41.7242834648212], [-87.9676984900634, 41.7244522613208], [-87.9677052912916, 41.7245449049628], [-87.9677911500893, 41.7247465567528], [-87.9678265030829, 41.7248883316752], [-87.9678868250546, 41.7251554103938], [-87.9679010774393, 41.7252261221804], [-87.9679142802417, 41.7254820737014], [-87.9679213707517, 41.7255239472579], [-87.9679275888907, 41.725557941601], [-87.9679448803628, 41.7255772068836], [-87.967972701957, 41.7255934047696], [-87.9680042970749, 41.7255969356324], [-87.9680588063713, 41.7255906046423], [-87.9681060798113, 41.7255746184679], [-87.9681469705569, 41.7255473051409], [-87.9681902853499, 41.725499416138], [-87.968227288406, 41.7254340272765], [-87.9682638496523, 41.7253689656339], [-87.9682930794178, 41.7252983920319], [-87.9683300824161, 41.7252329743228], [-87.9683666142476, 41.7251730716733], [-87.9684177608852, 41.725113544959], [-87.9684908637729, 41.7250647087021], [-87.9685783964766, 41.725048519711], [-87.9687237539714, 41.725016405618], [-87.9688548973794, 41.7249842192461], [-87.968956674982, 41.7249625873906], [-87.9690803998391, 41.7249468702207], [-87.9693424727642, 41.7249202582664], [-87.9694514835792, 41.724915113956], [-87.9696334660534, 41.7248775990137], [-87.9697280088878, 41.7248398341494], [-87.9698156073133, 41.7248184862009], [-87.9699101507626, 41.7247803646416], [-87.9699977437623, 41.7247535548901], [-87.9701215196202, 41.7246503477694], [-87.9702278880296, 41.7245419263871], [-87.9703006352139, 41.7244711593269], [-87.9703229513598, 41.7244115406698], [-87.9703305989967, 41.7243542634537], [-87.9703229923477, 41.7243261100511], [-87.970311683666, 41.7242200881192], [-87.9703246370542, 41.7241120566727], [-87.9703613177879, 41.7240250400888], [-87.9704058584109, 41.7239215823403], [-87.9704571268997, 41.7238401004531], [-87.9705157872371, 41.7237531523215], [-87.9705451372927, 41.7236606238686], [-87.9705895847559, 41.7235736317246], [-87.9707556365895, 41.7234434705933], [-87.9713184667691, 41.7237505004203], [-87.9714532416477, 41.7238106663164], [-87.9715039591139, 41.7238269354535], [-87.97158410924, 41.7238271877979], [-87.9717293029616, 41.7238166665651], [-87.9719184003219, 41.7238227510172], [-87.9720706754779, 41.7238561617955], [-87.9728513726792, 41.7240273897665], [-87.9729822090608, 41.7240494252277], [-87.9730764735973, 41.7240606981089], [-87.9731419342089, 41.7240609033134], [-87.9733092355878, 41.724034313839], [-87.9734477028574, 41.7240018156265], [-87.9735348228564, 41.7239804912508], [-87.9736443022462, 41.7239698566691], [-87.9737092923051, 41.7239755478359], [-87.9739632109334, 41.7241691502522], [-87.9740638959065, 41.7242706307143], [-87.9741362643874, 41.7243525007445], [-87.974216074142, 41.7244073081386], [-87.9742797345528, 41.7244874212508], [-87.974337915482, 41.7245648016911], [-87.974423560103, 41.7245650692209], [-87.9745372378929, 41.7245441556689], [-87.9746083700864, 41.7245124605147], [-87.9746512692689, 41.7244594365545], [-87.9747509693195, 41.7243959420573], [-87.9748363742452, 41.724353671428], [-87.9748932123714, 41.7243432009534], [-87.9750353368838, 41.7243117548662], [-87.9751349542591, 41.724269528328], [-87.9751917934654, 41.7242590577088], [-87.9753911686501, 41.7241427153875], [-87.9754558087511, 41.7241257646595], [-87.9756406374769, 41.7240758986752], [-87.9757039268017, 41.7240582575203], [-87.9758174841902, 41.7240586108773], [-87.9760618468678, 41.7240868150755], [-87.9762521054341, 41.7241282418533], [-87.9763702039167, 41.7241354686983], [-87.9767336593535, 41.7241568230855], [-87.9770427194074, 41.7241577817567], [-87.9772697978942, 41.7241653464237], [-87.9773971301608, 41.7241588800778], [-87.9775153404131, 41.7241458819689], [-87.9776244325635, 41.724125637243], [-87.9776700084232, 41.7240849420067], [-87.9777159849001, 41.7240511376274], [-87.977716285727, 41.7239965806036], [-87.9777381049315, 41.7232748885167], [-87.9777388917257, 41.7231321848966], [-87.9777300724803, 41.7230707667284], [-87.9777396803262, 41.7229891526431], [-87.9777585214873, 41.7228938454767], [-87.9777232669325, 41.7227304487433], [-87.9777101697424, 41.7226144593628], [-87.9777466989012, 41.7225466502322], [-87.9778105498078, 41.7225128732029], [-87.977910481468, 41.7224925998559], [-87.9779650250003, 41.7224794034404], [-87.97802876536, 41.7224658788886], [-87.9780833863871, 41.7224386044583], [-87.978156506012, 41.7223846299591], [-87.9782205459381, 41.7223096874296], [-87.9782390492479, 41.7222757979263], [-87.9782306415136, 41.7221395701437], [-87.978240847182, 41.7219492272603], [-87.9782775625249, 41.7218539752222], [-87.9783231746287, 41.7217995581682], [-87.9784239924196, 41.7217045040994], [-87.9785241093791, 41.7216502832007], [-87.9786608933152, 41.7215896440993], [-87.9787700544018, 41.7215560063679], [-87.9788881861735, 41.721556370801], [-87.979104323868, 41.7215532773159], [-87.9792134771312, 41.7215210113041], [-87.9793300062846, 41.721479875847], [-87.9793602636577, 41.7214731082273], [-87.9793987986092, 41.7214598339034], [-87.9795112815231, 41.7214015346321], [-87.9795844740378, 41.7213338368824], [-87.9796575946761, 41.7212726440446], [-87.9797213699043, 41.7212522578299], [-87.9798756907134, 41.7212462283223], [-87.9801756167213, 41.7212471504611], [-87.9803213717213, 41.7212201550008], [-87.980448369127, 41.7211865704632], [-87.9805758808759, 41.7211461535475], [-87.9806303493872, 41.7211531815676], [-87.9807120674098, 41.7211942407724], [-87.9807571541072, 41.7212420753715], [-87.9807929367994, 41.7213101082446], [-87.9808385011314, 41.7213510555375], [-87.9809017530393, 41.7214263900076], [-87.9810194386472, 41.7215083947235], [-87.981128041973, 41.7215766498275], [-87.9812274874151, 41.7216452063037], [-87.9813183638172, 41.7216863201477], [-87.9814088006331, 41.7217274055622], [-87.9814815105307, 41.7217478811595], [-87.9816265283443, 41.7217689084775], [-87.9817539302741, 41.7217487149561], [-87.9818859464725, 41.7217220050149], [-87.9819496466972, 41.7217153389892], [-87.9820313709559, 41.7216747804434], [-87.9820590285504, 41.7216408903933], [-87.9821227673404, 41.7216205027354], [-87.9821956249544, 41.7216138645607], [-87.9823139054874, 41.7215871391654], [-87.9823862871429, 41.7215804994158], [-87.9824591802872, 41.7215604681635], [-87.9825591848609, 41.7215264693364], [-87.9826262509794, 41.7214868821395], [-87.9826386726632, 41.7214793722386], [-87.9826868806692, 41.7214520769419], [-87.9827217910209, 41.7214316000798], [-87.9827562110825, 41.721420398234], [-87.9827910450261, 41.7214139732084], [-87.9828327065287, 41.7214117134053], [-87.9829132712407, 41.7214160747057], [-87.9830414983944, 41.7214123500575], [-87.9831688246942, 41.7214058763894], [-87.9832778714432, 41.7213928165063], [-87.9833323776948, 41.7213929825332], [-87.9833960774128, 41.7213794557765], [-87.9834874349195, 41.7213389255267], [-87.983614763796, 41.7212439466969], [-87.9836877690167, 41.7212101942498], [-87.983769968577, 41.7211627750811], [-87.9839154277515, 41.7211086594848], [-87.9840250262122, 41.7210750459972], [-87.9841250633739, 41.7210345146102], [-87.9842160913796, 41.7209665385644], [-87.9842984358839, 41.7208988674075], [-87.9843440051227, 41.7208513086478], [-87.9843989513875, 41.7207698316497], [-87.9844445945293, 41.7207085793283], [-87.9844630188491, 41.7206883814153], [-87.9846497956777, 41.7206138366405], [-87.9847772296934, 41.7205871085652], [-87.9849132356671, 41.7205806610895], [-87.9850405243014, 41.7205810469597], [-87.9852224264698, 41.7205613722053], [-87.985322240566, 41.7205616745309], [-87.9853860154842, 41.720534423438], [-87.9854498234125, 41.720507503746], [-87.9855588699759, 41.7204941112578], [-87.9856770738456, 41.7204807472711], [-87.9857867794599, 41.7204268785714], [-87.9858832494415, 41.720368167168], [-87.985897511161, 41.7203589616751], [-87.985908061023, 41.7203521336431], [-87.9859416124123, 41.7203319812248], [-87.9860597789705, 41.7203254775598], [-87.9862917898229, 41.7202647875563], [-87.9863916767099, 41.72025169615], [-87.9864739099577, 41.7201974152096], [-87.986537753993, 41.7201636332908], [-87.9866109046706, 41.7200956013818], [-87.9866749678477, 41.7200210116186], [-87.9867659918826, 41.7199530074149], [-87.9868568313196, 41.71991933374], [-87.9869481474871, 41.7198787735894], [-87.9870663511518, 41.7198654081703], [-87.9872481758817, 41.7198594516304], [-87.9874302590062, 41.7197985810323], [-87.9875680864453, 41.7198003688902], [-87.9875831153826, 41.7198120775202], [-87.9876204376234, 41.7198537113328], [-87.9876378402865, 41.7200239122574], [-87.9876648746395, 41.7201056383509], [-87.987709965901, 41.7201534432371], [-87.9879637028052, 41.7203106330183], [-87.9881535548699, 41.720427151465], [-87.988253227991, 41.7205362093648], [-87.988324987703, 41.7206455120102], [-87.9883521332704, 41.7207066548817], [-87.9883515131369, 41.7208226010226], [-87.9883150689289, 41.7208770216884], [-87.9882689906989, 41.7209310838775], [-87.9881142312322, 41.7210126203634], [-87.9880139781131, 41.7210939629985], [-87.9879589271399, 41.7212025281744], [-87.9879585982742, 41.7212639451018], [-87.988003472609, 41.7213457238154], [-87.9880847557561, 41.7213867764728], [-87.9881667332889, 41.7213870227387], [-87.9882757085845, 41.7213873500171], [-87.9883394084853, 41.7213738196193], [-87.9884484540219, 41.721360781836], [-87.9889117879635, 41.7213686757669], [-87.9891709093854, 41.7213763129478], [-87.9892982350397, 41.7213698333859], [-87.989416366603, 41.7213701869947], [-87.9895436190859, 41.7213774285977], [-87.9896703232876, 41.7214052509038], [-87.9897884914579, 41.7213987443121], [-87.9898885670442, 41.7214330180577], [-87.98997006875, 41.721433261615], [-87.9900883812362, 41.7213996404699], [-87.9902436148036, 41.7213115984639], [-87.9902799508282, 41.7212842636319], [-87.9903798018816, 41.7212780573945], [-87.9904710465947, 41.7212508863609], [-87.9905984430413, 41.7212310134485], [-87.990707527434, 41.7212107562612], [-87.9907805275904, 41.7211770263008], [-87.9908532685938, 41.7211024600872], [-87.9909080986705, 41.7210343438371], [-87.9909543556568, 41.7209459769789], [-87.9910002102859, 41.7208507480734], [-87.9910008237664, 41.7207351584423], [-87.9910198613788, 41.7205990141955], [-87.9910202582502, 41.7205242323414], [-87.9910205112336, 41.7204765629381], [-87.991056917875, 41.7204289751146], [-87.9911116386653, 41.7203883296617], [-87.9911662506886, 41.720361378506], [-87.9912938269282, 41.720307228218], [-87.9914029459118, 41.7202801096395], [-87.9914578100646, 41.7202123506651], [-87.9915264467363, 41.7201309100708], [-87.9915360022042, 41.7200557989028], [-87.9915181566018, 41.7199672411187], [-87.9914459504851, 41.7198582956698], [-87.9913919873925, 41.7197559087424], [-87.9913745827918, 41.7196742121736], [-87.9913749792343, 41.719599431205], [-87.9913931421984, 41.7195380664158], [-87.9914300613423, 41.7194836461715], [-87.9915118478146, 41.7194296889207], [-87.991612319043, 41.7193956835839], [-87.9918125958357, 41.7192737987414], [-87.9920038997407, 41.7191995840746], [-87.9922823834979, 41.7190974984528], [-87.9924181578588, 41.7190509181465], [-87.9924726720604, 41.7190421607798], [-87.9925624684596, 41.7190317793061], [-87.9927126801757, 41.7190257203661], [-87.9928079394127, 41.7190215296407], [-87.9928744028716, 41.7190111057896], [-87.9929234680158, 41.7189937425204], [-87.9929643493296, 41.718972265503], [-87.9930190896857, 41.7189206148466], [-87.9931466940896, 41.7188602878198], [-87.9932623705548, 41.718804371387], [-87.9933610096768, 41.7187703581939], [-87.9934156138941, 41.7187444494673], [-87.9934619206203, 41.7187359959881], [-87.9935342744065, 41.7187338230736], [-87.9935865272505, 41.7187233288771], [-87.9937161166258, 41.7187172085527], [-87.9938548649162, 41.7187176185235], [-87.9939733864669, 41.7187265302295], [-87.9940886867332, 41.7187419644994], [-87.9941578458015, 41.7187414825628], [-87.9942242120654, 41.7187423645096], [-87.9943657868669, 41.7187276883752], [-87.9944641393511, 41.7187410140263], [-87.9945419652392, 41.7187433017483], [-87.9946083723678, 41.7187434975105], [-87.9946806108738, 41.7187632772948], [-87.9947611035099, 41.7187806665564], [-87.9948361343162, 41.7187918649249], [-87.9949459706292, 41.7188017935745], [-87.9950297853521, 41.7187934517073], [-87.9951424179924, 41.7187937832374], [-87.9951941162339, 41.7188049127026], [-87.9952316729744, 41.7188026345223], [-87.9953063286689, 41.7187946220524], [-87.995425338957, 41.7188011468135], [-87.9954945286971, 41.7187948189504], [-87.9955984984548, 41.7187845037818], [-87.9957258166682, 41.7187783466045], [-87.9958440237396, 41.7187635990941], [-87.9959164798401, 41.7187418572042], [-87.9959802527934, 41.718720446325], [-87.9962351585991, 41.7185654534841], [-87.9963017693579, 41.7185268716593], [-87.9963394728466, 41.7184964650366], [-87.996443873304, 41.7184037933701], [-87.9965192765313, 41.7183436381781], [-87.9966089101812, 41.718280095119], [-87.9966989214139, 41.7182282165102], [-87.996788430367, 41.7181811389419], [-87.996875616684, 41.7181443457517], [-87.9969564006528, 41.7181058320517], [-87.9970115002165, 41.718075805662], [-87.9970290566004, 41.7180453128328], [-87.9970379323722, 41.7180151511446], [-87.9970321089328, 41.7179870046889], [-87.9970237550068, 41.7179242171277], [-87.9970177707207, 41.7174912801565], [-87.9970138718614, 41.7173609120137], [-87.9970114736016, 41.7172939983638], [-87.9969721494132, 41.716406089555], [-87.996960917928, 41.7163614612554], [-87.9969569191444, 41.7163415531302], [-87.9969547395081, 41.7163168477457], [-87.9969576039354, 41.7162945719235], [-87.9969586431006, 41.7162708915803], [-87.9969605638868, 41.7162537451161], [-87.9969725964612, 41.7162290813314], [-87.9970047756153, 41.7162041469749], [-87.9970456699699, 41.7161795676496], [-87.9971007356591, 41.7161557158579], [-87.997154876765, 41.716133563038], [-87.9972144700478, 41.7161196861528], [-87.997267615585, 41.7161126233039], [-87.9973179991331, 41.7161086541361], [-87.9973619818105, 41.7161029654298], [-87.9974234189481, 41.7160866781286], [-87.9974844094115, 41.7160645460745], [-87.997525766455, 41.7160355209923], [-87.9975644051444, 41.7160009731736], [-87.9976003394747, 41.7159582123503], [-87.9976321695533, 41.7159157672612], [-87.9976571230202, 41.7158715742622], [-87.9976738424155, 41.7158260120509], [-87.9976900556568, 41.7157862665628], [-87.9977054232371, 41.7157399873031], [-87.997719402183, 41.7156933744492], [-87.9977489622588, 41.7156437323245], [-87.9977963622753, 41.7155934309888], [-87.9978395644764, 41.7155616677447], [-87.997881813581, 41.7155370920737], [-87.9979387365721, 41.7155080852661], [-87.9980135287968, 41.7154801741043], [-87.998085487307, 41.7154615302606], [-87.9981468934191, 41.7154510615848], [-87.9982073504288, 41.7154467918717], [-87.9982691758624, 41.7154469721543], [-87.998333706969, 41.715448175911], [-87.9983973601735, 41.7154490475364], [-87.9984655265138, 41.7154557783944], [-87.9985240490656, 41.7154713713896], [-87.9985770461138, 41.7154927943754], [-87.998632771243, 41.7155183417838], [-87.9986853124728, 41.7155428642736], [-87.9987300745921, 41.7155635771237], [-87.998775291428, 41.7155811903987], [-87.9988302243498, 41.7155827224801], [-87.9988930455397, 41.7155674819511], [-87.9989549969114, 41.7155364319236], [-87.99902386745, 41.7154988977032], [-87.9990894942311, 41.7154723313438], [-87.9991564492024, 41.7154512574778], [-87.9992256693117, 41.7154308762419], [-87.9992930893961, 41.7154118618991], [-87.9993604615346, 41.715394905628], [-87.9994214830482, 41.7153734848268], [-87.9994729005671, 41.7153465204115], [-87.9995147227555, 41.715312337728], [-87.999560186809, 41.7152891429444], [-87.9995969759546, 41.7152580464939], [-87.9996378191236, 41.7152358538792], [-87.9996781402059, 41.7152297962046], [-87.9997217012206, 41.7152206740509], [-87.9997679548633, 41.7152146335672], [-87.9997941314073, 41.7152026886772], [-87.9998225252242, 41.7152013989182], [-87.9998540939866, 41.7152021775168], [-87.9998793033593, 41.7152001915187], [-87.9999232693165, 41.7151975747523], [-87.9999828422158, 41.7151871276873], [-88.0000474711451, 41.7151691195236], [-88.0000965243337, 41.7151603426924], [-88.0001244888323, 41.7151498038908], [-88.0001611826073, 41.7151368737922], [-88.0002221824978, 41.7151195419923], [-88.0002881731877, 41.7151077412048], [-88.0003440497372, 41.7151037866282], [-88.0003948508781, 41.7151039338217], [-88.000444297196, 41.7151037196203], [-88.0004983211746, 41.7151038761039], [-88.0005574005136, 41.7151040472016], [-88.0006096285552, 41.7150973375958], [-88.0006681494645, 41.7151132869432], [-88.0007206510611, 41.7151388240095], [-88.0007758862167, 41.7151739750336], [-88.0008160956974, 41.7151895417763], [-88.0008530983359, 41.7152019983448], [-88.0008910915897, 41.7152069108474], [-88.0009400579601, 41.7152077376753], [-88.0009936563547, 41.715205149261], [-88.0010468137399, 41.7151960264457], [-88.0011054973701, 41.7151804161941], [-88.0011623496489, 41.7151648006188], [-88.0012128045584, 41.7151467796397], [-88.0012705813454, 41.7151294370676], [-88.0013251315847, 41.7151128000401], [-88.0013788052259, 41.7150958030066], [-88.0014329016336, 41.7150818801395], [-88.0014846718523, 41.7150714088592], [-88.0014993560107, 41.715064919962], [-88.0015176956057, 41.7150598416968], [-88.0015488880367, 41.7150482674369], [-88.0015855073795, 41.715049745325], [-88.0016231394613, 41.7150323453188], [-88.0016749022071, 41.7150307939189], [-88.0017253587117, 41.7150124143706], [-88.0017703494357, 41.7149885312612], [-88.0017961871637, 41.7149498285744], [-88.0018019331295, 41.7149008036752], [-88.0018021869754, 41.7148514063834], [-88.0018001407059, 41.714800630288], [-88.0017976511153, 41.7147505380964], [-88.0017910433042, 41.7147035087945], [-88.0017889599577, 41.7146599499751], [-88.0017882294748, 41.7146239149679], [-88.0017861398679, 41.7145885900345], [-88.0017804257924, 41.714538818074], [-88.0017719919298, 41.7144907678809], [-88.0017675564012, 41.7144629821983], [-88.0017631156568, 41.7144362121204], [-88.0017573475148, 41.7143967321577], [-88.0017502668179, 41.7143493710496], [-88.0017455043406, 41.7142996306429], [-88.0017375968009, 41.7142347585063], [-88.0017337550582, 41.7141767868496], [-88.0017317390587, 41.7141273830019], [-88.001733353755, 41.7140769469993], [-88.0017354283583, 41.7140296132058], [-88.0017402111095, 41.7139898332474], [-88.0017427051281, 41.7139534789041], [-88.0017437829751, 41.7139219221603], [-88.0017462127402, 41.7138910545007], [-88.0017477699564, 41.7138588130559], [-88.0017488619032, 41.713824512017], [-88.001750873017, 41.7137895275463], [-88.0017528911806, 41.7137531709281], [-88.0017549058157, 41.7137175003833], [-88.0017564304998, 41.7136845727597], [-88.00175664911, 41.7136420361941], [-88.0017550404588, 41.7135984787356], [-88.0017538484213, 41.7135669154403], [-88.0017483506923, 41.7135136479473], [-88.0016371665792, 41.7132873416862], [-88.0027825240711, 41.7125030157964], [-88.0027014150705, 41.7124283288488], [-88.0026565416296, 41.712344168853], [-88.0026555315028, 41.7121839509293], [-88.0026921793921, 41.7120008710478], [-88.0027278540031, 41.7118287665936], [-88.0028919138376, 41.7117043711608], [-88.0030711763908, 41.7115645948962], [-88.0030932406546, 41.7115471505553], [-88.0032247099951, 41.7114425565186], [-88.0032455413244, 41.7113081438725], [-88.0032112597427, 41.7111221166022], [-88.0031820619881, 41.711009184488], [-88.0031611479474, 41.7108948778853], [-88.0031178398117, 41.710769555694], [-88.0030677031572, 41.7106332104016], [-88.0030318904117, 41.7105675999389], [-88.0030029811922, 41.7104913614977], [-88.0029380285606, 41.7103875760593], [-88.0028948896503, 41.7103222740244], [-88.0028738845586, 41.7102186140055], [-88.0028306337864, 41.7100822883981], [-88.0027953224707, 41.7099188978843], [-88.0027455502534, 41.7097119138099], [-88.0027025526021, 41.70961916873], [-88.0026589404522, 41.7095535086891], [-88.0026121028044, 41.7094881958963], [-88.0024962144549, 41.7094117060666], [-88.0023876245477, 41.7093403971761], [-88.0022426606352, 41.7092202443921], [-88.002141674125, 41.7090947565087], [-88.0020554218583, 41.7089528179733], [-88.00202659905, 41.7088601125899], [-88.0019617965744, 41.7087347288525], [-88.0019040591616, 41.7086529183067], [-88.0018463861359, 41.7085656192412], [-88.0018105386645, 41.7084999803642], [-88.0018109581098, 41.7084183375265], [-88.001788037697, 41.7078899854595], [-88.0017958098185, 41.7078028751494], [-88.0018180915229, 41.7077429205392], [-88.0018764430264, 41.7077049967572], [-88.0019346737079, 41.7076835674375], [-88.0020510056101, 41.7076729254971], [-88.002988480564, 41.7076866015108], [-88.0030901072401, 41.7076868935989], [-88.0031483753805, 41.7076651063232], [-88.0031919849541, 41.7076381168676], [-88.0032361262958, 41.7076001803819], [-88.0032799695409, 41.7075347708287], [-88.0033165322021, 41.7074532326694], [-88.0033537383502, 41.7073391190323], [-88.0033613136562, 41.7072900722304], [-88.0033449795079, 41.706903429256], [-88.0033403314896, 41.7063802619467], [-88.0033488789284, 41.7061408420261], [-88.0033750773672, 41.7059446970152], [-88.0034049302257, 41.7058360517965], [-88.0034559761073, 41.7057871288674], [-88.003543816289, 41.7057112255676], [-88.0035802682803, 41.7056513112559], [-88.0036026288118, 41.7055752209037], [-88.0036103225187, 41.7054170851247], [-88.0036253038775, 41.7053519500497], [-88.003633602443, 41.7051612422746], [-88.0036414277996, 41.7050631545913], [-88.0036563810049, 41.7050035081062], [-88.0037038735549, 41.7049326480614], [-88.0037479632609, 41.7048185269778], [-88.0037269877605, 41.7047093793219], [-88.0036478428163, 41.7045242659209], [-88.0035400663106, 41.7042951329505], [-88.0034536471083, 41.7040931750401], [-88.0033757043894, 41.7039065666616], [-88.0033531953887, 41.7038644203522], [-88.0033066492685, 41.7038343924744], [-88.0033834181514, 41.7037177812774], [-88.0034306595694, 41.7036684224407], [-88.0035179398519, 41.703608654027], [-88.0036198370006, 41.7035547457006], [-88.003794499736, 41.7035006894141], [-88.0040930403034, 41.703397945351], [-88.0042535854382, 41.7033332271052], [-88.0044358209041, 41.703230149948], [-88.0045231806715, 41.7031542444874], [-88.0045596942979, 41.7030888413322], [-88.0045748402152, 41.7029911031279], [-88.0045753958698, 41.702882017184], [-88.0045613298866, 41.7027677572759], [-88.0045504314011, 41.7027182676416], [-88.004547990671, 41.7026705084124], [-88.0045467369444, 41.7026534139222], [-88.004552811301, 41.7026458915668], [-88.0045608838764, 41.7026413911813], [-88.0045729646564, 41.702639917615], [-88.0045870501376, 41.7026399579088], [-88.0046791802082, 41.7026515148132], [-88.0047522776305, 41.7026650889889], [-88.0048502654089, 41.7026880918544], [-88.0049482804822, 41.7027057437903], [-88.0050249101175, 41.7027233615621]], [[-87.9534566623154, 41.7154719137938], [-87.9534615508958, 41.7155388257646]], [[-87.9531709073511, 41.7158323500662], [-87.9531934224038, 41.7157511372016], [-87.9532515303966, 41.715667209491], [-87.9533657895993, 41.7155801477565], [-87.9534615508958, 41.7155388257646]], [[-87.9994882345062, 41.6994145572578], [-87.999386595809, 41.6993759177031], [-87.99920520847, 41.6993157010425], [-87.9985048602149, 41.6991445291346], [-87.9981418568551, 41.6990618267779], [-87.9973867982269, 41.698934424955], [-87.9969221549993, 41.6988569093686], [-87.9964467008189, 41.6987464290067], [-87.9957279696609, 41.6985920088823], [-87.9955831769208, 41.6985370261332], [-87.9954599086736, 41.6984766439111], [-87.9953367538814, 41.698394637589], [-87.9950819165629, 41.6981112196507], [-87.9950438386264, 41.6980364403868], [-87.9953829096312, 41.6969382602657], [-87.9953349824966, 41.6968964841784], [-87.9951957552569, 41.6968258282616], [-87.9951089629918, 41.6967929693836], [-87.9950000866767, 41.6967816715354], [-87.9948330081201, 41.6967811795416], [-87.9940479845087, 41.6967950020635], [-87.9935463439549, 41.6967935200035], [-87.9931032034712, 41.6968086750143], [-87.9920385022157, 41.6968219841295], [-87.9917551677461, 41.6968211423535], [-87.9916241790091, 41.696836862464], [-87.9915003964773, 41.6968749151516], [-87.9913912631748, 41.696912681756], [-87.9912748915147, 41.6969339336439], [-87.9909260651308, 41.6969438722477], [-87.9902395111691, 41.6969418246705], [-87.9897377832358, 41.6969567917812], [-87.9892510900348, 41.6969879382357], [-87.988669246485, 41.6970023042392], [-87.9877862680833, 41.6970161188076], [-87.9875538145615, 41.6970044422759], [-87.9873866755309, 41.6970149166448], [-87.9872342213367, 41.6970254349954], [-87.9871187302761, 41.6970528871073], [-87.9869941507692, 41.6970682917092], [-87.9868197189166, 41.6970732554902], [-87.9867183725863, 41.6970238803401], [-87.9866680241753, 41.6969420842811], [-87.9866539340933, 41.6968384428387], [-87.986640018998, 41.696702226355], [-87.9866113988107, 41.6965769149629], [-87.986524814572, 41.6965059868796], [-87.986368898617, 41.6964725841503], [-87.9862453202925, 41.6964722109935], [-87.9861872973568, 41.6964559262325], [-87.9861294156774, 41.6964066818417], [-87.9861076497444, 41.6963685527288], [-87.9860933264213, 41.6963084634435], [-87.9860723014125, 41.6962212661235], [-87.986050772411, 41.6961395577623], [-87.9859930663832, 41.6960577382622], [-87.9858052870022, 41.6958283744709], [-87.9856756769995, 41.6956698252755], [-87.9855238927229, 41.6954680133273], [-87.9854302241733, 41.6953534830097], [-87.985364998953, 41.6953152212806], [-87.985288663987, 41.6952930353818], [-87.9851870274171, 41.6952982153226], [-87.985027195407, 41.6953193301271], [-87.9849324345101, 41.6953190428941], [-87.9848599150275, 41.6952752691779], [-87.9847809828547, 41.6951443169497], [-87.9847303966369, 41.6951006105694], [-87.9846651117484, 41.6950732986239], [-87.9845343020855, 41.6950564356287], [-87.9842946203482, 41.695028621056], [-87.9841786035019, 41.6949846877832], [-87.984113400332, 41.6949354489351], [-87.9840629677649, 41.6948701166148], [-87.9840488229078, 41.6947774520276], [-87.9840421495206, 41.6946573667081], [-87.9840211214609, 41.694564681194], [-87.9839781886269, 41.694466769039], [-87.9839131061549, 41.6943955756894], [-87.9838408540175, 41.694302734385], [-87.9837323975272, 41.6942152706944], [-87.9836238521358, 41.6941442735939], [-87.9835550186784, 41.6940895067765], [-87.9834974143571, 41.6939967089315], [-87.9834834755532, 41.6938659806201], [-87.983440952195, 41.6936860966242], [-87.9834050166873, 41.6935607630025], [-87.9833261489122, 41.6934188586697], [-87.9831180116222, 41.6931454909718], [-87.9828511687818, 41.6932324974309], [-87.9827420652503, 41.6932647672486], [-87.9826183161633, 41.6932969652589], [-87.9824654826072, 41.6932910100728], [-87.9821534348521, 41.6932739474539], [-87.9818263936151, 41.6932400155157], [-87.9817468461475, 41.6932236356598], [-87.9816580573447, 41.6932233639993], [-87.9814559064519, 41.6932773025862], [-87.9813248650374, 41.6933039881868], [-87.9812085246365, 41.6933200978531], [-87.9810414032705, 41.6933357222124], [-87.9809030955396, 41.693351764229], [-87.9806157591574, 41.6934160618046], [-87.9803173527883, 41.6935022776103], [-87.9799969711333, 41.6935829381914], [-87.9796475337008, 41.6937074170662], [-87.9791963423466, 41.6938583387247], [-87.9787666772425, 41.6940096554582], [-87.9783190212566, 41.6941825393183], [-87.9778677642671, 41.6943444329149], [-87.9774887269959, 41.6945230153322], [-87.9772481497712, 41.6946584717329], [-87.9770223375783, 41.6947719916452], [-87.9767891117322, 41.6949019820829], [-87.9765993473302, 41.6950320790468], [-87.9764205418713, 41.6951732141126], [-87.976304048316, 41.6952164052129], [-87.9760783216575, 41.695313814912], [-87.9756996366578, 41.6954268838992], [-87.9754302880584, 41.6955461104095], [-87.9750078973935, 41.6957025948316], [-87.9744325284254, 41.6959567094135], [-87.9737370554033, 41.696243378372], [-87.9732055646678, 41.6964214685601], [-87.9729868670129, 41.6964914507604], [-87.9728562222643, 41.6965236157096], [-87.9727325213888, 41.6965451823772], [-87.9725073649777, 41.6965389869942], [-87.9721001053402, 41.6965212415538], [-87.9715793912956, 41.6966568207735], [-87.9712604519925, 41.697364040345], [-87.9710091442038, 41.6973840055529], [-87.9707330098439, 41.6974047328327], [-87.97052181255, 41.6974421575341], [-87.9702601687627, 41.6974903728417], [-87.970041493212, 41.6975552164522], [-87.9699107842603, 41.6975983561089], [-87.9695357368113, 41.6977114171232], [-87.9691208560256, 41.6978298114506], [-87.9685749378663, 41.6979642815108], [-87.9680434560936, 41.6981423486766], [-87.9676216849741, 41.6982607156768], [-87.9673048634908, 41.6983523285692], [-87.9666718243377, 41.6985190885063], [-87.966358663149, 41.698610710462], [-87.9659731873388, 41.6987075891088], [-87.9656746686679, 41.6987992560007], [-87.9654486607157, 41.6988640673917], [-87.9652850532716, 41.6988961199915], [-87.9651399447707, 41.6989011429639], [-87.9648709645846, 41.6988728383758], [-87.9641886453623, 41.698767405501], [-87.9639852573704, 41.6987121947353], [-87.9638620185851, 41.6986517796406], [-87.9637608413603, 41.6985752988515], [-87.96359448058, 41.698455027456], [-87.9634930869427, 41.6984166378734], [-87.9633623705868, 41.6983832850407], [-87.9631661178334, 41.6983610269878], [-87.962922366192, 41.6984038224317], [-87.9627631906637, 41.6984674447513], [-87.9627622713094, 41.6984681269718], [-87.962747591013, 41.6984739257652], [-87.9626602486599, 41.6985391517247], [-87.9627307252157, 41.6989369798317], [-87.9627728200047, 41.6991820479948], [-87.9628080841447, 41.6993348030472], [-87.9627859033567, 41.6994544669016], [-87.9627561092199, 41.6995415036489], [-87.9626063307725, 41.6997152871097], [-87.962525560255, 41.6998347339759], [-87.9624739843053, 41.6999652811717], [-87.9624292356832, 41.700188444852], [-87.9623985634027, 41.7004281460931], [-87.9623934309643, 41.7006840401474], [-87.9624292034941, 41.7008313073366], [-87.9625208408207, 41.7011345239823], [-87.9628537713137, 41.7011043664729], [-87.9630164425288, 41.701077117831], [-87.9631419410129, 41.7010634439112], [-87.963332396764, 41.7010571964052], [-87.9634669297352, 41.701064490315], [-87.9634945692972, 41.7012704056605], [-87.9635014566353, 41.7013465832555], [-87.9634866303703, 41.7014607821916], [-87.9634929161612, 41.7015589134669], [-87.9634999588825, 41.7016079776982], [-87.9635723201449, 41.7016843659689], [-87.9636155057235, 41.701733573487], [-87.9637053665775, 41.7019516809945], [-87.9637482704206, 41.7020499291176], [-87.9637838564205, 41.702153643271], [-87.9638403519429, 41.7024368493323], [-87.9639183525509, 41.7028075867874], [-87.963971309829, 41.7030691553036], [-87.9639919420152, 41.7033035060479], [-87.9640124159265, 41.7034884860833], [-87.9640552682704, 41.7036793553342], [-87.964119742633, 41.7038483393221], [-87.9641840268649, 41.7039737427779], [-87.9642595230681, 41.7041431204318], [-87.9642591189575, 41.7042137858504], [-87.964280468075, 41.7043225844175], [-87.9642874813385, 41.7043771650715], [-87.9643303562735, 41.7044809015218], [-87.9643446003537, 41.70455161397], [-87.964351332118, 41.7046552343551], [-87.9643356562329, 41.7048349390772], [-87.9643353758379, 41.7048839797162], [-87.9643131543643, 41.7049274882371], [-87.9641747343876, 41.7050412632435], [-87.9641050965395, 41.7051281722587], [-87.9640241961428, 41.7052696031608], [-87.9639215762008, 41.7054435387933], [-87.9638335945191, 41.7055358782455], [-87.9637825214943, 41.7055847546534], [-87.9637167928522, 41.7056281240387], [-87.9636294133908, 41.7056985087654], [-87.9635266645765, 41.7058178872995], [-87.9634726183759, 41.7058997139628], [-87.9632066445012, 41.7059043463164], [-87.9630683378715, 41.7059145215879], [-87.9629158846749, 41.705914030293], [-87.9627775771353, 41.7059245617593], [-87.9625602594084, 41.7059563255786], [-87.9625003948212, 41.7059675779631], [-87.9623230053454, 41.7060047391538], [-87.9622500198828, 41.7060425946921], [-87.9621843521917, 41.7060753146791], [-87.9621406320918, 41.7061187263236], [-87.9620604112089, 41.7061346045703], [-87.9619880855722, 41.7061343708847], [-87.9618788210784, 41.7061123925994], [-87.9618136624109, 41.7061392958077], [-87.9617188238604, 41.7061499665195], [-87.9616319117572, 41.7061387080909], [-87.961508378507, 41.7061273311146], [-87.9613702886375, 41.7060997704024], [-87.9613048463339, 41.706099558566], [-87.9612252269617, 41.706093811213], [-87.961086730716, 41.7061369434456], [-87.9610210327409, 41.7061747938954], [-87.9609481394393, 41.7061965124156], [-87.9608683001276, 41.7062288570904], [-87.9608174384631, 41.7062341809072], [-87.9606936841882, 41.7062608665143], [-87.9605987247187, 41.7062986506464], [-87.9605258902187, 41.7063039021643], [-87.9604169736413, 41.7062980610064], [-87.9603515926883, 41.7062872001129], [-87.960271846958, 41.7063030777518], [-87.9600861183647, 41.7063570048749], [-87.9599261238001, 41.7064000649792], [-87.9597876261952, 41.706443168627], [-87.9596490317131, 41.7065027630262], [-87.9595403322159, 41.7066176725798], [-87.9596407313162, 41.7066715136727], [-87.9596843613642, 41.7067261857341], [-87.9596912117583, 41.7068078520358], [-87.9596832907212, 41.7069110954689], [-87.9597115124231, 41.7070147868479], [-87.9597401782391, 41.7071239674354], [-87.9597684064648, 41.7072327900436], [-87.9597898434119, 41.7073254810948], [-87.9597746585166, 41.7074180531031], [-87.9597455166755, 41.7074670277965], [-87.9596831056306, 41.7075755548269], [-87.9596095444003, 41.7077060290658], [-87.9595291345842, 41.7077602977257], [-87.9594127334181, 41.7077818737354], [-87.959296427122, 41.7077866543798], [-87.959158711976, 41.7077700695819], [-87.9590495728803, 41.7077261613377], [-87.9589555887506, 41.7076712980039], [-87.9588689266235, 41.7076164854629], [-87.9587962797186, 41.7075891348901], [-87.9587165355423, 41.7075288561066], [-87.958593189493, 41.7074848741035], [-87.9584770403072, 41.7074628971485], [-87.958346211414, 41.7074460043024], [-87.9581864941136, 41.7074345056802], [-87.9580921288768, 41.7074451749393], [-87.9579756636356, 41.7074773691841], [-87.9579027371133, 41.7075045752307], [-87.9578183123274, 41.7076130572376], [-87.9577890466183, 41.7076894464815], [-87.9577084414325, 41.7077708270568], [-87.9576211782752, 41.7078196103167], [-87.95754092767, 41.7078464347383], [-87.9574607987239, 41.7078461726843], [-87.9573826387764, 41.7078284353762], [-87.9573119153193, 41.7077853111241], [-87.9571347708095, 41.707703443898], [-87.9570694542072, 41.7076816040034], [-87.9569751192398, 41.7076867837704], [-87.9568949904972, 41.7076865213226], [-87.9568368089044, 41.7076969785337], [-87.9568005305267, 41.7077133265931], [-87.9567423790074, 41.7077186238178], [-87.9566115192248, 41.7077072175693], [-87.9565532663457, 41.7077234935129], [-87.95644431571, 41.7077231362504], [-87.9563276278225, 41.7077934192666], [-87.9562765781962, 41.7078368055174], [-87.9561234581714, 41.7078743932932], [-87.9559125619, 41.7079282319368], [-87.9557451026563, 41.7079877277048], [-87.9555808046035, 41.7080578544167], [-87.9554714062858, 41.7081336500924], [-87.9554273298388, 41.708237104752], [-87.9554160404679, 41.7083431171337], [-87.9554400965466, 41.7085585636017], [-87.9554385979078, 41.7088144680082], [-87.9554442940376, 41.7090923516492], [-87.9554393271444, 41.7093153134989], [-87.9554090060601, 41.7094898356517], [-87.9554147053904, 41.7097673627245], [-87.9554481073788, 41.7102360687347], [-87.9554651767442, 41.7104484822076], [-87.9554354926055, 41.7105952065284], [-87.9553983597689, 41.7106822170535], [-87.9553325240117, 41.710742019342], [-87.9552232164316, 41.7108017055777], [-87.9551064251063, 41.71088845388], [-87.9550331423686, 41.7109753461974], [-87.9549963829766, 41.7110733351551], [-87.9549883240786, 41.7111985053945], [-87.9550024003615, 41.7112963321696], [-87.9549800096043, 41.7113672546088], [-87.9549109892963, 41.711426717527], [-87.9548014316567, 41.7114537991494], [-87.9546924091248, 41.7114644173226], [-87.9535227145616, 41.7113840734322], [-87.953464426482, 41.7114058354487], [-87.9534060807564, 41.7114437067053], [-87.9533548595748, 41.711509071847], [-87.9533181354806, 41.7116067029252], [-87.953302907921, 41.7117047634288], [-87.9533014652909, 41.711949691408], [-87.9532789752856, 41.7120371061949], [-87.9532495396277, 41.7121347622464], [-87.9531690876517, 41.712194541945], [-87.9530448388189, 41.7123028615819], [-87.9530010721381, 41.7123462965503], [-87.9529932000126, 41.7124388926748], [-87.9530000149098, 41.7131469551967], [-87.9530493123783, 41.7140294224957], [-87.9530473854864, 41.7143563222197], [-87.9530827003558, 41.7144981287868], [-87.9531841723806, 41.7146071961022], [-87.9533284178146, 41.714754851551], [-87.9533861970333, 41.7148202205106], [-87.9534150171124, 41.7149019597018], [-87.9534566623154, 41.7154719137938]], [[-87.9994882345062, 41.6994145572578], [-87.9995344813804, 41.6994392331049], [-87.9995458349237, 41.6994463394245], [-87.9995568553849, 41.6994537364968], [-87.9995675259915, 41.6994614152698], [-87.9995778347764, 41.6994693667049], [-87.9995836187318, 41.6994741482849], [-87.999587769782, 41.6994775799628], [-87.9995973178257, 41.699486048703], [-87.9996064717691, 41.6994947593992], [-87.999615213643, 41.699503702095], [-87.9996235374916, 41.6995128668692], [-87.9996314349705, 41.6995222410925], [-87.9996388929064, 41.6995318166232], [-87.9996459029641, 41.6995415790313], [-87.9996524591925, 41.699551517495], [-87.9996585496384, 41.6995616202749], [-87.9996641695518, 41.6995718765528], [-87.9996693130097, 41.6995822701047], [-87.9996739740468, 41.6995927928101], [-87.9996781431218, 41.6996034311357], [-87.9996818179063, 41.6996141706688], [-87.9996849936689, 41.6996249969897], [-87.9996876680487, 41.6996359019882], [-87.9996898363283, 41.6996468685435], [-87.9996914973666, 41.6996578849475], [-87.9996926464183, 41.6996689394816], [-87.9996932823703, 41.6996800150354], [-87.999693408873, 41.6996911026159], [-87.9996930224104, 41.6997021851055], [-87.99969212064, 41.6997132507928], [-87.9996907108349, 41.6997242870935], [-87.9996887882638, 41.6997352795879], [-87.9996863614012, 41.6997462156953], [-87.9996834279047, 41.6997570837041], [-87.9996799962673, 41.699767867432], [-87.9996760665492, 41.6997785551745], [-87.9996716448131, 41.6997891361444], [-87.9996667371445, 41.6997995950531], [-87.9996613484187, 41.6998099184091], [-87.999655484684, 41.6998200981263], [-87.9996491556305, 41.6998301189267], [-87.9996423673253, 41.6998399691228], [-87.9996351258357, 41.6998496370273], [-87.9996274420389, 41.6998591100664], [-87.9996193244004, 41.6998683774602], [-87.9996107825681, 41.6998774320335], [-87.9995304861556, 41.6999355863263], [-87.9994919495138, 41.6999589813669], [-87.9994543384313, 41.6999832056274], [-87.9994176830352, 41.7000082411886], [-87.9993820170754, 41.7000340665405], [-87.9993473695107, 41.7000606574581], [-87.9992630445185, 41.700146636734], [-87.999255383111, 41.700155480451], [-87.9992481243991, 41.7001645117156], [-87.9992412768298, 41.7001737233495], [-87.9992348476676, 41.7001831045694], [-87.999228847804, 41.7001926401007], [-87.9992232820773, 41.7002023236548], [-87.9992181553493, 41.7002121444415], [-87.999213473706, 41.7002220871721], [-87.9992092443934, 41.7002321446648], [-87.9992054722963, 41.7002423016275], [-87.9992021610562, 41.7002525508677], [-87.9991993155583, 41.7002628770935], [-87.9991969334558, 41.7002732694934], [-87.999195025622, 41.7002837163943], [-87.9991935897148, 41.7002942060845], [-87.9991926258093, 41.7003047241583], [-87.9991921387529, 41.7003152625263], [-87.9991921274145, 41.7003258076798], [-87.9991964504917, 41.7004538300948], [-87.9992025494798, 41.7005762393335], [-87.9992065780016, 41.7006548744464], [-87.9992057125516, 41.7006960388516], [-87.9992102345214, 41.7008044471789], [-87.9992117925435, 41.7009163538452], [-87.9992154743078, 41.7010195096422], [-87.9992239964357, 41.7011085337274], [-87.9992255168025, 41.7011850141476], [-87.9992320625112, 41.7013230362591], [-87.999235988037, 41.7013993021765], [-87.9992366472524, 41.701412138029], [-87.9992489852301, 41.7015201828028], [-87.9992614290826, 41.701615207568], [-87.9992699714384, 41.7017516499121], [-87.9992835602442, 41.7018195299139], [-87.9993107674926, 41.7018959517305], [-87.9993372234877, 41.70195991828], [-87.9993413309663, 41.7019671548205], [-87.9993451099392, 41.701974491248], [-87.9993485556378, 41.7019819203458], [-87.9993516609096, 41.7019894312886], [-87.9993544281945, 41.7019970168805], [-87.9993568467216, 41.7020046689869], [-87.9993589189448, 41.7020123777108], [-87.9993606413065, 41.7020201340381], [-87.9993620126377, 41.7020279316629], [-87.9993630281978, 41.702035757966], [-87.9993636892161, 41.702043607549], [-87.9993639969638, 41.7020514669098], [-87.9993639466583, 41.7020593315327], [-87.9993635407676, 41.7020671888196], [-87.9993627793242, 41.702075032468], [-87.999361664782, 41.7020828525809], [-87.9993601935925, 41.7020906383435], [-87.9993583754042, 41.7020983825808], [-87.9993562054579, 41.7021060762753], [-87.9993536873997, 41.7021137113341], [-87.9993508260863, 41.7021212778672], [-87.9993095531863, 41.702196060947], [-87.9992733975003, 41.7022614805882], [-87.9992692328323, 41.7022710943829], [-87.9992655121742, 41.7022808085092], [-87.9992622379662, 41.7022906157715], [-87.9992594199084, 41.7023004990906], [-87.9992570568416, 41.70231045036], [-87.9992551536369, 41.7023204569886], [-87.9992537103549, 41.7023305072718], [-87.9992527306656, 41.7023405886149], [-87.9992522134282, 41.7023506893099], [-87.9992521635138, 41.7023607967656], [-87.9992525761777, 41.7023708992634], [-87.9992568815608, 41.7024796373652], [-87.9992633585918, 41.7025694514107], [-87.9992751023505, 41.7026776817106], [-87.9992755314013, 41.7026867083083], [-87.9992763822495, 41.7026957172242], [-87.9992776501318, 41.7027047003411], [-87.9992793339259, 41.7027136423493], [-87.9992814348662, 41.7027225369499], [-87.9992839458141, 41.7027313706163], [-87.9992868668164, 41.7027401343451], [-87.9992901931329, 41.7027488155171], [-87.9992939200092, 41.7027574042144], [-87.9992980462905, 41.7027658914298], [-87.9993025648339, 41.7027742645373], [-87.9993074672714, 41.7027825154092], [-87.9993127512561, 41.7027906332341], [-87.999318412043, 41.7027986062933], [-87.9993244364399, 41.7028064300465], [-87.9993308233199, 41.7028140900844], [-87.999337561917, 41.7028215773719], [-87.9993446438538, 41.702828885582], [-87.9993520619823, 41.702836002989], [-87.9993598079207, 41.7028429241663], [-87.9993678685044, 41.7028496391713], [-87.9993762365763, 41.7028561380791], [-87.9993849037543, 41.7028624154631], [-87.9993938556724, 41.7028684613773], [-87.9994030839394, 41.7028742721958], [-87.9994125790044, 41.7028798361858], [-87.999422324066, 41.702885149697], [-87.9994323107513, 41.7028902055022], [-87.9994425258727, 41.7028949981604], [-87.9994529598512, 41.7028995213414], [-87.9994635971054, 41.7029037677968], [-87.9994744256396, 41.7029077338901], [-87.9994854286523, 41.7029114159711], [-87.9994965989628, 41.7029148086165], [-87.9995079209804, 41.7029179063788], [-87.9995193778989, 41.7029207065079], [-87.9995309601207, 41.702923206275], [-87.9996482658018, 41.7029452549615], [-87.9997696072947, 41.7029668245385], [-87.999903039503, 41.7029899299912], [-88.000026790169, 41.7030105491888], [-88.0001417048213, 41.7030308284047], [-88.0002508871533, 41.7030499987378], [-88.0003769003599, 41.7030706205144], [-88.0004945206614, 41.7030874497798], [-88.0006188158027, 41.7031018069145], [-88.0007277446045, 41.703114271875], [-88.000732765158, 41.7031143305236], [-88.0007377814346, 41.703114519714], [-88.0007427850194, 41.7031148403219], [-88.0007477723222, 41.7031152896361], [-88.0007527337177, 41.7031158703296], [-88.0007576668169, 41.7031165796946], [-88.0007625656173, 41.7031174168132], [-88.00076741932, 41.7031183789531], [-88.0007722267004, 41.7031194706126], [-88.0007769817885, 41.7031206845715], [-88.000781676165, 41.7031220226061], [-88.0007863050382, 41.7031234820015], [-88.0007908660237, 41.7031250591492], [-88.0007953470933, 41.7031267567157], [-88.0007997506824, 41.7031285684053], [-88.000804064772, 41.7031304950837], [-88.0008082881794, 41.7031325331458], [-88.0008124149158, 41.7031346789731], [-88.0008164389834, 41.7031369307472], [-88.0008203567873, 41.7031392866571], [-88.0008241611328, 41.7031417439809], [-88.00082784964, 41.7031442982098], [-88.0008314199203, 41.7031469466358], [-88.0008348611745, 41.7031496865266], [-88.0008381770255, 41.7031525142911], [-88.0008413578758, 41.7031554272004], [-88.0008444013457, 41.7031584207459], [-88.0008473038448, 41.703161492216], [-88.0008500641902, 41.7031646380058], [-88.0008526752011, 41.7031678526922], [-88.0008551368869, 41.7031711344747], [-88.0008574432727, 41.7031744770333], [-88.0008595931711, 41.7031778776634], [-88.0008615841884, 41.7031813345573], [-88.000863416371, 41.7031848387116], [-88.000865082515, 41.7031883892049], [-88.000866581442, 41.703191981532], [-88.0008679155781, 41.7031956111981], [-88.00086908015, 41.7031992718868], [-88.0008700727641, 41.7032029617902], [-88.0008708934528, 41.7032066746061], [-88.0008715422347, 41.7032104067328], [-88.0008720167253, 41.703214154562], [-88.0008723181587, 41.7032179117947], [-88.000872445361, 41.7032216730253], [-88.0008723959295, 41.7032254382467], [-88.0008721735101, 41.7032291993662], [-88.0008717757278, 41.7032329509746], [-88.0008712049993, 41.7032366903778], [-88.0008563805809, 41.7033940625905], [-88.0008575299435, 41.7034291300829], [-88.0008584974185, 41.7034397996132], [-88.0008599648681, 41.7034504363758], [-88.0008619287392, 41.7034610304562], [-88.0008643903262, 41.7034715638506], [-88.0008673460761, 41.7034820266445], [-88.0008707876486, 41.7034924053084], [-88.000874717521, 41.7035026854432], [-88.0008791237302, 41.7035128571102], [-88.0008840063505, 41.7035229059036], [-88.000889357037, 41.7035328191939], [-88.000895169843, 41.7035425852591], [-88.0009374286304, 41.7036090830684], [-88.0009653269279, 41.7036498264489], [-88.0009764913729, 41.7036700298165], [-88.0009885740874, 41.7036899324125], [-88.0010015583541, 41.7037095143799], [-88.0010154322935, 41.7037287495735], [-88.0010301803941, 41.7037476172393], [-88.0010457811416, 41.7037660957058], [-88.0010622178369, 41.7037841615146], [-88.0010794737667, 41.7038017939086], [-88.0010975262105, 41.7038189721131], [-88.001116352443, 41.7038356762537], [-88.0011201184304, 41.7038378930567], [-88.001123984657, 41.7038400093075], [-88.0011279475324, 41.7038420222945], [-88.0011320022648, 41.7038439293027], [-88.0011361428468, 41.7038457303149], [-88.0011403632897, 41.7038474217121], [-88.0011446636029, 41.7038490016937], [-88.0011490317904, 41.7038504666234], [-88.0011534666461, 41.7038518173981], [-88.0011579609706, 41.7038530521964], [-88.0011625123748, 41.70385416831], [-88.0011671100643, 41.7038551621065], [-88.0011717540252, 41.7038560362867], [-88.0011764346505, 41.7038567899226], [-88.0011811459561, 41.703857418495], [-88.0011858867266, 41.7038579247015], [-88.0011906473644, 41.7038583058132], [-88.0011954230683, 41.703858560916], [-88.0012002054189, 41.7038586917861], [-88.001204993224, 41.7038586966195], [-88.0013801186203, 41.7038556299225], [-88.0013892772596, 41.7038551845811], [-88.0013984551056, 41.7038549760929], [-88.001407635338, 41.7038550044091], [-88.0014168095468, 41.7038552695055], [-88.001425964507, 41.7038557731448], [-88.0014350930239, 41.7038565126049], [-88.0014441782866, 41.7038574860366], [-88.0014532178831, 41.7038586952337], [-88.0014621938103, 41.7038601365428], [-88.0014710976629, 41.703861809039], [-88.00147992104, 41.7038637108977], [-88.0014886507351, 41.7038658402797], [-88.0014972759584, 41.7038681926521], [-88.0015057907028, 41.7038707679977], [-88.0015141805787, 41.7038735608726], [-88.0015224371901, 41.7038765685515], [-88.001530548541, 41.7038797873982], [-88.001538509835, 41.7038832155983], [-88.0015463066871, 41.7038868468076], [-88.0017908237145, 41.7040208645595], [-88.001842559418, 41.7040481204616], [-88.0018720883616, 41.7040599537135], [-88.0018793007525, 41.7040625297769], [-88.0018866234146, 41.7040649233819], [-88.0018940491529, 41.7040671318067], [-88.0019015707678, 41.7040691532298], [-88.0019091762681, 41.7040709831146], [-88.0019168632553, 41.704072620554], [-88.001924617312, 41.7040740655061], [-88.0019324288543, 41.7040753125412], [-88.0019402942639, 41.7040763643501], [-88.0019752991415, 41.7040800820887], [-88.0019816727554, 41.7040805830664], [-88.0019880640494, 41.704080916625], [-88.0019944670162, 41.7040810827474], [-88.0020008732411, 41.7040810823097], [-88.0020072755338, 41.7040809116896], [-88.0020136678732, 41.7040805735708], [-88.00202003824, 41.7040800688192], [-88.0020263818331, 41.7040793965206], [-88.0020326914345, 41.7040785584547], [-88.0020389562263, 41.7040775554909], [-88.0020451713983, 41.7040763885156], [-88.0020513285263, 41.7040750602058], [-88.0020574180033, 41.7040735696333], [-88.0022717623272, 41.7040070095066], [-88.0023300649506, 41.7039926616187], [-88.0023889241942, 41.7039796478576], [-88.0024482823455, 41.70396797706], [-88.0025370832413, 41.7039526202189], [-88.0025877386046, 41.703940114862], [-88.002612994958, 41.7039299610996], [-88.0026745562418, 41.7039019268255], [-88.0028109528444, 41.7038035445628], [-88.0028141493886, 41.7038010705248], [-88.0028174548535, 41.7037986769331], [-88.0028208680102, 41.7037963691866], [-88.0028243816361, 41.7037941499656], [-88.0028279945252, 41.7037920201671], [-88.0028317018485, 41.7037899842788], [-88.0028354964022, 41.7037880413799], [-88.0028393793507, 41.7037861986765], [-88.0028433410964, 41.70378445344], [-88.0028473792133, 41.7037828101653], [-88.0028514912939, 41.7037812697457], [-88.0028556689189, 41.7037798339579], [-88.0028599096762, 41.7037785045956], [-88.0028642075495, 41.7037772834423], [-88.0028685577191, 41.7037761731852], [-88.0028729565806, 41.7037751738139], [-88.002877396921, 41.7037742862082], [-88.0028818763326, 41.7037735112613], [-88.0028863864007, 41.7037728498496], [-88.0028909223152, 41.7037723028595], [-88.0028954840712, 41.7037718711914], [-88.0029000608467, 41.7037715566149], [-88.0029046490465, 41.703771357319], [-88.002909242659, 41.7037712741867], [-88.002913838075, 41.703771308108], [-88.0029184316996, 41.7037714572719], [-88.0029230151088, 41.7037717243551], [-88.0029275811125, 41.7037721057357], [-88.0032036380557, 41.7038081280176], [-88.0032125002758, 41.7038090214359], [-88.0032213132825, 41.7038101407061], [-88.003230072247, 41.703811490316], [-88.0032387639858, 41.7038130639254], [-88.0032473764891, 41.7038148605992], [-88.0032559001455, 41.70381688031], [-88.0032643277602, 41.7038191203359], [-88.0032726461495, 41.7038215743366], [-88.0032808480912, 41.7038242449923], [-88.0032889192093, 41.7038271241585], [-88.0032968547073, 41.7038302100207], [-88.0033046449784, 41.7038335016509], [-88.0033066492685, 41.7038343924744]]]}}, {"type": "Feature", "properties": {"name": "Skokie Valley Trail", "length_mi": 9.6, "osm_source": "relation"}, "geometry": {"type": "MultiLineString", "coordinates": [[[-87.8026662, 42.152689], [-87.8026722, 42.1527038], [-87.8027341, 42.1527113], [-87.8031202, 42.152725], [-87.8038483, 42.1527151]], [[-87.8340795, 42.1994996], [-87.833577, 42.1987532], [-87.8326874, 42.1973844], [-87.8307305, 42.1943958], [-87.8304878, 42.1940172], [-87.8295117, 42.1924944], [-87.8286062, 42.1910509], [-87.8285642, 42.1908428], [-87.8276873, 42.1892764], [-87.8275376, 42.1890795], [-87.8275105, 42.1890393], [-87.8274444, 42.1889411], [-87.8273798, 42.1888399], [-87.8273379, 42.1887743], [-87.8272392, 42.1887163], [-87.8270708, 42.1886591], [-87.8269874, 42.1885943], [-87.8269491, 42.1885233], [-87.8269286, 42.1884096], [-87.8268166, 42.1881637], [-87.8253145, 42.1857279], [-87.8243275, 42.1842016], [-87.8234263, 42.1828278], [-87.8226881, 42.1817084], [-87.8226344, 42.1816396], [-87.8221604, 42.1809933], [-87.8218357, 42.1805947], [-87.8206282, 42.1791516], [-87.8199759, 42.1783311], [-87.8193522, 42.1774892], [-87.8193203, 42.1774461], [-87.8192549, 42.1773579], [-87.8179589, 42.1753479], [-87.8173065, 42.1743492], [-87.8164997, 42.1730768], [-87.8158388, 42.172091], [-87.8152724, 42.1712259], [-87.8148432, 42.1705007], [-87.8143883, 42.1696101], [-87.8139162, 42.168605], [-87.8135214, 42.1677653], [-87.8126803, 42.1663212], [-87.811676, 42.1647625], [-87.8105774, 42.163013], [-87.8103217, 42.1626505], [-87.8096247, 42.161556], [-87.808774, 42.1602537], [-87.8086807, 42.1602006], [-87.8086253, 42.1601593], [-87.8085643, 42.1600386], [-87.8085622, 42.1599426], [-87.8085564, 42.1599118]], [[-87.8085564, 42.1599118], [-87.8085273, 42.1598558], [-87.8084861, 42.1597946]], [[-87.8084861, 42.1597946], [-87.8084899, 42.1597786], [-87.8085014, 42.1597294], [-87.8084877, 42.159669], [-87.8084422, 42.1595928], [-87.8083506, 42.1595077], [-87.808247, 42.1594449], [-87.8074017, 42.1581012], [-87.8063277, 42.1564597], [-87.806226, 42.1563097], [-87.8052559, 42.1548053], [-87.8045006, 42.1536536], [-87.8040293, 42.152897], [-87.8039522, 42.1527732], [-87.8039067, 42.1527362], [-87.8038483, 42.1527151]], [[-87.8340795, 42.1994996], [-87.8343758, 42.200046]], [[-87.8343758, 42.200046], [-87.8344214, 42.2001284], [-87.8344872, 42.200194], [-87.8346588, 42.2003778], [-87.8349791, 42.2007989], [-87.8356314, 42.2017145], [-87.8365755, 42.2030751], [-87.836833, 42.2034503], [-87.836936, 42.2037936], [-87.8373137, 42.2041878], [-87.8379145, 42.2051987], [-87.8384724, 42.205968], [-87.8402048, 42.2086466], [-87.8402405, 42.2087018], [-87.8412018, 42.2101894], [-87.8425083, 42.2122005], [-87.8431759, 42.2132282], [-87.8439141, 42.2143406], [-87.8444891, 42.2152624], [-87.8448239, 42.2157328], [-87.8450642, 42.2161905], [-87.8456049, 42.2169406], [-87.8462513, 42.2179649]], [[-87.8462513, 42.2179649], [-87.8463091, 42.2180503], [-87.8463583, 42.2181249]], [[-87.8463583, 42.2181249], [-87.8469267, 42.2189874], [-87.8483, 42.221104], [-87.849699, 42.2232461], [-87.8511153, 42.2254516], [-87.8525143, 42.2275998], [-87.8539992, 42.2298624], [-87.8554068, 42.2320358], [-87.8557641, 42.2325946]], [[-87.8557641, 42.2325946], [-87.85579, 42.2326349], [-87.8558297, 42.2326971]], [[-87.8558297, 42.2326971], [-87.8568487, 42.2342919], [-87.8583508, 42.2365542], [-87.859197, 42.2378441]], [[-87.859197, 42.2378441], [-87.8594131, 42.2381934]], [[-87.8594131, 42.2381934], [-87.8596125, 42.2385051], [-87.8600588, 42.2392358], [-87.8603764, 42.2398268], [-87.8605824, 42.2403097], [-87.8608828, 42.2409706], [-87.8612004, 42.2418602], [-87.8614922, 42.2430293], [-87.8616381, 42.2440523], [-87.8617068, 42.2452151], [-87.861675, 42.2466668], [-87.8616682, 42.2469379]], [[-87.8616682, 42.2469379], [-87.8616655, 42.247311]], [[-87.8616655, 42.247311], [-87.861661, 42.250438], [-87.8615734, 42.2562876], [-87.8615742, 42.2563182], [-87.8615955, 42.2570945]], [[-87.8615955, 42.2570945], [-87.8615654, 42.2576524], [-87.8615453, 42.2579085], [-87.8615278, 42.2580375], [-87.8614715, 42.2583144], [-87.8614434, 42.2585249], [-87.8614313, 42.2586708], [-87.8614112, 42.2587462], [-87.8613709, 42.2588236], [-87.8613589, 42.2588931], [-87.8613535, 42.2590241], [-87.8613374, 42.2590857], [-87.8612771, 42.2592028], [-87.8612274, 42.2592604], [-87.8611705, 42.2593537]], [[-87.8611705, 42.2593537], [-87.8611195, 42.2595664], [-87.8611153, 42.2597866], [-87.8610831, 42.2604674], [-87.8611153, 42.2605667], [-87.8611984, 42.2607116], [-87.8612601, 42.2608764], [-87.8612858, 42.2610116], [-87.8612376, 42.2613053], [-87.8611582, 42.261452], [-87.8610391, 42.2615991], [-87.8610284, 42.2616865], [-87.8610616, 42.2617597], [-87.8611222, 42.2618095], [-87.8611957, 42.2618391], [-87.861259, 42.2618473]], [[-87.861259, 42.2618473], [-87.8614816, 42.2618731]], [[-87.8614816, 42.2618731], [-87.8616479, 42.2619048], [-87.861723, 42.2619227], [-87.8617955, 42.2619822], [-87.8618464, 42.2620458], [-87.8618802, 42.2621164]], [[-87.8663954, 42.2793679], [-87.8663768, 42.2791102], [-87.866367, 42.2789737], [-87.8663177, 42.2788449], [-87.86619, 42.2787137], [-87.866095, 42.2786306], [-87.8660414, 42.2785075], [-87.866028, 42.2778844], [-87.8660532, 42.2776937], [-87.866146, 42.2773525], [-87.8661648, 42.2772097], [-87.8661015, 42.2763422], [-87.8660897, 42.2762511], [-87.8656214, 42.2747069], [-87.8650702, 42.272919], [-87.8640947, 42.2697836], [-87.8631399, 42.2666833], [-87.8624762, 42.2645032], [-87.8620091, 42.2630308], [-87.8619579, 42.2626988], [-87.8618802, 42.2621164]]]}}, {"type": "Feature", "properties": {"name": "Tinley Creek Trail", "length_mi": 9.3, "osm_source": "relation"}, "geometry": {"type": "MultiLineString", "coordinates": [[[-87.7916495, 41.6291389], [-87.79175, 41.6292005], [-87.791834, 41.6292484], [-87.7919174, 41.6292789], [-87.7924686, 41.6294285], [-87.7929133, 41.6294812], [-87.7935141, 41.6294491], [-87.7935564, 41.6294462], [-87.7935982, 41.6294572], [-87.7936684, 41.6294878], [-87.7941551, 41.6297184], [-87.794257, 41.6297948], [-87.7943643, 41.6298745], [-87.794471, 41.6300012], [-87.7945519, 41.6301084], [-87.794608, 41.6302059], [-87.7946903, 41.630323], [-87.7947289, 41.6303915], [-87.794747, 41.630436], [-87.7947593, 41.6304918], [-87.7947504, 41.6306745], [-87.7947473, 41.630831], [-87.794742, 41.6309516], [-87.7947442, 41.6310574], [-87.794751, 41.6311298], [-87.7947683, 41.631198], [-87.7948032, 41.6312798], [-87.7948457, 41.6313418], [-87.7949113, 41.6314008], [-87.7949748, 41.6314418], [-87.7949926, 41.631467]], [[-87.7949926, 41.631467], [-87.7949944, 41.6315495], [-87.7949973, 41.6316537], [-87.7949995, 41.6317271]], [[-87.7949995, 41.6317271], [-87.7950117, 41.6317506], [-87.7950399, 41.6317783]], [[-87.7950399, 41.6317783], [-87.7951193, 41.6317791], [-87.7952629, 41.631782], [-87.7953899, 41.6317855]], [[-87.7953899, 41.6317855], [-87.795439, 41.6317808], [-87.7954844, 41.6317669], [-87.795533, 41.6317638], [-87.7956211, 41.6317784], [-87.7957305, 41.6318043], [-87.795844, 41.6318383], [-87.7959473, 41.6318762], [-87.7960106, 41.6319068], [-87.7960486, 41.6319337], [-87.79611, 41.6319857], [-87.7961678, 41.6320506], [-87.7962934, 41.632213], [-87.7970712, 41.6337286], [-87.7977847, 41.6350877], [-87.7978334, 41.6351607], [-87.7978619, 41.6352015], [-87.7979004, 41.6352373], [-87.7979503, 41.635274], [-87.7980073, 41.635299], [-87.7980615, 41.6353164], [-87.7981185, 41.6353285]], [[-87.8051528, 41.6459353], [-87.80515, 41.6458719], [-87.8052412, 41.6456955], [-87.8053807, 41.6454791], [-87.8053997, 41.6454116], [-87.8054134, 41.6453052], [-87.8054179, 41.6451961], [-87.8053711, 41.6450814], [-87.8053077, 41.645028], [-87.8052045, 41.6449767], [-87.8051089, 41.6449538], [-87.8050097, 41.6449528], [-87.804882, 41.6449759], [-87.8047155, 41.6449889], [-87.8046067, 41.6449666], [-87.8045198, 41.6449333], [-87.804432, 41.6448299], [-87.8044138, 41.6445593], [-87.8044078, 41.6442189], [-87.8043659, 41.6435785], [-87.804216, 41.6433455], [-87.8039407, 41.6432675], [-87.8035687, 41.6433411], [-87.8031293, 41.6435079], [-87.8026618, 41.6436946], [-87.802133, 41.6437351], [-87.8018017, 41.6437241], [-87.8016011, 41.6437175], [-87.8009438, 41.6436271], [-87.8007552, 41.6435538], [-87.8006435, 41.643411], [-87.8006609, 41.6432609], [-87.800688, 41.6431227], [-87.8006817, 41.643032], [-87.8006336, 41.6429628], [-87.8004381, 41.6428221], [-87.8002586, 41.6427146], [-87.8001702, 41.642594], [-87.8001598, 41.6424579], [-87.8002378, 41.6423529], [-87.8003211, 41.6422013], [-87.8004408, 41.6420302], [-87.8004772, 41.6418747], [-87.8004772, 41.6416608], [-87.8005188, 41.641408], [-87.8006021, 41.6412875], [-87.8006801, 41.6411475], [-87.800805, 41.6410192], [-87.800909, 41.6409375], [-87.8012941, 41.6406848], [-87.8015282, 41.6405171], [-87.8016227, 41.64046], [-87.801524, 41.6403091], [-87.8014386, 41.6401816], [-87.8013944, 41.6401068], [-87.8013835, 41.6400221], [-87.8014084, 41.6399208], [-87.8014799, 41.6398368], [-87.8015662, 41.6397692], [-87.8016658, 41.6397288], [-87.8018999, 41.6396773], [-87.8020405, 41.6396554], [-87.8021972, 41.6395985], [-87.8022908, 41.6395094], [-87.8023271, 41.6394039], [-87.8023052, 41.6392971], [-87.8019317, 41.6387244], [-87.8018859, 41.6385688], [-87.8019067, 41.6379022], [-87.8019128, 41.6377007], [-87.8018871, 41.6376085], [-87.8018181, 41.6375214], [-87.8017473, 41.6374792], [-87.8016154, 41.6374295], [-87.8013785, 41.6373438], [-87.8011734, 41.6372538], [-87.8010226, 41.6371224], [-87.8008906, 41.6369909], [-87.8007712, 41.6368547], [-87.8005911, 41.6366908], [-87.8003836, 41.6365328], [-87.8001838, 41.6364011], [-87.7999136, 41.6362518], [-87.7996904, 41.6361669], [-87.7995298, 41.6361201], [-87.7993223, 41.6360967], [-87.7991108, 41.6360879], [-87.7989307, 41.6360498], [-87.7988054, 41.635965], [-87.7987584, 41.6358889], [-87.7987545, 41.6357718], [-87.7987662, 41.635684], [-87.798774, 41.6355903], [-87.7987505, 41.6355113], [-87.798684, 41.6354206], [-87.7986174, 41.6353737], [-87.7984999, 41.6353328], [-87.7982924, 41.6353298], [-87.7981185, 41.6353285]], [[-87.8051626, 41.6461085], [-87.8051578, 41.646023], [-87.8051528, 41.6459353]], [[-87.8029342, 41.6507927], [-87.8028379, 41.6504897], [-87.8027146, 41.6498724], [-87.8027146, 41.6496359], [-87.8027146, 41.6493874], [-87.8025965, 41.6490507], [-87.802618, 41.648726], [-87.8026663, 41.6484695], [-87.8027467, 41.6483372], [-87.8029452, 41.6482129], [-87.8031491, 41.6481127], [-87.8032349, 41.6480325], [-87.8032832, 41.6479083], [-87.8033797, 41.6477078], [-87.8034602, 41.6475595], [-87.8035031, 41.6474994], [-87.8043507, 41.6468781], [-87.8047048, 41.6466255], [-87.8049783, 41.6464451], [-87.8051125, 41.6463249], [-87.8051446, 41.6461966], [-87.8051626, 41.6461085]], [[-87.7961358, 41.6534216], [-87.7962811, 41.6533509], [-87.7964455, 41.6532268], [-87.796603, 41.6531625], [-87.7990867, 41.652926], [-87.7992887, 41.6528901], [-87.799489, 41.6528258], [-87.7996017, 41.6527096], [-87.7996661, 41.6525733], [-87.7996803, 41.652349], [-87.7996856, 41.6515714], [-87.7997125, 41.6514472], [-87.7997822, 41.651355], [-87.7999539, 41.6512628], [-87.8003025, 41.6511866], [-87.8007683, 41.6511607], [-87.8009516, 41.6511505], [-87.8016061, 41.6511706], [-87.8023839, 41.6511105], [-87.8026985, 41.6510388], [-87.8028272, 41.6509507], [-87.8029342, 41.6507927]], [[-87.7958358, 41.6534269], [-87.7959289, 41.6534253], [-87.7960772, 41.6534227], [-87.7961358, 41.6534216]], [[-87.7819735, 41.6465383], [-87.7820171, 41.646705], [-87.7821404, 41.6468493], [-87.7823067, 41.6470337], [-87.782516, 41.6472542], [-87.7827453, 41.6474308], [-87.7829827, 41.6475949], [-87.7832764, 41.6477434], [-87.7836157, 41.6478915], [-87.783841, 41.6480038], [-87.7840234, 41.648128], [-87.7842165, 41.6482764], [-87.7853859, 41.6493707], [-87.7856005, 41.6495551], [-87.7857882, 41.6496913], [-87.7860015, 41.6498078], [-87.7862429, 41.649896], [-87.7866251, 41.6500481], [-87.7868611, 41.6501283], [-87.7872742, 41.6502605], [-87.7875035, 41.650365], [-87.787698, 41.650477], [-87.7887172, 41.6512065], [-87.7888768, 41.651367], [-87.789027, 41.6515314], [-87.7891789, 41.6517029], [-87.7892577, 41.6517919], [-87.7894414, 41.65192], [-87.7896654, 41.6519923], [-87.790234, 41.6521647], [-87.7904647, 41.6522609], [-87.7907168, 41.6523932], [-87.7909166, 41.6525531], [-87.7910883, 41.6527094], [-87.7912693, 41.6528982], [-87.7913726, 41.6529499], [-87.7915376, 41.6529984], [-87.7917696, 41.653006], [-87.7920593, 41.652986], [-87.7928103, 41.6528697], [-87.7930611, 41.65281], [-87.7937276, 41.6526373], [-87.7941286, 41.6525735], [-87.7950352, 41.6524252], [-87.7952927, 41.6524372], [-87.795471, 41.6524809], [-87.795589, 41.6525651], [-87.7956802, 41.6527054], [-87.7957164, 41.6528661], [-87.7957272, 41.6530625], [-87.7957004, 41.6532108], [-87.7957071, 41.6533187], [-87.7957486, 41.6533832], [-87.7958358, 41.6534269]], [[-87.7819614, 41.6463415], [-87.781968, 41.6464495], [-87.7819735, 41.6465383]], [[-87.7771569, 41.6463563], [-87.7773447, 41.6462801], [-87.7774774, 41.6461921], [-87.7776397, 41.6460957], [-87.7778275, 41.6460316], [-87.7780313, 41.6460115], [-87.781089, 41.6457189], [-87.7812982, 41.6457349], [-87.7814323, 41.6457951], [-87.7815665, 41.6458792], [-87.7817542, 41.6460356], [-87.7818494, 41.6462001], [-87.7819614, 41.6463415]], [[-87.7768262, 41.6463877], [-87.776936, 41.6463863], [-87.7770743, 41.6463684], [-87.7771569, 41.6463563]], [[-87.7748691, 41.6445694], [-87.7749883, 41.6445846], [-87.7751922, 41.6446448], [-87.7753799, 41.6447209], [-87.7755731, 41.6448612], [-87.7757179, 41.6450496], [-87.7758198, 41.6452581], [-87.7762007, 41.6459596], [-87.7763133, 41.6460919], [-87.7764314, 41.6462242], [-87.7765708, 41.6463204], [-87.7768262, 41.6463877]], [[-87.7747153, 41.6445579], [-87.7748691, 41.6445694]], [[-87.7666347, 41.6450125], [-87.7670275, 41.6452701], [-87.7672099, 41.6453343], [-87.7673816, 41.6453703], [-87.767564, 41.6453583], [-87.7677249, 41.6453182], [-87.767859, 41.6452701], [-87.7679878, 41.645194], [-87.7694791, 41.6442639], [-87.7696346, 41.6441918], [-87.7698009, 41.6441517], [-87.7699887, 41.6441477], [-87.7701604, 41.6441878], [-87.7702837, 41.6442639], [-87.7703857, 41.6443722], [-87.7704393, 41.6445004], [-87.7704661, 41.6446568], [-87.7705251, 41.6447931], [-87.7706056, 41.6449174], [-87.7707124, 41.6450685], [-87.7708953, 41.6451859], [-87.7710455, 41.6452942], [-87.7712279, 41.6453703], [-87.7714425, 41.6454385], [-87.7716678, 41.6454826], [-87.7719038, 41.6455026], [-87.772113, 41.6454946], [-87.7723169, 41.6454665], [-87.7725261, 41.6454064], [-87.7727621, 41.6453182], [-87.7740764, 41.6446408], [-87.7742856, 41.6445766], [-87.7745196, 41.6445576], [-87.7747153, 41.6445579]], [[-87.7660261, 41.6445854], [-87.7666347, 41.6450125]], [[-87.7711625, 41.6320579], [-87.770738, 41.6320663], [-87.7704648, 41.6320838], [-87.7702006, 41.6321149], [-87.769847, 41.6321382], [-87.7687773, 41.6321478], [-87.7676368, 41.6322264], [-87.7668214, 41.6323547], [-87.7665639, 41.6325071], [-87.7662303, 41.6326424], [-87.7656734, 41.6327957], [-87.765108, 41.6329738], [-87.764901, 41.6331165], [-87.7646971, 41.633341], [-87.7645684, 41.6335976], [-87.7645657, 41.6339404], [-87.7645362, 41.634199], [-87.7645791, 41.6344797], [-87.7647293, 41.6347363], [-87.765019, 41.6349287], [-87.765534, 41.6351212], [-87.7660704, 41.6353457], [-87.7661239, 41.6353869], [-87.7664137, 41.6356103], [-87.766764, 41.6362287], [-87.7668284, 41.6363831], [-87.7668472, 41.6365054], [-87.7667785, 41.6369975], [-87.7665317, 41.6378234], [-87.7665072, 41.6379939], [-87.7665821, 41.6381227], [-87.7666712, 41.6381837], [-87.7668228, 41.638314], [-87.7669636, 41.6384654], [-87.7670143, 41.6386864], [-87.7669685, 41.6389241], [-87.766907, 41.6390753], [-87.7667997, 41.6392176], [-87.7665342, 41.6394742], [-87.7662257, 41.6397528], [-87.765861, 41.6400835], [-87.7653914, 41.6402631], [-87.7652305, 41.6404234], [-87.7649086, 41.6407682], [-87.7645331, 41.6410328], [-87.764297, 41.641137], [-87.7640664, 41.6411811], [-87.7638357, 41.6411851], [-87.763015, 41.6411731], [-87.7628218, 41.6411891], [-87.7626341, 41.6412453], [-87.762441, 41.6413254], [-87.7622532, 41.6414497], [-87.7620869, 41.641582], [-87.7619796, 41.6417384], [-87.761926, 41.6418987], [-87.7619313, 41.6420671], [-87.7619743, 41.6422194], [-87.7620762, 41.642464], [-87.7620869, 41.6425682], [-87.7620601, 41.6426965], [-87.7620118, 41.6427927], [-87.7618938, 41.6430693], [-87.7618723, 41.6431695], [-87.761867, 41.6432778], [-87.7618938, 41.6434061], [-87.7619474, 41.6435023], [-87.7620923, 41.6438029], [-87.762103, 41.6439071], [-87.7620815, 41.6440194], [-87.7620064, 41.6441116], [-87.7619045, 41.6441878], [-87.761765, 41.6442198], [-87.7613734, 41.6442559], [-87.761234, 41.644296], [-87.7611159, 41.6443802], [-87.7610569, 41.6444844], [-87.7610301, 41.6446127], [-87.7610516, 41.6447289], [-87.7611052, 41.6449214], [-87.7611589, 41.6450336], [-87.761234, 41.6451218], [-87.761352, 41.6451779], [-87.761647, 41.6453262], [-87.761985, 41.6454265], [-87.7621406, 41.6454625], [-87.7623015, 41.6454786], [-87.762441, 41.6454585], [-87.7625751, 41.6454224], [-87.7653753, 41.6444804], [-87.7655362, 41.6444363], [-87.7656864, 41.6444323], [-87.7658055, 41.6444673], [-87.7658366, 41.6444764], [-87.7660261, 41.6445854]], [[-87.7714583, 41.632052], [-87.7711625, 41.6320579]], [[-87.7763949, 41.6320473], [-87.7762126, 41.6320425], [-87.7759964, 41.6320432], [-87.7756353, 41.6320511], [-87.7742029, 41.632066], [-87.7722267, 41.632089], [-87.7720205, 41.6320805], [-87.7718484, 41.6320588], [-87.771706, 41.6320471], [-87.7714583, 41.632052]], [[-87.7766997, 41.6320363], [-87.7765981, 41.63204], [-87.7764721, 41.6320445], [-87.7763949, 41.6320473]], [[-87.7767644, 41.6319859], [-87.7767452, 41.6320119], [-87.7766997, 41.6320363]], [[-87.7767545, 41.6317616], [-87.7767559, 41.6318271], [-87.7767612, 41.6319271], [-87.7767644, 41.6319859]], [[-87.7765411, 41.6246389], [-87.7766366, 41.6248945], [-87.7766634, 41.6252233], [-87.7767009, 41.6253597], [-87.776835, 41.625508], [-87.7769423, 41.6256484], [-87.7769799, 41.6258048], [-87.7769882, 41.626222], [-87.7769209, 41.6264463], [-87.7769507, 41.6266791], [-87.777015, 41.6268235], [-87.7771009, 41.6269799], [-87.777133, 41.6270961], [-87.7772672, 41.6273488], [-87.7775002, 41.6276292], [-87.7777178, 41.6277377], [-87.7780343, 41.6278821], [-87.7782918, 41.6280785], [-87.7785761, 41.6284675], [-87.7787019, 41.6286758], [-87.7787287, 41.6289083], [-87.778675, 41.6291088], [-87.7785517, 41.6292732], [-87.7780152, 41.6296808], [-87.777377, 41.6301167], [-87.777164, 41.630398], [-87.7770138, 41.6307028], [-87.7769613, 41.6307827], [-87.7769354, 41.6309141], [-87.7769494, 41.6311198], [-87.776966, 41.6312954], [-87.7769377, 41.6314285], [-87.7767647, 41.6317427], [-87.7767545, 41.6317616]], [[-87.7764947, 41.6244536], [-87.7765218, 41.6245617], [-87.7765411, 41.6246389]], [[-87.7856548, 41.6171513], [-87.7855959, 41.6171626], [-87.7855529, 41.617185], [-87.7855095, 41.6172637], [-87.7854675, 41.6173564], [-87.7854414, 41.6174285], [-87.785428, 41.6174989], [-87.7854255, 41.6175813], [-87.7854232, 41.6179609], [-87.7854157, 41.6181175], [-87.785346, 41.6182739], [-87.7852119, 41.6183862], [-87.7850026, 41.6184785], [-87.780735, 41.6194608], [-87.7805609, 41.6195211], [-87.7804536, 41.6196294], [-87.7804185, 41.6197455], [-87.7804238, 41.6199019], [-87.7804858, 41.6201427], [-87.7805019, 41.6205518], [-87.7805019, 41.6207443], [-87.7803005, 41.6216263], [-87.7802254, 41.6219391], [-87.7801073, 41.6221075], [-87.7799655, 41.6222401], [-87.7797372, 41.6223441], [-87.778045, 41.6227012], [-87.7778143, 41.6228055], [-87.7776588, 41.6229258], [-87.7775676, 41.6230742], [-87.7775032, 41.6233829], [-87.7775139, 41.6237158], [-87.7774656, 41.6239965], [-87.7773983, 41.6241446], [-87.7772564, 41.6242571], [-87.777055, 41.6243211], [-87.7766824, 41.6243213], [-87.7765537, 41.6243574], [-87.7764947, 41.6244536]], [[-87.7856548, 41.6171513], [-87.7858099, 41.6171643], [-87.785905, 41.617173]], [[-87.785905, 41.617173], [-87.7859524, 41.617173], [-87.7859859, 41.6171799], [-87.7860006, 41.617199], [-87.7860025, 41.6172298], [-87.7860081, 41.6175164], [-87.786014, 41.6175945], [-87.7860252, 41.6176427], [-87.7860419, 41.6176767], [-87.7860723, 41.6177083], [-87.7862185, 41.6178681], [-87.7863736, 41.6180743], [-87.7864525, 41.6181529], [-87.7865319, 41.6182145], [-87.78661, 41.6182644], [-87.786721, 41.6183288], [-87.7871599, 41.6185517], [-87.7873287, 41.6186324], [-87.7878222, 41.618861], [-87.7881803, 41.619018], [-87.7885544, 41.619177], [-87.7893642, 41.6195277], [-87.789691, 41.6196667], [-87.7900972, 41.6198418], [-87.7906893, 41.6201006], [-87.791109, 41.6202817], [-87.7915458, 41.6204747], [-87.7918404, 41.6205951], [-87.7923577, 41.6208207], [-87.7924366, 41.6208578], [-87.7925067, 41.62089]], [[-87.7925067, 41.62089], [-87.7927096, 41.6209705], [-87.7930802, 41.6211388], [-87.793332, 41.6212508], [-87.7937923, 41.6214662], [-87.7938683, 41.6215373], [-87.7939278, 41.6215955], [-87.7941849, 41.621859], [-87.7942174, 41.6220703], [-87.7942426, 41.6221931]], [[-87.7942426, 41.6221931], [-87.7939018, 41.6221791], [-87.7937037, 41.6222451], [-87.7933828, 41.6224571], [-87.7932574, 41.6225544], [-87.7931407, 41.6227345], [-87.7930552, 41.6230957], [-87.7929308, 41.6232867], [-87.792748, 41.6234865], [-87.7924736, 41.6237051], [-87.7921351, 41.6239325], [-87.7918649, 41.6240444], [-87.7914006, 41.6242011], [-87.7910823, 41.6244057], [-87.7906388, 41.6247977], [-87.7903375, 41.625346], [-87.7902145, 41.6254975], [-87.7899125, 41.6257331], [-87.7898106, 41.6258332], [-87.7896854, 41.6260773], [-87.7895999, 41.6262004], [-87.7893946, 41.6264151], [-87.7893498, 41.6264784], [-87.7893488, 41.6265461], [-87.7893731, 41.6266379], [-87.7894516, 41.626713], [-87.7895826, 41.626775], [-87.7897191, 41.6268207], [-87.7899402, 41.626827], [-87.7901819, 41.6268499], [-87.7905316, 41.6269055], [-87.790693, 41.6269411], [-87.790796, 41.6269832], [-87.7908736, 41.6270586], [-87.7909529, 41.6271659], [-87.7910095, 41.6272613], [-87.7910486, 41.6273479], [-87.7910451, 41.6274514], [-87.7910206, 41.6275972], [-87.7909366, 41.6278846], [-87.7907842, 41.628208], [-87.7907574, 41.6283241], [-87.7907797, 41.6283981], [-87.7909856, 41.6286351]], [[-87.7909856, 41.6286351], [-87.7916495, 41.6291389]]]}}, {"type": "Feature", "properties": {"name": "Salt Creek Greenway Trail", "length_mi": 8.7, "osm_source": "way"}, "geometry": {"type": "MultiLineString", "coordinates": [[[-87.929719, 41.8536061], [-87.9296858, 41.8528405]], [[-87.9298415, 41.8540862], [-87.9298126, 41.853955], [-87.9297655, 41.8538234], [-87.9297259, 41.8536976], [-87.929719, 41.8536061]], [[-87.9299561, 41.8558998], [-87.9299586, 41.8556838], [-87.9300689, 41.8553649], [-87.930091, 41.8553046], [-87.9301143, 41.8552427], [-87.9301229, 41.8551768], [-87.9301147, 41.8551207], [-87.930085, 41.8550695], [-87.9300497, 41.8550148], [-87.9299676, 41.8549784], [-87.929943, 41.8549304]], [[-87.9935452, 41.9641699], [-87.9935515, 41.9642798], [-87.9936321, 41.9660906], [-87.993675, 41.9669023]], [[-87.9522646, 41.8662062], [-87.9521797, 41.8662665], [-87.95222, 41.8663689], [-87.9525296, 41.8667211], [-87.9527056, 41.8669587], [-87.9528901, 41.867246], [-87.9530189, 41.8675011], [-87.9530677, 41.8676146], [-87.9531145, 41.8678718], [-87.9531177, 41.8680586], [-87.9531239, 41.8681289], [-87.953107, 41.8682264], [-87.9531113, 41.8683153], [-87.9531935, 41.8684064], [-87.9532659, 41.8685003], [-87.953356, 41.8685664], [-87.9534762, 41.8686065], [-87.9536155, 41.8686782], [-87.9536517, 41.8686996], [-87.9536914, 41.8687556], [-87.9541013, 41.8694865], [-87.95413, 41.8695564], [-87.954147, 41.8696323], [-87.9541507, 41.8697044], [-87.9541584, 41.870048], [-87.9541887, 41.8702475], [-87.9541969, 41.8703298], [-87.9541887, 41.8704351], [-87.954178, 41.8705612], [-87.9541695, 41.8706492], [-87.9541796, 41.870824], [-87.9542326, 41.8713919], [-87.9542228, 41.8714341], [-87.9542099, 41.8714824], [-87.9541605, 41.8715311], [-87.9539921, 41.8716538], [-87.953963, 41.8717105], [-87.9539453, 41.8717668], [-87.9539521, 41.8718178], [-87.9539814, 41.8718775], [-87.9541581, 41.8722701], [-87.9543354, 41.8725566], [-87.9543986, 41.872673], [-87.9544642, 41.8729041], [-87.9546037, 41.8735272], [-87.9547431, 41.8739786], [-87.9547527, 41.8740275], [-87.9547669, 41.8740657], [-87.9547891, 41.8741037], [-87.9548157, 41.8741311], [-87.9548425, 41.8741524], [-87.9548645, 41.8741624], [-87.9549202, 41.8741782], [-87.9549591, 41.874183], [-87.9550918, 41.8741943], [-87.9553332, 41.8741743], [-87.9554834, 41.8742063], [-87.9556605, 41.8743221], [-87.9559662, 41.8745458], [-87.9562237, 41.8746656], [-87.9563739, 41.8747695], [-87.9565402, 41.8749972], [-87.9567816, 41.8752608], [-87.9570016, 41.8754246], [-87.9570981, 41.8755005]], [[-87.993675, 41.9669023], [-87.9936965, 41.96698], [-87.9937904, 41.9671954], [-87.9938118, 41.9672912], [-87.9938252, 41.9677618], [-87.9938548, 41.9682325], [-87.9938762, 41.9683242], [-87.9939433, 41.9684259], [-87.9940318, 41.9685136], [-87.9942921, 41.9686747], [-87.9945754, 41.9687895], [-87.9949616, 41.9689236], [-87.9955195, 41.9690512], [-87.9960345, 41.9691469], [-87.9965495, 41.9692299], [-87.9971038, 41.9692936], [-87.9974604, 41.9693327], [-87.9977391, 41.9693625], [-87.9980675, 41.9693872], [-87.9980589, 41.9696096], [-87.9980559, 41.9696466], [-87.9980532, 41.96969], [-87.9980517, 41.9697112], [-87.998021, 41.9701366]], [[-87.9980039, 41.972186], [-87.9979962, 41.9726432], [-87.9980185, 41.9735183], [-87.9972533, 41.9735437], [-87.9968303, 41.973559], [-87.9963991, 41.9735714], [-87.9949672, 41.9736129], [-87.9944974, 41.973625], [-87.9942619, 41.973635], [-87.9940247, 41.9736543], [-87.9936854, 41.9736908], [-87.9936874, 41.9737372], [-87.9936933, 41.973852], [-87.993706, 41.9739682], [-87.9937405, 41.9742277], [-87.9937645, 41.9744531], [-87.993767, 41.9748442], [-87.9937621, 41.9752888], [-87.9937562, 41.9757196], [-87.993754, 41.9765911], [-87.9937533, 41.9769639], [-87.9937538, 41.9770834], [-87.9937589, 41.9771546], [-87.9937856, 41.9772951], [-87.993837, 41.9774423], [-87.9939076, 41.9776176], [-87.9939779, 41.97778], [-87.9940055, 41.9778732], [-87.9940216, 41.9779646], [-87.9940239, 41.9780913], [-87.9940245, 41.9781215], [-87.9940192, 41.9782687], [-87.9939976, 41.978407], [-87.9939611, 41.9785641], [-87.9939229, 41.9786427], [-87.9938692, 41.9787414], [-87.9937922, 41.978867], [-87.9937227, 41.9790275], [-87.9937008, 41.9791297], [-87.9936935, 41.9792339], [-87.993681, 41.9794111], [-87.993652, 41.9796647], [-87.9936424, 41.9798556], [-87.9936543, 41.9800326], [-87.9936725, 41.9802218], [-87.9936618, 41.9808878], [-87.9936537, 41.9812845], [-87.9936441, 41.9816319], [-87.9936282, 41.982329], [-87.9936107, 41.9824589], [-87.9935891, 41.9825103], [-87.9935521, 41.9825556], [-87.9935018, 41.9826075], [-87.9934131, 41.98266], [-87.9933508, 41.9826728], [-87.9932666, 41.98269], [-87.9930934, 41.9827069], [-87.9927997, 41.9827303], [-87.9927815, 41.9827318], [-87.992372, 41.9827316], [-87.9918731, 41.9827176], [-87.9917443, 41.9826917], [-87.9916282, 41.982662], [-87.9915133, 41.9826177], [-87.9913769, 41.9825342], [-87.9913213, 41.9824833], [-87.9912427, 41.9824325], [-87.9911918, 41.9824205]], [[-87.9485063, 41.8608471], [-87.9482962, 41.8611484]], [[-87.9483159, 41.8613553], [-87.9483452, 41.861597], [-87.9483688, 41.8618738], [-87.9484154, 41.8620564], [-87.9484172, 41.8622784], [-87.9484286, 41.8626162], [-87.9483648, 41.8627213], [-87.9482752, 41.8628666], [-87.9481664, 41.862997], [-87.9480215, 41.8631768], [-87.9479601, 41.8633152], [-87.9479617, 41.8633645], [-87.9479303, 41.8635004], [-87.947972, 41.8636363], [-87.9480372, 41.8636903], [-87.9482361, 41.8638], [-87.9484346, 41.863836], [-87.9485687, 41.8638919], [-87.9489787, 41.8639967], [-87.9491779, 41.8640315], [-87.9494528, 41.8640582], [-87.9497153, 41.8641738]], [[-87.930015, 41.8570163], [-87.9300212, 41.8571358], [-87.9300319, 41.8572335], [-87.9300277, 41.8573149], [-87.9300492, 41.8574344], [-87.9301072, 41.8575009], [-87.9301955, 41.8575456], [-87.9302938, 41.8575638], [-87.9304199, 41.8575443], [-87.9304935, 41.8575069], [-87.9305336, 41.8574631], [-87.9306383, 41.8573043], [-87.9307398, 41.8571709], [-87.9309055, 41.8570202], [-87.9309484, 41.8569671], [-87.9309733, 41.8568891], [-87.9309408, 41.8567854], [-87.9308977, 41.8567529], [-87.9308369, 41.8567095], [-87.9307569, 41.8566904], [-87.9306731, 41.856687], [-87.9306002, 41.8566988], [-87.930543, 41.8567273], [-87.9304675, 41.8567766], [-87.9302972, 41.8570809], [-87.9302787, 41.857166], [-87.9302839, 41.8572274], [-87.9303107, 41.8573104], [-87.9303617, 41.8573715], [-87.9304083, 41.8574167], [-87.9304787, 41.8574548]], [[-87.9979993, 41.9717285], [-87.9980037, 41.9719985], [-87.9980039, 41.972186]], [[-87.9911918, 41.9824205], [-87.991159, 41.9824146], [-87.9907599, 41.9823428]], [[-87.9893634, 41.982384], [-87.9903349, 41.9823474], [-87.9904503, 41.9823336], [-87.9905668, 41.9823204], [-87.9907599, 41.9823428]], [[-87.9482689, 41.8606194], [-87.9488474, 41.8606055]], [[-87.9488474, 41.8606055], [-87.9491459, 41.8606027], [-87.9491694, 41.8605976], [-87.949178, 41.8605839], [-87.9491718, 41.8605729], [-87.9491458, 41.8605639], [-87.9488663, 41.8605632], [-87.948807, 41.8605665], [-87.9487516, 41.8605869], [-87.9487048, 41.8606235], [-87.9486761, 41.8606552]], [[-87.9959559, 41.9558122], [-87.9957512, 41.9562675], [-87.9938519, 41.9562833], [-87.9938059, 41.9562907], [-87.9937509, 41.9563111], [-87.9936987, 41.9563398], [-87.9936649, 41.9563761], [-87.9936408, 41.9564123], [-87.9936353, 41.9564419], [-87.9936635, 41.9565492], [-87.993711, 41.9567427], [-87.993726, 41.957124], [-87.9937868, 41.9581736], [-87.993776, 41.9582494], [-87.9937266, 41.9583545], [-87.9935905, 41.9585032], [-87.9935346, 41.9585807], [-87.9935198, 41.9586481], [-87.993527, 41.9588072], [-87.9935403, 41.9588665], [-87.9935599, 41.9589277], [-87.9935972, 41.9589816], [-87.9938565, 41.959293], [-87.9938864, 41.9593802], [-87.9938911, 41.9594484], [-87.993905, 41.9601156], [-87.9939061, 41.9601924], [-87.9939047, 41.9603775], [-87.9938757, 41.960469], [-87.9937621, 41.9606178], [-87.9935581, 41.9608965], [-87.9935237, 41.9609668], [-87.9934932, 41.9610526], [-87.9934808, 41.9611518], [-87.993481, 41.9612686], [-87.993541, 41.9621731], [-87.9935616, 41.962526], [-87.9936439, 41.9639378], [-87.9935452, 41.9641699]], [[-87.9973167, 42.0132653], [-87.99737, 42.0133287], [-87.9973844, 42.0133438], [-87.9974271, 42.0133886], [-87.9974299, 42.0133916], [-87.9974801, 42.0134305], [-87.9975019, 42.0134474], [-87.9975394, 42.0134738], [-87.9975625, 42.01349], [-87.9976403, 42.0135368], [-87.9977133, 42.0135774], [-87.9978018, 42.0136119], [-87.9978197, 42.0136173], [-87.9978535, 42.0136275], [-87.9979285, 42.0136342], [-87.9979789, 42.0136383], [-87.9980446, 42.0136436], [-87.998169, 42.0136487], [-87.9982602, 42.0136525], [-87.9983048, 42.0136544], [-87.9984653, 42.0136633], [-87.9985882, 42.0136701], [-87.998666, 42.0136744], [-87.9988267, 42.0136834], [-87.9989802, 42.0136919], [-87.99914, 42.0137007], [-87.9993715, 42.0137135], [-87.9996718, 42.0137302], [-87.999743, 42.0137342], [-87.999769, 42.0137366], [-87.999845, 42.0137437], [-87.9998598, 42.0137474], [-87.9999348, 42.0137661], [-88.0000099, 42.013797], [-88.0000478, 42.0138144], [-88.0000801, 42.0138434], [-88.000113, 42.0138742], [-88.0001176, 42.013884], [-88.0001351, 42.013921], [-88.0001406, 42.0139725], [-88.0001445, 42.0140093], [-88.0001459, 42.0140323], [-88.0001444, 42.0140866], [-88.0001437, 42.01411], [-88.0001419, 42.0141513], [-88.0001393, 42.0142091], [-88.0001347, 42.014239], [-88.0001263, 42.0142817], [-88.0001002, 42.0143364], [-88.0000691, 42.014365], [-88.0000397, 42.0143919], [-88.0000144, 42.0144084], [-87.9999966, 42.01442], [-87.9999512, 42.0144495], [-87.9998653, 42.0144758], [-87.999863, 42.0144765], [-87.9998171, 42.014482], [-87.9997614, 42.0144886], [-87.9997089, 42.0144868], [-87.9996592, 42.0144752], [-87.9996176, 42.0144622], [-87.9994705, 42.0144164], [-87.999397, 42.0144174], [-87.9993166, 42.0144359], [-87.9992439, 42.0144567], [-87.9992072, 42.0144741], [-87.9991624, 42.0145152], [-87.9991255, 42.0145554], [-87.9991035, 42.0146226], [-87.9990873, 42.0146723], [-87.9990782, 42.0147525], [-87.9990718, 42.0148366], [-87.9990664, 42.01486], [-87.9990497, 42.0149319], [-87.9990248, 42.0150397], [-87.9990083, 42.0151111], [-87.9989982, 42.0151546], [-87.9989755, 42.015209], [-87.9989582, 42.0152504], [-87.9989515, 42.0152663], [-87.9989363, 42.0152956], [-87.9988967, 42.015372], [-87.9988791, 42.0154389], [-87.9988723, 42.0154979], [-87.9988544, 42.0155593], [-87.9988419, 42.0156023], [-87.9987996, 42.015674], [-87.9987822, 42.0157034], [-87.9987305, 42.0157521], [-87.9986812, 42.0157985], [-87.9986579, 42.0158204], [-87.9986068, 42.0158747], [-87.9985718, 42.015937], [-87.998554, 42.0160123], [-87.9985451, 42.0160912], [-87.9985363, 42.0161366], [-87.9985168, 42.0162373], [-87.9985132, 42.0162561], [-87.9984964, 42.016342], [-87.9984783, 42.0164347], [-87.9984632, 42.0165119], [-87.9984378, 42.016642]], [[-87.9313364, 41.8579932], [-87.9314508, 41.8579989], [-87.9315691, 41.8579832], [-87.931601, 41.8580628], [-87.9316064, 41.8582147], [-87.931644, 41.8583945], [-87.9317083, 41.8584943], [-87.931821, 41.8585423], [-87.9319926, 41.8585503], [-87.9321858, 41.8585423], [-87.9323574, 41.8585822], [-87.9325613, 41.8586861], [-87.9326984, 41.8587796]], [[-87.9379025, 41.8602345], [-87.9380021, 41.8604096], [-87.938016, 41.8604691], [-87.9380233, 41.8605455], [-87.9380233, 41.8606008], [-87.9380618, 41.8606613], [-87.9381782, 41.8608045], [-87.9382245, 41.8608454], [-87.9382704, 41.8608722], [-87.9383507, 41.8608932], [-87.9384184, 41.8609006], [-87.9390068, 41.8608867], [-87.939161, 41.8608772], [-87.9392995, 41.860855], [-87.9394331, 41.8608476], [-87.942405, 41.8607837], [-87.9442024, 41.8607342], [-87.9455968, 41.8606958], [-87.9477187, 41.8606244], [-87.9477906, 41.8606374], [-87.9478521, 41.8606469], [-87.9479289, 41.8606557], [-87.9479718, 41.8606536], [-87.9480442, 41.8606412], [-87.9481142, 41.8606281], [-87.9482089, 41.8606211], [-87.9482689, 41.8606194]], [[-87.9326984, 41.8587796], [-87.9328134, 41.8588579], [-87.9330709, 41.8590657], [-87.9332211, 41.8591536], [-87.9333686, 41.8591776], [-87.9334786, 41.8591256], [-87.9335698, 41.8590417], [-87.9336194, 41.8589798], [-87.9337334, 41.8589458], [-87.9339614, 41.8589618], [-87.9349002, 41.8589458], [-87.9353079, 41.8588899], [-87.9356592, 41.8588099], [-87.9359837, 41.8587121], [-87.9362735, 41.8586262], [-87.9364504, 41.8585243], [-87.9365779, 41.8584844], [-87.9367321, 41.8585243], [-87.9368421, 41.8585982], [-87.9373517, 41.8587141], [-87.9376306, 41.858818], [-87.9378345, 41.8589738], [-87.9379954, 41.8591815], [-87.9380759, 41.8594013], [-87.9380916, 41.8594772], [-87.9381159, 41.859517], [-87.9381176, 41.8595547], [-87.9381078, 41.8595987], [-87.9381169, 41.8596709], [-87.9381078, 41.8597481], [-87.9380978, 41.8597886], [-87.93807, 41.8598165], [-87.9380059, 41.8598489], [-87.937978, 41.8598647], [-87.9379556, 41.859889], [-87.9379257, 41.8599526], [-87.9378774, 41.8601324], [-87.9379025, 41.8602345]], [[-87.9501619, 41.8642458], [-87.9504808, 41.8643248], [-87.9506842, 41.864414], [-87.9508538, 41.8644419], [-87.9510302, 41.8644001], [-87.9511171, 41.8643481], [-87.9514142, 41.8640643], [-87.9514935, 41.8639907], [-87.951682, 41.8638038], [-87.9517775, 41.8636791], [-87.9518504, 41.8635889]], [[-87.9497153, 41.8641738], [-87.9501619, 41.8642458]], [[-87.9823192, 41.9314392], [-87.982699, 41.9314454], [-87.982863, 41.9314592], [-87.9830911, 41.9314926], [-87.9831803, 41.9315169], [-87.9832409, 41.9315521], [-87.9833127, 41.931608], [-87.9833528, 41.9316629], [-87.9833766, 41.9317109], [-87.9833785, 41.9317541], [-87.983314, 41.9319887], [-87.983263, 41.9321033], [-87.983137, 41.9322249], [-87.98308, 41.93227], [-87.9830156, 41.932306], [-87.9829196, 41.9323282], [-87.9827419, 41.9323507], [-87.9826536, 41.932388], [-87.9825595, 41.9324567], [-87.98253, 41.9325264], [-87.982532, 41.9325808], [-87.9825748, 41.9326358], [-87.9825926, 41.9326738], [-87.9825948, 41.9327084], [-87.9825661, 41.9331015], [-87.9825738, 41.9331548], [-87.9825953, 41.9331987], [-87.9826409, 41.9332386], [-87.9828442, 41.9333618], [-87.9828957, 41.9334062], [-87.9829252, 41.9334541], [-87.9829413, 41.933506], [-87.9829628, 41.9337295], [-87.9829703, 41.9338547], [-87.9829622, 41.9339285], [-87.982952, 41.9339949], [-87.9829601, 41.9340507], [-87.9829842, 41.9341146], [-87.9830164, 41.9341724], [-87.9830406, 41.9342523], [-87.9830686, 41.9343648], [-87.9832954, 41.9352798], [-87.9833275, 41.9353876], [-87.9833678, 41.9354874], [-87.983408, 41.9355672], [-87.9835099, 41.9357148], [-87.9835529, 41.9357627], [-87.9836172, 41.9358146], [-87.9836816, 41.9358665], [-87.9837293, 41.9359218], [-87.9838425, 41.9360719], [-87.9838989, 41.9361317], [-87.983974, 41.9362016], [-87.9841027, 41.9362993], [-87.9841671, 41.9363612], [-87.9842631, 41.9364725], [-87.9843221, 41.9365623], [-87.9843548, 41.9366345], [-87.9843656, 41.9366784], [-87.9843763, 41.9367503], [-87.9843838, 41.9367878], [-87.9844058, 41.9368281], [-87.9844594, 41.936876], [-87.9845614, 41.9369598], [-87.9846499, 41.9370595], [-87.9847947, 41.9372052], [-87.9848752, 41.937263], [-87.9849717, 41.9373089], [-87.9850731, 41.9373484], [-87.985138, 41.9373847], [-87.9853633, 41.9375424], [-87.9854325, 41.9375998], [-87.9854948, 41.937678], [-87.9855726, 41.9377479], [-87.9856471, 41.9378153], [-87.9856825, 41.9378696], [-87.985712, 41.9379494], [-87.9857415, 41.9380272], [-87.9857898, 41.938095], [-87.9858488, 41.9381489], [-87.9859052, 41.9381928], [-87.9860071, 41.9382347], [-87.9861653, 41.9382846], [-87.9862753, 41.9383006], [-87.9864266, 41.9383016], [-87.9883085, 41.9382813], [-87.9883768, 41.9383026], [-87.9884192, 41.9383222], [-87.9884834, 41.9383575], [-87.9885117, 41.9384025], [-87.9885283, 41.9384312], [-87.9885437, 41.9384577], [-87.988554, 41.9385132], [-87.9885507, 41.9385459], [-87.9885481, 41.9385665], [-87.9885483, 41.9386133], [-87.9885513, 41.9394066], [-87.9885543, 41.9398868], [-87.9885675, 41.939938], [-87.9885825, 41.9400005], [-87.9885768, 41.9400551], [-87.9885739, 41.9400947], [-87.9885883, 41.9403367], [-87.9885841, 41.940404], [-87.9885654, 41.9404758], [-87.9885587, 41.9405671], [-87.9885587, 41.940876], [-87.9885552, 41.9411635], [-87.9885406, 41.9413199], [-87.9885118, 41.9414476], [-87.9885028, 41.9415578], [-87.9885081, 41.9416844], [-87.9885193, 41.94184], [-87.9885178, 41.9426151], [-87.9885389, 41.9426994], [-87.9885499, 41.9427747], [-87.9885529, 41.9429942], [-87.9885017, 41.9431045], [-87.9884799, 41.9431731], [-87.9884638, 41.9432386], [-87.9884686, 41.9433121], [-87.9885012, 41.9433821], [-87.988543, 41.9434506], [-87.9885462, 41.9434994], [-87.9885383, 41.9435836], [-87.9885425, 41.9437208], [-87.9885465, 41.943851], [-87.9885538, 41.94409], [-87.9885511, 41.9441647], [-87.9885365, 41.9443514], [-87.9885258, 41.9444556], [-87.9884807, 41.9445388], [-87.9884499, 41.9445996], [-87.9884538, 41.9446588], [-87.9884772, 41.9447048], [-87.988518, 41.9447679], [-87.9884762, 41.9448163], [-87.9884653, 41.9448964], [-87.988466, 41.9449916], [-87.9884841, 41.9450854], [-87.9885229, 41.9451956], [-87.9885357, 41.9453302], [-87.9885459, 41.9455614], [-87.9885439, 41.9456606], [-87.9885278, 41.945722], [-87.9884948, 41.9458216], [-87.9884775, 41.9458916], [-87.988482, 41.9459662], [-87.9885183, 41.9460809], [-87.9885432, 41.9461838], [-87.9885531, 41.9463402], [-87.9885518, 41.9472654], [-87.9885457, 41.9473432], [-87.9885247, 41.9474081], [-87.9885254, 41.9474788], [-87.9885424, 41.9475442], [-87.9885514, 41.947602], [-87.9885509, 41.9479463], [-87.9885441, 41.9480093], [-87.9885091, 41.9481658], [-87.9884966, 41.9482688], [-87.988499, 41.9483373], [-87.9885112, 41.9483885], [-87.9885346, 41.948449], [-87.9885426, 41.9485807], [-87.9885361, 41.9486465], [-87.9885084, 41.9487847], [-87.9884928, 41.9488636], [-87.9884987, 41.9489359], [-87.9885138, 41.9489905], [-87.9885235, 41.9490466], [-87.9885251, 41.9490877], [-87.9885241, 41.9491203], [-87.9885079, 41.949264], [-87.988513, 41.9493324], [-87.9885196, 41.9494029], [-87.9885166, 41.9496326], [-87.9885074, 41.9496934], [-87.9884984, 41.9497535], [-87.9885005, 41.9497929], [-87.9885196, 41.9498587], [-87.9885429, 41.9499357], [-87.988547, 41.9500031], [-87.9885398, 41.9501007], [-87.9885315, 41.9501671], [-87.9885102, 41.9502295], [-87.9885006, 41.9502822], [-87.9885107, 41.9503545], [-87.9885232, 41.950425], [-87.9885436, 41.9508674], [-87.9885515, 41.9509467], [-87.9885744, 41.9510333], [-87.9885892, 41.9511135], [-87.9885918, 41.9511918], [-87.9885852, 41.9513204], [-87.9885789, 41.951479], [-87.9885848, 41.9515254], [-87.9886225, 41.9516158], [-87.9886508, 41.9516937], [-87.988659, 41.9517485], [-87.9886752, 41.9518453], [-87.9887031, 41.951949], [-87.9887334, 41.9519996], [-87.9887572, 41.9520231], [-87.9887727, 41.9520383]], [[-87.9815413, 41.931425], [-87.9823192, 41.9314392]], [[-87.9779898, 41.9299015], [-87.9779031, 41.9300748], [-87.9778772, 41.9301671], [-87.9779132, 41.9302677], [-87.9779961, 41.9305085], [-87.9781249, 41.9307959], [-87.9784146, 41.9309874], [-87.9794553, 41.9313147], [-87.9803136, 41.93161], [-87.9806153, 41.9316769], [-87.9807341, 41.9316776], [-87.9808437, 41.9316574], [-87.9809596, 41.9316192], [-87.981273, 41.9314563], [-87.9813508, 41.9314405], [-87.9814194, 41.9314334], [-87.9815413, 41.931425]], [[-87.9525575, 41.863892], [-87.9526332, 41.8639285], [-87.9526432, 41.8639386], [-87.9526504, 41.8639641], [-87.9526312, 41.8640009], [-87.9525089, 41.8641193], [-87.9524885, 41.8641557], [-87.9524833, 41.8641759], [-87.9524682, 41.8642109], [-87.9524504, 41.8642328], [-87.9523906, 41.8642754], [-87.9523021, 41.8643392], [-87.9522221, 41.8643829], [-87.9521752, 41.8644137], [-87.9521343, 41.8644467], [-87.952106, 41.8644989], [-87.9520792, 41.8645378], [-87.951928, 41.8646703], [-87.9518193, 41.8648087], [-87.9517807, 41.864859], [-87.9517669, 41.8648994], [-87.9517734, 41.8649415], [-87.9517921, 41.8649937], [-87.9518222, 41.865033], [-87.9519261, 41.8651298], [-87.9519948, 41.8652038], [-87.9520589, 41.8652742], [-87.9521003, 41.8653299], [-87.9521466, 41.8653856], [-87.9522074, 41.865442], [-87.952289, 41.8655105], [-87.9523412, 41.8655503], [-87.952518, 41.8656872], [-87.9526649, 41.8658112], [-87.952743, 41.8658957]], [[-87.9781969, 41.928927], [-87.9781367, 41.9290295], [-87.9780995, 41.9290989], [-87.9780599, 41.9291721], [-87.9780342, 41.9292392], [-87.9781008, 41.9292769], [-87.978242, 41.9293225], [-87.9783556, 41.9293651]], [[-87.95671, 41.8757313], [-87.9567282, 41.8764573], [-87.9567463, 41.876548], [-87.9567789, 41.8766528], [-87.9567778, 41.8768604], [-87.9566515, 41.8770485], [-87.9565343, 41.8772567], [-87.9564538, 41.8774289], [-87.9564167, 41.8775441], [-87.9563859, 41.8776926], [-87.9563787, 41.8778375], [-87.9564082, 41.8779688], [-87.9564536, 41.8780978], [-87.9565507, 41.8782389], [-87.9566734, 41.8783598], [-87.9570144, 41.8786161], [-87.9573984, 41.8787349], [-87.9577033, 41.8788026], [-87.9578882, 41.8788581], [-87.9580121, 41.878981], [-87.9581356, 41.8795171], [-87.9581176, 41.8798295], [-87.9581311, 41.8804004], [-87.9581537, 41.8807934], [-87.9582021, 41.8811541], [-87.9579771, 41.8811635]], [[-87.9776606, 41.9288264], [-87.9776719, 41.9288384], [-87.9776943, 41.9288504], [-87.9778155, 41.9288785], [-87.9778893, 41.9288902], [-87.9779695, 41.9288948], [-87.978126, 41.928898], [-87.9781581, 41.928903], [-87.9781969, 41.928927]], [[-87.9891879, 41.9824363], [-87.9893634, 41.982384]], [[-87.9570981, 41.8755005], [-87.9571249, 41.8756083], [-87.9570552, 41.8756962], [-87.9569426, 41.8757281], [-87.95671, 41.8757313], [-87.9562173, 41.875738], [-87.955555, 41.875747]], [[-87.9521647, 41.863717], [-87.9522207, 41.8637047], [-87.9522594, 41.8637145], [-87.9524344, 41.8638124], [-87.9525575, 41.863892]], [[-87.9518504, 41.8635889], [-87.9519947, 41.8636446], [-87.9521647, 41.863717]], [[-87.9970938, 42.0130948], [-87.9970962, 42.0131027], [-87.9971723, 42.013132], [-87.9972093, 42.0131516], [-87.9972728, 42.0132188], [-87.9973167, 42.0132653]], [[-87.9887727, 41.9520383], [-87.98878, 41.9521093], [-87.9887838, 41.9521675]], [[-87.9887838, 41.9521675], [-87.9887708, 41.9522073], [-87.9887638, 41.9522287], [-87.988796, 41.9523033], [-87.988843, 41.9528097], [-87.9888475, 41.9528593], [-87.9888482, 41.952867]], [[-87.9888482, 41.952867], [-87.9888527, 41.9529158], [-87.9888568, 41.9529625]], [[-87.9888568, 41.9529625], [-87.9888602, 41.9530008], [-87.9888644, 41.9530491], [-87.9889403, 41.9535137], [-87.9889549, 41.9537092], [-87.9889771, 41.9538709], [-87.9890052, 41.9541195], [-87.988959, 41.9541783], [-87.9889494, 41.9542303], [-87.9889708, 41.9542808], [-87.9890302, 41.954341], [-87.9890341, 41.9543757]], [[-87.9980038, 41.9715883], [-87.9979993, 41.9717285]], [[-87.9980011, 41.9714974], [-87.9980022, 41.9715352], [-87.9980038, 41.9715883]], [[-87.9979935, 41.9709692], [-87.9979992, 41.9712174]], [[-87.9979944, 41.9713426], [-87.9979895, 41.9713992], [-87.9980011, 41.9714974]], [[-87.9979959, 41.9707996], [-87.9979947, 41.9708843], [-87.9979935, 41.9709692]], [[-87.998017, 41.9702064], [-87.9979959, 41.9707996]], [[-87.998021, 41.9701366], [-87.9980181, 41.9701786], [-87.998017, 41.9702064]], [[-87.9979992, 41.9712174], [-87.9979973, 41.9712666], [-87.9979944, 41.9713426]], [[-87.9890341, 41.9543757], [-87.9890716, 41.9546565]], [[-87.9307901, 41.8576389], [-87.9308524, 41.8576732], [-87.9309523, 41.8577423], [-87.9309896, 41.857801], [-87.9310237, 41.8578707], [-87.9310576, 41.8579315], [-87.9311404, 41.8579695], [-87.9312574, 41.8579917], [-87.9313364, 41.8579932]], [[-87.9482845, 41.8612148], [-87.9483159, 41.8613553]], [[-87.9482962, 41.8611484], [-87.9482785, 41.8611882], [-87.9482845, 41.8612148]], [[-87.9486761, 41.8606552], [-87.9485896, 41.8607505]], [[-87.9485896, 41.8607505], [-87.9485063, 41.8608471]]]}}, {"type": "Feature", "properties": {"name": "North Shore Bike Path", "length_mi": 7.6, "osm_source": "way"}, "geometry": {"type": "MultiLineString", "coordinates": [[[-87.9738239, 42.2806511], [-87.9738245, 42.2805572], [-87.9738258, 42.2803397], [-87.9738266, 42.2802151], [-87.9737732, 42.28019], [-87.9737073, 42.2801689], [-87.9736204, 42.2801709], [-87.9730758, 42.2803253], [-87.9718742, 42.2806555], [-87.9709043, 42.2809222], [-87.9695438, 42.2812117], [-87.9694299, 42.2812359], [-87.9693562, 42.2812504], [-87.9685697, 42.2814048], [-87.9670419, 42.2816715], [-87.9654362, 42.2819423], [-87.9653437, 42.2819567], [-87.9645357, 42.2820652], [-87.9632997, 42.2821732], [-87.9618234, 42.2822938], [-87.9607996, 42.282387], [-87.9606791, 42.282398], [-87.9606068, 42.2824021], [-87.9594888, 42.2824653], [-87.9582786, 42.282478], [-87.9572315, 42.2824859], [-87.9563343, 42.2824886], [-87.9558535, 42.2824711], [-87.9557648, 42.2824679], [-87.9557125, 42.2824653], [-87.9555213, 42.2824557], [-87.9539957, 42.28237], [-87.9533428, 42.2823372]], [[-87.8966393, 42.2797932], [-87.8955301, 42.2797814]], [[-87.8970215, 42.2798011], [-87.8966393, 42.2797932]], [[-87.9000873, 42.2798343], [-87.8994596, 42.2798269]], [[-87.8994596, 42.2798269], [-87.89897, 42.2798198], [-87.8987035, 42.2798172]], [[-87.870752, 42.279433], [-87.8704355, 42.2794211]], [[-87.8704355, 42.2794211], [-87.8694528, 42.2794007], [-87.8689464, 42.2794198], [-87.8687245, 42.2794164], [-87.8685258, 42.2794134], [-87.8683198, 42.279407], [-87.8679936, 42.2793848], [-87.8676675, 42.2793943], [-87.8674599, 42.2793873], [-87.8673726, 42.2793863], [-87.8673123, 42.2793856], [-87.867247, 42.2793848], [-87.8669809, 42.2793816], [-87.8663954, 42.2793679], [-87.8661511, 42.2793819], [-87.8660384, 42.2793883], [-87.8654785, 42.2793844], [-87.8650754, 42.2793816], [-87.8642588, 42.2794028]], [[-87.8945727, 42.2797713], [-87.8941998, 42.2797664]], [[-87.8933783, 42.2797664], [-87.8921893, 42.2797436], [-87.8901466, 42.2797246], [-87.8884729, 42.2797055], [-87.887107, 42.2796925], [-87.8868392, 42.2796777], [-87.886582, 42.2796639], [-87.8862366, 42.2796432], [-87.885684, 42.279582], [-87.8854774, 42.2795785], [-87.8848852, 42.2795912], [-87.884044, 42.2796103], [-87.8827136, 42.279623], [-87.8816665, 42.2796166], [-87.8805593, 42.2795976], [-87.8797525, 42.2795849], [-87.8789371, 42.2796039], [-87.8786476, 42.2795895]], [[-87.8955301, 42.2797814], [-87.8954174, 42.2797803]], [[-87.8954174, 42.2797803], [-87.8950992, 42.2797769], [-87.8945727, 42.2797713]], [[-87.9337381, 42.2809556], [-87.933431, 42.2809184], [-87.9332873, 42.2808953], [-87.9332063, 42.2808825], [-87.9331382, 42.2808561], [-87.9330332, 42.2807777], [-87.9329636, 42.2806884], [-87.9328661, 42.2806079], [-87.9327968, 42.2805641], [-87.9327164, 42.2805284]], [[-87.934355, 42.2810322], [-87.9337381, 42.2809556]], [[-87.9051697, 42.2798778], [-87.9050468, 42.2798706], [-87.9042228, 42.2798325], [-87.9030727, 42.2797944], [-87.9008732, 42.2797862], [-87.9007038, 42.2797944], [-87.9003448, 42.2798338], [-87.9002174, 42.2798358], [-87.9000873, 42.2798343]], [[-87.9358277, 42.2808697], [-87.9356424, 42.2808682], [-87.9355011, 42.280881], [-87.9350323, 42.2809893], [-87.9345745, 42.2810523], [-87.934355, 42.2810322]], [[-87.8510055, 42.2794211], [-87.8499598, 42.2794109], [-87.8495572, 42.279407], [-87.8489307, 42.2793816], [-87.8484672, 42.2792419], [-87.8482402, 42.2792195], [-87.8481435, 42.2792133], [-87.8479735, 42.279195], [-87.8477639, 42.2791867], [-87.8475494, 42.279193], [-87.84736, 42.2792483], [-87.8470444, 42.2793134], [-87.8469947, 42.27931], [-87.8469439, 42.2793059], [-87.8466621, 42.2791899], [-87.846588, 42.2791367], [-87.8465339, 42.2790485], [-87.8464961, 42.2789643]], [[-87.8464961, 42.2789643], [-87.8464078, 42.2789656], [-87.8463363, 42.2789665], [-87.8463037, 42.2789581], [-87.8462699, 42.2789342], [-87.8462111, 42.2788088], [-87.8461869, 42.2787898]], [[-87.8571876, 42.2793816], [-87.8561115, 42.2793807], [-87.8552733, 42.2793085], [-87.8544823, 42.2792758]], [[-87.8540047, 42.2792788], [-87.8532477, 42.2792831], [-87.8524408, 42.2793085], [-87.8518829, 42.2793529], [-87.8515314, 42.2793943], [-87.8510055, 42.2794211]], [[-87.8641067, 42.2794018], [-87.8634477, 42.279404], [-87.8630681, 42.2794053], [-87.8627268, 42.2794065], [-87.8626293, 42.279407], [-87.8626094, 42.2794071], [-87.8611444, 42.2794134], [-87.8602688, 42.2794134], [-87.8595651, 42.2794198], [-87.8594724, 42.2794183], [-87.8583549, 42.2794007], [-87.8574584, 42.2793854], [-87.8571876, 42.2793816]], [[-87.8642588, 42.2794028], [-87.8641067, 42.2794018]], [[-87.8544823, 42.2792758], [-87.8540047, 42.2792788]], [[-87.8987035, 42.2798172], [-87.8984945, 42.2798152]], [[-87.8984945, 42.2798152], [-87.8970215, 42.2798011]], [[-87.8941998, 42.2797664], [-87.8933783, 42.2797664]], [[-87.9531016, 42.2823053], [-87.9529435, 42.2823083], [-87.952738, 42.2822792], [-87.9511632, 42.2821224], [-87.9485712, 42.2819001], [-87.9462389, 42.2817007], [-87.9454575, 42.281643], [-87.9451555, 42.2816167], [-87.943619, 42.2814799], [-87.943538, 42.2814601], [-87.9434799, 42.2814341], [-87.9434088, 42.2814136], [-87.9413376, 42.2812239], [-87.940814, 42.2811921], [-87.9404707, 42.2812175], [-87.9397926, 42.2811477], [-87.9391832, 42.2811079], [-87.93889, 42.2810834], [-87.9384593, 42.2810025], [-87.9381962, 42.2809699], [-87.9379454, 42.2809573], [-87.9371061, 42.2809699], [-87.9368751, 42.2809635], [-87.9358277, 42.2808697]], [[-87.9247226, 42.279884], [-87.9246435, 42.279884], [-87.9244289, 42.2799157], [-87.9240513, 42.279903], [-87.9228754, 42.2798713], [-87.9223331, 42.27988], [-87.9220858, 42.279884], [-87.919734, 42.2798903], [-87.9182143, 42.279907], [-87.9174166, 42.2799157], [-87.9171296, 42.2799104], [-87.9171031, 42.2799098]], [[-87.9171031, 42.2799098], [-87.9170583, 42.279908], [-87.9169497, 42.2799021]], [[-87.8782559, 42.2795736], [-87.877787, 42.2795595], [-87.8772205, 42.2795468], [-87.8769287, 42.2795341], [-87.8764995, 42.2795849], [-87.8762428, 42.2795849], [-87.8760789, 42.2795849], [-87.8757013, 42.2795785], [-87.8753837, 42.2795785], [-87.8751873, 42.279572], [-87.8749545, 42.2795722], [-87.8746799, 42.2795341], [-87.8742851, 42.2794896], [-87.8738731, 42.2795023], [-87.8736376, 42.2794868], [-87.8734868, 42.2794642], [-87.8732208, 42.2794769], [-87.8727104, 42.2795257], [-87.8723565, 42.2795053]], [[-87.8786476, 42.2795895], [-87.8784377, 42.2795791], [-87.8782559, 42.2795736]], [[-87.9902517, 42.2724418], [-87.9901749, 42.2724816], [-87.9889717, 42.2731046], [-87.9879417, 42.2736508], [-87.9872551, 42.2740128], [-87.9871644, 42.2740564], [-87.9870834, 42.2740953], [-87.9864826, 42.2743938], [-87.9848604, 42.2752385], [-87.9839677, 42.2756894], [-87.9836845, 42.2758863], [-87.9833927, 42.2760387], [-87.9830322, 42.2762101], [-87.9820537, 42.2767246], [-87.9811353, 42.2772008], [-87.9795646, 42.2779439], [-87.9792299, 42.2781217], [-87.9788711, 42.2782868], [-87.9778187, 42.2787039], [-87.9762854, 42.2792819], [-87.9752044, 42.2796521], [-87.9742631, 42.2799604], [-87.9741619, 42.2800349], [-87.9740914, 42.2801341], [-87.9740951, 42.2803121], [-87.9740961, 42.280361], [-87.9741153, 42.2804129], [-87.9741528, 42.280435]], [[-87.9741528, 42.280435], [-87.974111, 42.280477], [-87.9740767, 42.2805112], [-87.9740822, 42.2805441], [-87.9740499, 42.2805547], [-87.9739969, 42.2805754], [-87.9738882, 42.2806249], [-87.9738239, 42.2806511]], [[-87.9169497, 42.2799021], [-87.9167634, 42.2798905], [-87.9165106, 42.2798919], [-87.9148486, 42.2799087], [-87.9147397, 42.2799108], [-87.912725, 42.2799188], [-87.9121746, 42.279987], [-87.9115301, 42.2799677], [-87.9113644, 42.2799352], [-87.9110978, 42.2799278], [-87.9101537, 42.2799468], [-87.9099149, 42.2799956]], [[-87.9099149, 42.2799956], [-87.9097727, 42.2799956], [-87.9096467, 42.2799946], [-87.9095564, 42.2799906]], [[-87.9327164, 42.2805284], [-87.9325769, 42.2805205], [-87.9321906, 42.2805125], [-87.9308405, 42.280373], [-87.9294415, 42.2802523], [-87.9264451, 42.279988], [-87.9262743, 42.2799729], [-87.9251413, 42.279903], [-87.9250661, 42.2798967]], [[-87.9250661, 42.2798967], [-87.9249125, 42.279891], [-87.9247226, 42.279884]], [[-87.9095564, 42.2799906], [-87.9095112, 42.2799886], [-87.9094414, 42.2799666], [-87.9092782, 42.2799151], [-87.9090551, 42.2799151], [-87.9084199, 42.2799278], [-87.9076904, 42.2799151], [-87.9068149, 42.2799024], [-87.9062141, 42.279896], [-87.9054845, 42.279896]], [[-87.9054845, 42.279896], [-87.9052925, 42.2798849], [-87.9051697, 42.2798778]], [[-87.872017, 42.2794905], [-87.8716903, 42.2794884], [-87.8716217, 42.279487], [-87.8715323, 42.2794746], [-87.871388, 42.2794475], [-87.8712082, 42.2794422], [-87.870752, 42.279433]], [[-87.8723565, 42.2795053], [-87.8721767, 42.2794962], [-87.872017, 42.2794905]]]}}, {"type": "Feature", "properties": {"name": "Green Bay Trail", "length_mi": 7.3, "osm_source": "way"}, "geometry": {"type": "MultiLineString", "coordinates": [[[-87.7959551, 42.1813497], [-87.7958671, 42.1813489], [-87.7958216, 42.1813004], [-87.795787, 42.1812114], [-87.7957841, 42.1811249], [-87.7957343, 42.1808648], [-87.7956017, 42.1806369]], [[-87.7573464, 42.1352326], [-87.7572153, 42.1351761], [-87.7572056, 42.1351719], [-87.7570321, 42.1349607], [-87.7568115, 42.1346921], [-87.7563326, 42.1341089], [-87.7563363, 42.134]], [[-87.7956017, 42.1806369], [-87.7955108, 42.1804912]], [[-87.7628463, 42.1414012], [-87.762691, 42.1412516], [-87.762587, 42.1411515]], [[-87.7534223, 42.1301862], [-87.7534203, 42.1301957], [-87.7534034, 42.1302747]], [[-87.7228559, 42.0937149], [-87.7234916, 42.0945021], [-87.7245618, 42.0957818], [-87.7254979, 42.0968984], [-87.7271541, 42.0988826], [-87.7279172, 42.0997931], [-87.7288426, 42.1008976], [-87.7296472, 42.101822], [-87.7296669, 42.1018459], [-87.7297035, 42.1019112], [-87.7326523, 42.105401], [-87.7335615, 42.1065057], [-87.7342854, 42.1073629], [-87.7345114, 42.1076198], [-87.7347985, 42.1079726], [-87.7351712, 42.1084307], [-87.7352387, 42.1085129], [-87.7365486, 42.1101071], [-87.7380895, 42.1119298], [-87.7406376, 42.1149193], [-87.7413768, 42.1157778], [-87.7416863, 42.1161569], [-87.7423757, 42.117015], [-87.7431159, 42.1178481], [-87.7431673, 42.1179211], [-87.7434236, 42.1182853], [-87.7436585, 42.1185494], [-87.7439742, 42.1189045], [-87.7455071, 42.1207229], [-87.7468375, 42.1223433], [-87.7471342, 42.1226929], [-87.7489578, 42.124841], [-87.7496015, 42.1256328], [-87.7496182, 42.1256693], [-87.749645, 42.1257281]], [[-87.7226735, 42.093489], [-87.7228559, 42.0937149]], [[-87.7167867, 42.0881007], [-87.7168214, 42.0880596], [-87.7168308, 42.0880484], [-87.716875, 42.0879871], [-87.7170553, 42.0878483], [-87.7171006, 42.0877973], [-87.7171477, 42.0877425], [-87.7171793, 42.087677], [-87.717215, 42.0876232], [-87.71724, 42.0875938], [-87.7172556, 42.0875753], [-87.7173482, 42.0874832], [-87.7173784, 42.0874307], [-87.717381, 42.0873943]], [[-87.7077467, 42.0757433], [-87.7078561, 42.0757939], [-87.7079505, 42.0758185], [-87.7080165, 42.0758569], [-87.7080916, 42.0759564], [-87.7082, 42.0760798], [-87.7083035, 42.0762093], [-87.7084403, 42.0763566], [-87.7085031, 42.0764341], [-87.7085127, 42.07649], [-87.7084913, 42.0765457], [-87.7084519, 42.0765603], [-87.7083934, 42.0765651]], [[-87.7155751, 42.085873], [-87.7159909, 42.085442]], [[-87.7201815, 42.0905214], [-87.7202358, 42.0905867], [-87.7202952, 42.0906581], [-87.7205766, 42.0909965], [-87.7214352, 42.092029], [-87.7220277, 42.0928421], [-87.7222332, 42.0930807], [-87.7224416, 42.0932089], [-87.7226735, 42.093489]], [[-87.7135389, 42.0825163], [-87.7159909, 42.085442]], [[-87.7092693, 42.0780561], [-87.7098565, 42.0787441], [-87.709867, 42.0788165], [-87.7098716, 42.0788577]], [[-87.7719708, 42.1522978], [-87.7709291, 42.1510364], [-87.7689751, 42.1487197], [-87.768039, 42.1476369], [-87.7664766, 42.1457387], [-87.7633814, 42.1420337], [-87.7628463, 42.1414012]], [[-87.7529031, 42.1295698], [-87.7530227, 42.1297227], [-87.7534223, 42.1301862]], [[-87.751286, 42.1277269], [-87.7513337, 42.127747], [-87.751383, 42.1277784], [-87.75143, 42.1278213], [-87.7522832, 42.1288399], [-87.7525855, 42.1291885], [-87.7527182, 42.1293338], [-87.7527834, 42.129417], [-87.7529031, 42.1295698]], [[-87.772002, 42.152336], [-87.7719708, 42.1522978]], [[-87.7720562, 42.1524183], [-87.7720187, 42.1523629], [-87.772002, 42.152336]], [[-87.7725356, 42.1534188], [-87.7724929, 42.1533906], [-87.7724589, 42.1533465], [-87.7722044, 42.1530478], [-87.7720484, 42.1528579], [-87.772001, 42.1527895], [-87.7719918, 42.1527547]], [[-87.7719572, 42.1526492], [-87.7719591, 42.152616], [-87.7719806, 42.1525763], [-87.772059, 42.1524733], [-87.7720629, 42.1524542], [-87.7720644, 42.152447], [-87.7720562, 42.1524183]], [[-87.7719918, 42.1527547], [-87.7719693, 42.1527008], [-87.7719572, 42.1526492]], [[-87.7726392, 42.1534858], [-87.7726132, 42.153469], [-87.7725356, 42.1534188]], [[-87.7955108, 42.1804912], [-87.7954513, 42.1804116], [-87.7944226, 42.1790347], [-87.7936595, 42.1781144], [-87.7935085, 42.1779321], [-87.7934733, 42.1778897]], [[-87.7934733, 42.1778897], [-87.7934451, 42.1778577], [-87.7934306, 42.1778412]], [[-87.7934306, 42.1778412], [-87.7931794, 42.177529], [-87.7926993, 42.1769258], [-87.7905334, 42.1743695], [-87.7895079, 42.1731731], [-87.7893871, 42.1730322], [-87.7893492, 42.172988], [-87.7888056, 42.1723165], [-87.7885727, 42.1720288], [-87.7885469, 42.1719982], [-87.7875335, 42.1707973], [-87.7866912, 42.1697989], [-87.7863134, 42.1693512], [-87.7861573, 42.1691662], [-87.7860648, 42.1690678], [-87.785979, 42.1689923], [-87.7858999, 42.1689048], [-87.7858435, 42.1688243], [-87.7857859, 42.1687289], [-87.7857242, 42.1686394], [-87.7853537, 42.1682005], [-87.7853433, 42.1681881], [-87.7852225, 42.1680718], [-87.7852152, 42.1680648], [-87.785088, 42.1679148], [-87.7845681, 42.1672846], [-87.7838904, 42.1665183], [-87.7838609, 42.1665095], [-87.7837915, 42.1664886], [-87.7836743, 42.1664831], [-87.7833428, 42.1660961]], [[-87.7833428, 42.1660961], [-87.7833081, 42.1660556], [-87.7832817, 42.1660241]], [[-87.7832817, 42.1660241], [-87.7831707, 42.1658915], [-87.7829705, 42.1656523], [-87.7829069, 42.165583]], [[-87.7829069, 42.165583], [-87.7827806, 42.1654779], [-87.7826916, 42.1654039], [-87.782668, 42.1653843], [-87.7826437, 42.1653641]], [[-87.7562585, 42.1339037], [-87.7562199, 42.1338637], [-87.7562065, 42.1337824], [-87.7562056, 42.1336384], [-87.7561309, 42.133568]], [[-87.7563363, 42.134], [-87.7562994, 42.133959], [-87.7562585, 42.1339037]], [[-87.7496676, 42.1257911], [-87.749678, 42.1258645], [-87.7497021, 42.1259438], [-87.7497599, 42.126044], [-87.7498295, 42.1261331], [-87.749914, 42.1262654], [-87.7499903, 42.1263704], [-87.7500327, 42.126409], [-87.7500975, 42.1264774], [-87.7501415, 42.1265396], [-87.7501862, 42.1266434], [-87.7502265, 42.126705], [-87.7502734, 42.1267518], [-87.7504035, 42.1268383], [-87.7504799, 42.126893], [-87.7505457, 42.1269587], [-87.7505913, 42.1270074], [-87.750724, 42.1272173], [-87.7507938, 42.127287], [-87.7509104, 42.1273834], [-87.7509912, 42.1274523], [-87.751045, 42.127516], [-87.7510943, 42.127555], [-87.7511623, 42.1275932], [-87.7511939, 42.1276228], [-87.7512283, 42.1276748], [-87.7512507, 42.1277069], [-87.751286, 42.1277269]], [[-87.749645, 42.1257281], [-87.7496561, 42.125759], [-87.7496676, 42.1257911]], [[-87.712563, 42.0815985], [-87.7126178, 42.0816867], [-87.7126954, 42.0817865], [-87.7127686, 42.0818616], [-87.7128268, 42.0819408], [-87.7128858, 42.082108], [-87.7130009, 42.0821934], [-87.7130253, 42.0822115], [-87.7133525, 42.0823946], [-87.7134448, 42.0824549], [-87.7135389, 42.0825163]], [[-87.7124729, 42.0815091], [-87.7125025, 42.0815385], [-87.712563, 42.0815985]], [[-87.7115791, 42.080301], [-87.7116178, 42.0803543], [-87.7116363, 42.0803907], [-87.7116536, 42.0804315], [-87.7116874, 42.0804511], [-87.71189, 42.0805528], [-87.7120363, 42.0807383], [-87.7120543, 42.0808379], [-87.7120811, 42.0809334], [-87.7121026, 42.0810569], [-87.7121992, 42.0811723], [-87.7123295, 42.0812929], [-87.7124073, 42.0814251], [-87.7124256, 42.0814485], [-87.7124729, 42.0815091]], [[-87.7115158, 42.0802176], [-87.7115543, 42.080255], [-87.7115791, 42.080301]], [[-87.7111338, 42.0801624], [-87.7111502, 42.0801628], [-87.7114453, 42.0801628], [-87.7114775, 42.0801688], [-87.7115158, 42.0802176]], [[-87.7109691, 42.0801582], [-87.7110648, 42.0801606], [-87.7111338, 42.0801624]], [[-87.7099875, 42.0792069], [-87.7100026, 42.0792486], [-87.7100861, 42.0792916], [-87.7101673, 42.0792838], [-87.7102538, 42.0793215], [-87.710941, 42.0800235], [-87.7109544, 42.0800533], [-87.7109437, 42.080133], [-87.7109691, 42.0801582]], [[-87.7099789, 42.079133], [-87.7099821, 42.0791607], [-87.7099875, 42.0792069]], [[-87.7098716, 42.0788577], [-87.7099139, 42.0789168], [-87.7099855, 42.0790171]], [[-87.7099855, 42.0790171], [-87.7099789, 42.079133]], [[-87.7083792, 42.0770044], [-87.7089716, 42.0777021]], [[-87.7082685, 42.0767632], [-87.7082697, 42.0767762], [-87.7082767, 42.0768503], [-87.708281, 42.0768888], [-87.7083093, 42.0769222]], [[-87.7083093, 42.0769222], [-87.7083376, 42.0769555], [-87.7083792, 42.0770044]], [[-87.7090398, 42.0777871], [-87.7092133, 42.0779904]], [[-87.7092133, 42.0779904], [-87.709241, 42.0780229], [-87.7092693, 42.0780561]], [[-87.7089716, 42.0777021], [-87.7089916, 42.0777256], [-87.7090307, 42.0777755], [-87.7090398, 42.0777871]], [[-87.7082752, 42.0766458], [-87.7082724, 42.0766944], [-87.7082685, 42.0767632]], [[-87.7083008, 42.0765676], [-87.7082831, 42.0765974], [-87.7082752, 42.0766458]], [[-87.7083934, 42.0765651], [-87.70836, 42.076566], [-87.7083008, 42.0765676]], [[-87.7071703, 42.0751473], [-87.7072839, 42.0751589], [-87.7073105, 42.0751775], [-87.7073617, 42.0752316], [-87.7074395, 42.0753321], [-87.7074938, 42.0754005], [-87.7075112, 42.0754224], [-87.7076154, 42.0755535]], [[-87.7076704, 42.0756479], [-87.707694, 42.075675], [-87.7077467, 42.0757433]], [[-87.7076154, 42.0755535], [-87.7076401, 42.0755986]], [[-87.7076516, 42.0756174], [-87.7076704, 42.0756479]], [[-87.7749464, 42.1558999], [-87.7747647, 42.1556317], [-87.7746886, 42.1555352], [-87.7743717, 42.1552022], [-87.7743159, 42.1551302], [-87.7742001, 42.1549805], [-87.774066, 42.1547936], [-87.7736673, 42.1543197], [-87.7732036, 42.1537686], [-87.7730578, 42.1536099], [-87.7730128, 42.153607], [-87.7727975, 42.1535933], [-87.7727186, 42.1535386], [-87.7726392, 42.1534858]], [[-87.7826437, 42.1653641], [-87.7824112, 42.1651], [-87.7823969, 42.1650838], [-87.7823862, 42.165058], [-87.7823862, 42.1650361], [-87.7823915, 42.1650162], [-87.782372, 42.1649926], [-87.7821233, 42.1646922], [-87.7821002, 42.1646654], [-87.7820304, 42.1645845], [-87.7819825, 42.1645291], [-87.7819637, 42.1644844], [-87.781957, 42.1644327], [-87.781953, 42.164383], [-87.7819349, 42.1643344], [-87.7819275, 42.1643144], [-87.7818511, 42.1641812], [-87.7817475, 42.1640625], [-87.7816405, 42.1639436], [-87.7815372, 42.1638174], [-87.7812667, 42.1634669], [-87.7812312, 42.1634209], [-87.7811011, 42.163226], [-87.7810746, 42.1631862], [-87.7809824, 42.1630477], [-87.7807889, 42.1627975], [-87.7806106, 42.1625767], [-87.7801898, 42.1620863], [-87.7800465, 42.1619028], [-87.7798314, 42.1616535], [-87.7796412, 42.1614529], [-87.7795263, 42.1613416], [-87.7794378, 42.1612162], [-87.779369, 42.1611322], [-87.7790635, 42.1607592], [-87.7790378, 42.1607291], [-87.7789689, 42.1607125]], [[-87.7076401, 42.0755986], [-87.7076516, 42.0756174]]]}}, {"type": "Feature", "properties": {"name": "Sauk Trail", "length_mi": 1.9, "osm_source": "way"}, "geometry": {"type": "MultiLineString", "coordinates": [[[-87.7904586, 41.4848829], [-87.7911029, 41.484923], [-87.7914932, 41.4849556], [-87.7921905, 41.485036], [-87.7930274, 41.4854137], [-87.79439, 41.4861933], [-87.7957847, 41.4869488], [-87.7966752, 41.4873748], [-87.7969327, 41.4874632], [-87.7971151, 41.4875034], [-87.7973404, 41.4875275], [-87.7975335, 41.4875275], [-87.7978017, 41.4875034], [-87.7996685, 41.4871337], [-87.8001406, 41.4871498], [-87.8005054, 41.4872141], [-87.8008487, 41.4873507], [-87.8012886, 41.4875114], [-87.8016748, 41.4876239], [-87.8020182, 41.4877204], [-87.8023508, 41.4877606], [-87.802973, 41.4877927], [-87.8037455, 41.4877365], [-87.8041532, 41.4877445], [-87.8044965, 41.4878168], [-87.8048828, 41.4879856], [-87.8051081, 41.4881544], [-87.8052475, 41.4882106], [-87.8054943, 41.4882347], [-87.8058052, 41.4882593], [-87.8067912, 41.4883375], [-87.8079611, 41.4884302], [-87.8086141, 41.488482], [-87.8095873, 41.4885591], [-87.8097424, 41.4885528], [-87.8097779, 41.4885358], [-87.8097848, 41.4885163], [-87.8097831, 41.4884793], [-87.8097701, 41.4884123], [-87.8097614, 41.4883304], [-87.8097623, 41.4882387], [-87.8097631, 41.4879176], [-87.8097656, 41.4874799], [-87.8097664, 41.4871139], [-87.8097586, 41.4869975], [-87.8097591, 41.4869505], [-87.8097599, 41.4868696], [-87.8097604, 41.4868233], [-87.8097578, 41.4867537], [-87.8097604, 41.4867264], [-87.8097682, 41.4866998], [-87.8097881, 41.4866738], [-87.8098064, 41.4866536], [-87.809822, 41.4866257], [-87.8098237, 41.4866003], [-87.8098194, 41.486547], [-87.8098237, 41.4863292], [-87.8098269, 41.4858153], [-87.80983, 41.4854403], [-87.8098269, 41.4853251], [-87.80983, 41.4852687], [-87.80983, 41.4852053], [-87.8098166, 41.4851388], [-87.8098011, 41.4850654], [-87.809797, 41.4849672], [-87.8098001, 41.4848651], [-87.8098042, 41.4847793], [-87.8098083, 41.4846911], [-87.8097998, 41.4846554], [-87.8097825, 41.4846235], [-87.8097592, 41.4846052], [-87.8097518, 41.4844636], [-87.8097451, 41.4843615], [-87.8097456, 41.4843186], [-87.8097464, 41.4842463], [-87.8097474, 41.4840213], [-87.8097464, 41.4837755], [-87.8097491, 41.4835862], [-87.80975, 41.4834517], [-87.809749, 41.4834184], [-87.8097473, 41.4833656], [-87.8097518, 41.4832312], [-87.8097494, 41.4831601], [-87.8097532, 41.4829191], [-87.8097509, 41.4826889], [-87.8097532, 41.4822752], [-87.8097562, 41.4818279], [-87.8097608, 41.4814835], [-87.8097615, 41.4813124], [-87.8097615, 41.4810464], [-87.8097638, 41.4808321], [-87.8097615, 41.4805383], [-87.8097638, 41.4802467], [-87.8097631, 41.4801376], [-87.8097516, 41.4800051], [-87.8097631, 41.4798421], [-87.8097684, 41.4796619], [-87.8097729, 41.479455], [-87.8097729, 41.4792339], [-87.8097691, 41.4791458], [-87.8097896, 41.4790054], [-87.8097782, 41.4787172], [-87.8097858, 41.4786166], [-87.8097995, 41.478557], [-87.8097775, 41.4783853], [-87.8097805, 41.4782535], [-87.8097851, 41.4781432], [-87.8097797, 41.4780238], [-87.8097775, 41.4778471], [-87.8097638, 41.4777783], [-87.8097631, 41.4777045], [-87.8097684, 41.4776163], [-87.8097729, 41.4773452], [-87.8097805, 41.4772969], [-87.8097957, 41.47724], [-87.8098048, 41.4772207]]]}}, {"type": "Feature", "properties": {"name": "Deer Grove Trail", "length_mi": 1.2, "osm_source": "relation"}, "geometry": {"type": "MultiLineString", "coordinates": [[[-88.0632398, 42.1374082], [-88.0643119, 42.1377996], [-88.0646407, 42.1380265], [-88.0650017, 42.1385359], [-88.0650889, 42.1386076], [-88.0657073, 42.1391159]], [[-88.0657073, 42.1391159], [-88.0657223, 42.1391603], [-88.0657898, 42.1391899], [-88.0659656, 42.139232], [-88.0660744, 42.1392306], [-88.0661396, 42.1392297], [-88.0663802, 42.1391757], [-88.0665897, 42.139131], [-88.066708, 42.1390987], [-88.0668395, 42.1390957], [-88.0669669, 42.1391027], [-88.0670538, 42.1391202], [-88.0671254, 42.1391594], [-88.0673213, 42.1393227], [-88.067356, 42.1394237], [-88.0673553, 42.1395542], [-88.0672423, 42.140032], [-88.0672343, 42.1401413], [-88.0672426, 42.1402264]], [[-88.0672426, 42.1402264], [-88.0667087, 42.1403788], [-88.0664083, 42.1404875], [-88.066262, 42.1406221], [-88.0661945, 42.1407609], [-88.0662052, 42.1409271], [-88.0663947, 42.1412687], [-88.0664086, 42.1414804], [-88.066412, 42.141561], [-88.0664176, 42.141693], [-88.0663912, 42.1418349], [-88.0662618, 42.1420412], [-88.066015, 42.1423822], [-88.0658159, 42.1426678], [-88.0656926, 42.1428499], [-88.0655562, 42.1430388], [-88.0654714, 42.1431192], [-88.0654237, 42.143151], [-88.0653623, 42.143182], [-88.0653024, 42.1432028], [-88.0651811, 42.1432322], [-88.0650193, 42.143257], [-88.0649175, 42.1432657], [-88.0648127, 42.1432698], [-88.0646808, 42.1432587], [-88.0645204, 42.1432363], [-88.0642535, 42.1431731], [-88.0640954, 42.1431662], [-88.0639404, 42.1431707], [-88.0637182, 42.1431962], [-88.0636256, 42.1431975], [-88.0635576, 42.1431896], [-88.063186, 42.1431405], [-88.063078, 42.1431081], [-88.0629439, 42.1431452]], [[-88.0629439, 42.1431452], [-88.0628365, 42.1431739], [-88.0627663, 42.143219], [-88.0627042, 42.1432731], [-88.0626467, 42.1433662], [-88.0624792, 42.1435531], [-88.062375, 42.1436319], [-88.0622586, 42.1437047], [-88.0620181, 42.1437935], [-88.0618588, 42.1438278], [-88.0616953, 42.1438471], [-88.0614597, 42.1438551], [-88.0613759, 42.1438567], [-88.0612785, 42.1438549], [-88.0611851, 42.1438652], [-88.0610758, 42.1438807], [-88.0609827, 42.1439052], [-88.0607628, 42.1440003], [-88.060323, 42.1441992], [-88.0595354, 42.1444753], [-88.0592567, 42.1446447], [-88.0591359, 42.1447107], [-88.059014, 42.1447401], [-88.0587847, 42.1447355], [-88.0585825, 42.1446456], [-88.0583679, 42.1444269], [-88.0582674, 42.1442031]], [[-88.0582674, 42.1442031], [-88.0582121, 42.1441348], [-88.058113, 42.1439853], [-88.0579762, 42.1438891], [-88.0579582, 42.1438769], [-88.0577822, 42.1438511], [-88.0576144, 42.1438265], [-88.0571487, 42.1438137]], [[-88.0571487, 42.1438137], [-88.0562002, 42.1437875], [-88.0558754, 42.1437497], [-88.0554168, 42.1435828], [-88.0552304, 42.1434504], [-88.0549388, 42.143171]]]}}]}